transaction_id,date,store_id,product_id,quantity_sold,sales_amount
TXN000001,2026-05-08,1,18,1,20.0
TXN000001,2026-05-08,1,30,2,80.0
TXN000001,2026-05-08,1,41,1,90.0
TXN000001,2026-05-08,1,54,2,70.0
TXN000004,2026-05-08,1,15,2,220.0
TXN000004,2026-05-08,1,21,1,310.0
TXN000004,2026-05-08,1,54,1,35.0
TXN000004,2026-05-08,1,50,1,260.0
TXN000005,2026-05-08,1,59,1,35.0
TXN000006,2026-05-08,1,42,2,1240.0
TXN000006,2026-05-08,1,32,1,120.0
TXN000007,2026-05-08,1,48,2,48.0
TXN000007,2026-05-08,1,36,1,105.0
TXN000008,2026-05-08,1,58,1,25.0
TXN000008,2026-05-08,1,24,1,50.0
TXN000009,2026-05-08,1,56,1,120.0
TXN000011,2026-05-08,1,25,1,280.0
TXN000011,2026-05-08,1,30,1,40.0
TXN000013,2026-05-08,1,50,1,260.0
TXN000013,2026-05-08,1,42,2,1240.0
TXN000013,2026-05-08,1,22,2,60.0
TXN000014,2026-05-08,1,1,3,192.0
TXN000014,2026-05-08,1,47,1,165.0
TXN000014,2026-05-08,1,57,1,90.0
TXN000014,2026-05-08,1,17,2,90.0
TXN000015,2026-05-08,1,54,1,35.0
TXN000015,2026-05-08,1,33,1,85.0
TXN000016,2026-05-08,1,1,4,256.0
TXN000016,2026-05-08,1,39,1,140.0
TXN000016,2026-05-08,1,21,2,620.0
TXN000016,2026-05-08,1,32,1,120.0
TXN000017,2026-05-08,1,16,1,120.0
TXN000017,2026-05-08,1,4,1,140.0
TXN000017,2026-05-08,1,57,1,90.0
TXN000018,2026-05-08,1,9,3,120.0
TXN000018,2026-05-08,1,43,2,480.0
TXN000018,2026-05-08,1,36,3,315.0
TXN000019,2026-05-08,1,46,1,48.0
TXN000020,2026-05-08,1,29,1,95.0
TXN000020,2026-05-08,1,58,1,25.0
TXN000020,2026-05-08,1,34,1,190.0
TXN000022,2026-05-08,1,15,1,110.0
TXN000022,2026-05-08,1,1,2,128.0
TXN000022,2026-05-08,1,5,1,95.0
TXN000022,2026-05-08,1,46,2,96.0
TXN000023,2026-05-08,1,14,1,80.0
TXN000023,2026-05-08,1,35,1,145.0
TXN000023,2026-05-08,1,9,2,80.0
TXN000024,2026-05-08,1,13,1,60.0
TXN000024,2026-05-08,1,7,1,130.0
TXN000024,2026-05-08,1,43,2,480.0
TXN000024,2026-05-08,1,28,1,75.0
TXN000025,2026-05-08,1,4,1,140.0
TXN000026,2026-05-08,1,47,1,165.0
TXN000026,2026-05-08,1,22,2,60.0
TXN000026,2026-05-08,1,52,1,50.0
TXN000026,2026-05-08,1,56,1,120.0
TXN000027,2026-05-08,1,18,1,20.0
TXN000027,2026-05-08,1,30,3,120.0
TXN000028,2026-05-08,1,52,2,100.0
TXN000028,2026-05-08,1,56,1,120.0
TXN000028,2026-05-08,1,55,1,30.0
TXN000028,2026-05-08,1,36,2,210.0
TXN000029,2026-05-08,1,60,1,40.0
TXN000030,2026-05-08,1,32,1,120.0
TXN000030,2026-05-08,1,14,1,80.0
TXN000030,2026-05-08,1,56,1,120.0
TXN000031,2026-05-08,1,17,2,90.0
TXN000031,2026-05-08,1,60,2,80.0
TXN000031,2026-05-08,1,51,1,180.0
TXN000032,2026-05-08,1,10,2,90.0
TXN000032,2026-05-08,1,14,1,80.0
TXN000035,2026-05-08,2,55,1,30.0
TXN000036,2026-05-08,2,8,2,168.0
TXN000037,2026-05-08,2,16,2,240.0
TXN000037,2026-05-08,2,39,1,140.0
TXN000037,2026-05-08,2,40,1,65.0
TXN000038,2026-05-08,2,16,2,240.0
TXN000038,2026-05-08,2,17,3,135.0
TXN000040,2026-05-08,2,5,1,95.0
TXN000041,2026-05-08,2,14,1,80.0
TXN000041,2026-05-08,2,33,1,85.0
TXN000041,2026-05-08,2,17,2,90.0
TXN000041,2026-05-08,2,9,2,80.0
TXN000042,2026-05-08,2,40,1,65.0
TXN000042,2026-05-08,2,42,1,620.0
TXN000043,2026-05-08,2,20,1,220.0
TXN000043,2026-05-08,2,60,1,40.0
TXN000043,2026-05-08,2,43,1,240.0
TXN000043,2026-05-08,2,7,1,130.0
TXN000043,2026-05-08,2,57,1,90.0
TXN000044,2026-05-08,2,14,1,80.0
TXN000044,2026-05-08,2,46,1,48.0
TXN000044,2026-05-08,2,22,1,30.0
TXN000044,2026-05-08,2,44,1,580.0
TXN000044,2026-05-08,2,41,2,180.0
TXN000045,2026-05-08,2,54,1,35.0
TXN000045,2026-05-08,2,18,1,20.0
TXN000045,2026-05-08,2,3,1,115.0
TXN000045,2026-05-08,2,1,2,128.0
TXN000046,2026-05-08,2,36,3,315.0
TXN000046,2026-05-08,2,46,2,96.0
TXN000046,2026-05-08,2,1,2,128.0
TXN000047,2026-05-08,2,36,2,210.0
TXN000047,2026-05-08,2,10,2,90.0
TXN000048,2026-05-08,2,58,1,25.0
TXN000049,2026-05-08,2,16,1,120.0
TXN000050,2026-05-08,2,40,2,130.0
TXN000050,2026-05-08,2,48,1,24.0
TXN000050,2026-05-08,2,10,2,90.0
TXN000050,2026-05-08,2,60,1,40.0
TXN000051,2026-05-08,2,12,2,180.0
TXN000051,2026-05-08,2,48,2,48.0
TXN000052,2026-05-08,2,18,1,20.0
TXN000053,2026-05-08,2,55,1,30.0
TXN000054,2026-05-08,2,23,1,25.0
TXN000054,2026-05-08,2,53,1,40.0
TXN000054,2026-05-08,2,51,2,360.0
TXN000055,2026-05-08,2,22,2,60.0
TXN000055,2026-05-08,2,18,1,20.0
TXN000056,2026-05-08,2,22,2,60.0
TXN000056,2026-05-08,2,2,2,70.0
TXN000056,2026-05-08,2,8,1,84.0
TXN000056,2026-05-08,2,57,1,90.0
TXN000056,2026-05-08,2,17,1,45.0
TXN000057,2026-05-08,2,28,1,75.0
TXN000057,2026-05-08,2,39,1,140.0
TXN000057,2026-05-08,2,33,1,85.0
TXN000058,2026-05-08,2,46,1,48.0
TXN000059,2026-05-08,2,1,1,64.0
TXN000059,2026-05-08,2,52,1,50.0
TXN000060,2026-05-08,2,43,1,240.0
TXN000061,2026-05-08,2,40,1,65.0
TXN000061,2026-05-08,2,43,1,240.0
TXN000062,2026-05-08,2,21,1,310.0
TXN000062,2026-05-08,2,45,2,270.0
TXN000062,2026-05-08,2,19,1,110.0
TXN000063,2026-05-08,2,48,1,24.0
TXN000063,2026-05-08,2,58,1,25.0
TXN000063,2026-05-08,2,12,1,90.0
TXN000064,2026-05-08,3,39,1,140.0
TXN000064,2026-05-08,3,42,1,620.0
TXN000064,2026-05-08,3,21,1,310.0
TXN000064,2026-05-08,3,29,1,95.0
TXN000065,2026-05-08,3,43,1,240.0
TXN000065,2026-05-08,3,6,2,60.0
TXN000066,2026-05-08,3,22,1,30.0
TXN000066,2026-05-08,3,6,1,30.0
TXN000066,2026-05-08,3,53,1,40.0
TXN000066,2026-05-08,3,49,1,85.0
TXN000066,2026-05-08,3,16,1,120.0
TXN000067,2026-05-08,3,30,2,80.0
TXN000068,2026-05-08,3,41,1,90.0
TXN000068,2026-05-08,3,37,1,160.0
TXN000070,2026-05-08,3,15,1,110.0
TXN000070,2026-05-08,3,12,1,90.0
TXN000070,2026-05-08,3,52,1,50.0
TXN000070,2026-05-08,3,45,2,270.0
TXN000071,2026-05-08,3,9,1,40.0
TXN000071,2026-05-08,3,52,1,50.0
TXN000071,2026-05-08,3,30,1,40.0
TXN000071,2026-05-08,3,43,2,480.0
TXN000072,2026-05-08,3,53,1,40.0
TXN000072,2026-05-08,3,58,1,25.0
TXN000073,2026-05-08,3,17,2,90.0
TXN000073,2026-05-08,3,16,1,120.0
TXN000074,2026-05-08,3,29,2,190.0
TXN000075,2026-05-08,3,22,1,30.0
TXN000075,2026-05-08,3,58,1,25.0
TXN000076,2026-05-08,3,25,1,280.0
TXN000076,2026-05-08,3,45,1,135.0
TXN000077,2026-05-08,3,27,1,40.0
TXN000077,2026-05-08,3,22,1,30.0
TXN000077,2026-05-08,3,30,2,80.0
TXN000078,2026-05-08,3,2,1,35.0
TXN000078,2026-05-08,3,55,1,30.0
TXN000079,2026-05-08,3,35,1,145.0
TXN000079,2026-05-08,3,48,2,48.0
TXN000079,2026-05-08,3,39,1,140.0
TXN000080,2026-05-08,3,22,2,60.0
TXN000080,2026-05-08,3,43,1,240.0
TXN000080,2026-05-08,3,52,1,50.0
TXN000081,2026-05-08,3,40,1,65.0
TXN000082,2026-05-08,3,6,1,30.0
TXN000083,2026-05-08,3,9,2,80.0
TXN000083,2026-05-08,3,56,1,120.0
TXN000083,2026-05-08,3,30,1,40.0
TXN000084,2026-05-08,3,18,2,40.0
TXN000084,2026-05-08,3,49,1,85.0
TXN000084,2026-05-08,3,54,1,35.0
TXN000084,2026-05-08,3,27,2,80.0
TXN000085,2026-05-08,3,15,1,110.0
TXN000085,2026-05-08,3,42,1,620.0
TXN000086,2026-05-08,3,16,1,120.0
TXN000087,2026-05-08,3,16,1,120.0
TXN000087,2026-05-08,3,9,1,40.0
TXN000088,2026-05-08,3,30,1,40.0
TXN000088,2026-05-08,3,45,1,135.0
TXN000089,2026-05-08,3,39,1,140.0
TXN000089,2026-05-08,3,48,2,48.0
TXN000089,2026-05-08,3,8,1,84.0
TXN000089,2026-05-08,3,50,1,260.0
TXN000092,2026-05-08,3,7,1,130.0
TXN000093,2026-05-08,3,52,1,50.0
TXN000093,2026-05-08,3,8,2,168.0
TXN000093,2026-05-08,3,51,1,180.0
TXN000094,2026-05-08,3,7,1,130.0
TXN000094,2026-05-08,3,41,1,90.0
TXN000095,2026-05-08,3,42,1,620.0
TXN000095,2026-05-08,3,40,1,65.0
TXN000095,2026-05-08,3,52,1,50.0
TXN000096,2026-05-09,1,55,2,60.0
TXN000096,2026-05-09,1,16,1,120.0
TXN000096,2026-05-09,1,54,1,35.0
TXN000097,2026-05-09,1,40,1,65.0
TXN000097,2026-05-09,1,43,1,240.0
TXN000097,2026-05-09,1,25,2,560.0
TXN000097,2026-05-09,1,22,1,30.0
TXN000097,2026-05-09,1,2,2,70.0
TXN000098,2026-05-09,1,22,1,30.0
TXN000098,2026-05-09,1,18,1,20.0
TXN000099,2026-05-09,1,6,1,30.0
TXN000099,2026-05-09,1,16,1,120.0
TXN000100,2026-05-09,1,45,1,135.0
TXN000101,2026-05-09,1,29,2,190.0
TXN000101,2026-05-09,1,51,2,360.0
TXN000101,2026-05-09,1,2,2,70.0
TXN000101,2026-05-09,1,6,3,90.0
TXN000102,2026-05-09,1,31,1,175.0
TXN000102,2026-05-09,1,36,3,315.0
TXN000103,2026-05-09,1,18,1,20.0
TXN000103,2026-05-09,1,20,1,220.0
TXN000103,2026-05-09,1,17,3,135.0
TXN000103,2026-05-09,1,15,2,220.0
TXN000104,2026-05-09,1,49,1,85.0
TXN000104,2026-05-09,1,45,1,135.0
TXN000105,2026-05-09,1,15,1,110.0
TXN000106,2026-05-09,1,9,3,120.0
TXN000106,2026-05-09,1,18,1,20.0
TXN000106,2026-05-09,1,3,2,230.0
TXN000106,2026-05-09,1,36,1,105.0
TXN000107,2026-05-09,1,56,1,120.0
TXN000108,2026-05-09,1,29,2,190.0
TXN000108,2026-05-09,1,22,2,60.0
TXN000108,2026-05-09,1,12,2,180.0
TXN000108,2026-05-09,1,4,1,140.0
TXN000109,2026-05-09,1,5,1,95.0
TXN000109,2026-05-09,1,37,1,160.0
TXN000109,2026-05-09,1,41,1,90.0
TXN000109,2026-05-09,1,44,1,580.0
TXN000110,2026-05-09,1,8,3,252.0
TXN000110,2026-05-09,1,36,2,210.0
TXN000111,2026-05-09,1,15,1,110.0
TXN000111,2026-05-09,1,50,2,520.0
TXN000111,2026-05-09,1,25,1,280.0
TXN000111,2026-05-09,1,29,1,95.0
TXN000112,2026-05-09,1,40,1,65.0
TXN000113,2026-05-09,1,49,1,85.0
TXN000114,2026-05-09,1,11,1,35.0
TXN000115,2026-05-09,1,12,1,90.0
TXN000115,2026-05-09,1,36,2,210.0
TXN000116,2026-05-09,1,45,2,270.0
TXN000116,2026-05-09,1,39,1,140.0
TXN000116,2026-05-09,1,31,1,175.0
TXN000116,2026-05-09,1,19,1,110.0
TXN000117,2026-05-09,1,60,1,40.0
TXN000117,2026-05-09,1,17,3,135.0
TXN000118,2026-05-09,1,8,1,84.0
TXN000119,2026-05-09,1,53,2,80.0
TXN000119,2026-05-09,1,10,2,90.0
TXN000119,2026-05-09,1,5,1,95.0
TXN000120,2026-05-09,1,48,1,24.0
TXN000120,2026-05-09,1,53,2,80.0
TXN000120,2026-05-09,1,37,1,160.0
TXN000120,2026-05-09,1,19,1,110.0
TXN000121,2026-05-09,1,32,2,240.0
TXN000121,2026-05-09,1,29,1,95.0
TXN000121,2026-05-09,1,6,2,60.0
TXN000121,2026-05-09,1,39,1,140.0
TXN000121,2026-05-09,1,3,1,115.0
TXN000122,2026-05-09,1,2,2,70.0
TXN000122,2026-05-09,1,49,2,170.0
TXN000122,2026-05-09,1,53,2,80.0
TXN000123,2026-05-09,1,18,2,40.0
TXN000123,2026-05-09,1,12,2,180.0
TXN000124,2026-05-09,1,43,1,240.0
TXN000124,2026-05-09,1,7,2,260.0
TXN000124,2026-05-09,1,55,2,60.0
TXN000125,2026-05-09,1,19,1,110.0
TXN000125,2026-05-09,1,43,1,240.0
TXN000125,2026-05-09,1,26,1,450.0
TXN000125,2026-05-09,1,53,2,80.0
TXN000126,2026-05-09,1,56,1,120.0
TXN000126,2026-05-09,1,33,1,85.0
TXN000126,2026-05-09,1,53,1,40.0
TXN000126,2026-05-09,1,1,3,192.0
TXN000127,2026-05-09,1,40,1,65.0
TXN000127,2026-05-09,1,32,1,120.0
TXN000128,2026-05-09,1,18,2,40.0
TXN000128,2026-05-09,1,36,2,210.0
TXN000129,2026-05-09,1,8,2,168.0
TXN000129,2026-05-09,1,2,1,35.0
TXN000129,2026-05-09,1,41,1,90.0
TXN000129,2026-05-09,1,39,1,140.0
TXN000130,2026-05-09,1,6,3,90.0
TXN000130,2026-05-09,1,15,2,220.0
TXN000130,2026-05-09,1,54,1,35.0
TXN000130,2026-05-09,1,59,1,35.0
TXN000131,2026-05-09,1,33,1,85.0
TXN000131,2026-05-09,1,46,2,96.0
TXN000131,2026-05-09,1,18,1,20.0
TXN000132,2026-05-09,1,25,2,560.0
TXN000132,2026-05-09,1,13,1,60.0
TXN000133,2026-05-09,1,5,1,95.0
TXN000134,2026-05-09,1,22,3,90.0
TXN000134,2026-05-09,1,60,1,40.0
TXN000134,2026-05-09,1,51,2,360.0
TXN000134,2026-05-09,1,33,1,85.0
TXN000135,2026-05-09,1,32,1,120.0
TXN000135,2026-05-09,1,56,1,120.0
TXN000135,2026-05-09,1,10,1,45.0
TXN000135,2026-05-09,1,29,2,190.0
TXN000136,2026-05-09,1,60,1,40.0
TXN000136,2026-05-09,1,21,1,310.0
TXN000136,2026-05-09,1,13,2,120.0
TXN000137,2026-05-09,1,48,1,24.0
TXN000138,2026-05-09,1,32,2,240.0
TXN000138,2026-05-09,1,3,2,230.0
TXN000139,2026-05-09,1,56,2,240.0
TXN000139,2026-05-09,1,7,1,130.0
TXN000139,2026-05-09,1,55,2,60.0
TXN000140,2026-05-09,1,1,4,256.0
TXN000140,2026-05-09,1,10,2,90.0
TXN000140,2026-05-09,1,27,2,80.0
TXN000141,2026-05-09,1,22,1,30.0
TXN000141,2026-05-09,1,40,1,65.0
TXN000141,2026-05-09,1,45,1,135.0
TXN000142,2026-05-09,1,25,2,560.0
TXN000142,2026-05-09,1,21,1,310.0
TXN000142,2026-05-09,1,46,2,96.0
TXN000142,2026-05-09,1,57,1,90.0
TXN000143,2026-05-09,2,48,1,24.0
TXN000143,2026-05-09,2,6,2,60.0
TXN000144,2026-05-09,2,29,2,190.0
TXN000145,2026-05-09,2,3,1,115.0
TXN000146,2026-05-09,2,51,1,180.0
TXN000146,2026-05-09,2,4,1,140.0
TXN000146,2026-05-09,2,19,1,110.0
TXN000147,2026-05-09,2,11,1,35.0
TXN000147,2026-05-09,2,12,2,180.0
TXN000148,2026-05-09,2,44,1,580.0
TXN000148,2026-05-09,2,16,2,240.0
TXN000148,2026-05-09,2,32,1,120.0
TXN000148,2026-05-09,2,59,1,35.0
TXN000149,2026-05-09,2,58,1,25.0
TXN000150,2026-05-09,2,29,3,285.0
TXN000150,2026-05-09,2,23,1,25.0
TXN000151,2026-05-09,2,55,1,30.0
TXN000151,2026-05-09,2,31,1,175.0
TXN000151,2026-05-09,2,7,1,130.0
TXN000151,2026-05-09,2,16,2,240.0
TXN000152,2026-05-09,2,2,1,35.0
TXN000152,2026-05-09,2,54,1,35.0
TXN000152,2026-05-09,2,43,2,480.0
TXN000154,2026-05-09,2,48,2,48.0
TXN000154,2026-05-09,2,32,1,120.0
TXN000154,2026-05-09,2,54,1,35.0
TXN000154,2026-05-09,2,58,1,25.0
TXN000154,2026-05-09,2,19,1,110.0
TXN000155,2026-05-09,2,41,1,90.0
TXN000155,2026-05-09,2,7,2,260.0
TXN000156,2026-05-09,2,51,1,180.0
TXN000156,2026-05-09,2,29,1,95.0
TXN000158,2026-05-09,2,13,2,120.0
TXN000158,2026-05-09,2,9,3,120.0
TXN000159,2026-05-09,2,59,1,35.0
TXN000160,2026-05-09,2,52,2,100.0
TXN000160,2026-05-09,2,48,2,48.0
TXN000160,2026-05-09,2,56,1,120.0
TXN000161,2026-05-09,2,56,1,120.0
TXN000162,2026-05-09,2,55,2,60.0
TXN000162,2026-05-09,2,52,2,100.0
TXN000162,2026-05-09,2,36,2,210.0
TXN000162,2026-05-09,2,24,1,50.0
TXN000163,2026-05-09,2,48,2,48.0
TXN000163,2026-05-09,2,17,1,45.0
TXN000164,2026-05-09,2,44,1,580.0
TXN000165,2026-05-09,2,40,1,65.0
TXN000166,2026-05-09,2,15,1,110.0
TXN000166,2026-05-09,2,42,1,620.0
TXN000166,2026-05-09,2,5,1,95.0
TXN000166,2026-05-09,2,41,1,90.0
TXN000166,2026-05-09,2,53,1,40.0
TXN000168,2026-05-09,2,16,2,240.0
TXN000169,2026-05-09,2,9,3,120.0
TXN000169,2026-05-09,2,25,1,280.0
TXN000169,2026-05-09,2,30,1,40.0
TXN000169,2026-05-09,2,24,1,50.0
TXN000169,2026-05-09,2,43,1,240.0
TXN000171,2026-05-09,2,40,1,65.0
TXN000171,2026-05-09,2,27,1,40.0
TXN000171,2026-05-09,2,18,1,20.0
TXN000171,2026-05-09,2,3,1,115.0
TXN000173,2026-05-09,2,18,1,20.0
TXN000173,2026-05-09,2,8,2,168.0
TXN000173,2026-05-09,2,55,2,60.0
TXN000174,2026-05-09,2,4,1,140.0
TXN000175,2026-05-09,2,51,1,180.0
TXN000175,2026-05-09,2,37,1,160.0
TXN000176,2026-05-09,2,14,1,80.0
TXN000176,2026-05-09,2,53,2,80.0
TXN000176,2026-05-09,2,56,2,240.0
TXN000176,2026-05-09,2,15,1,110.0
TXN000177,2026-05-09,2,9,2,80.0
TXN000177,2026-05-09,2,35,1,145.0
TXN000178,2026-05-09,2,9,3,120.0
TXN000179,2026-05-09,2,38,1,210.0
TXN000179,2026-05-09,2,21,1,310.0
TXN000180,2026-05-09,2,4,1,140.0
TXN000180,2026-05-09,2,9,3,120.0
TXN000180,2026-05-09,2,48,2,48.0
TXN000181,2026-05-09,2,33,1,85.0
TXN000181,2026-05-09,2,7,2,260.0
TXN000182,2026-05-09,2,30,2,80.0
TXN000182,2026-05-09,2,42,2,1240.0
TXN000182,2026-05-09,2,2,1,35.0
TXN000182,2026-05-09,2,4,2,280.0
TXN000183,2026-05-09,3,58,1,25.0
TXN000184,2026-05-09,3,21,1,310.0
TXN000186,2026-05-09,3,30,2,80.0
TXN000186,2026-05-09,3,33,1,85.0
TXN000186,2026-05-09,3,39,1,140.0
TXN000187,2026-05-09,3,29,1,95.0
TXN000188,2026-05-09,3,22,1,30.0
TXN000188,2026-05-09,3,53,1,40.0
TXN000189,2026-05-09,3,60,1,40.0
TXN000190,2026-05-09,3,54,2,70.0
TXN000191,2026-05-09,3,52,1,50.0
TXN000191,2026-05-09,3,9,3,120.0
TXN000191,2026-05-09,3,36,2,210.0
TXN000192,2026-05-09,3,22,2,60.0
TXN000192,2026-05-09,3,27,2,80.0
TXN000192,2026-05-09,3,23,1,25.0
TXN000193,2026-05-09,3,23,1,25.0
TXN000193,2026-05-09,3,7,1,130.0
TXN000194,2026-05-09,3,23,1,25.0
TXN000195,2026-05-09,3,24,1,50.0
TXN000195,2026-05-09,3,8,2,168.0
TXN000195,2026-05-09,3,18,1,20.0
TXN000196,2026-05-09,3,2,1,35.0
TXN000196,2026-05-09,3,39,1,140.0
TXN000196,2026-05-09,3,60,1,40.0
TXN000196,2026-05-09,3,43,2,480.0
TXN000196,2026-05-09,3,54,2,70.0
TXN000198,2026-05-09,3,48,1,24.0
TXN000198,2026-05-09,3,41,1,90.0
TXN000199,2026-05-09,3,14,1,80.0
TXN000199,2026-05-09,3,25,1,280.0
TXN000199,2026-05-09,3,27,2,80.0
TXN000199,2026-05-09,3,30,1,40.0
TXN000199,2026-05-09,3,22,2,60.0
TXN000200,2026-05-09,3,6,1,30.0
TXN000200,2026-05-09,3,57,1,90.0
TXN000200,2026-05-09,3,4,1,140.0
TXN000200,2026-05-09,3,10,1,45.0
TXN000201,2026-05-09,3,18,1,20.0
TXN000201,2026-05-09,3,14,1,80.0
TXN000201,2026-05-09,3,49,1,85.0
TXN000201,2026-05-09,3,33,1,85.0
TXN000202,2026-05-09,3,43,2,480.0
TXN000202,2026-05-09,3,3,1,115.0
TXN000203,2026-05-09,3,50,1,260.0
TXN000203,2026-05-09,3,9,2,80.0
TXN000204,2026-05-09,3,1,2,128.0
TXN000205,2026-05-09,3,48,1,24.0
TXN000205,2026-05-09,3,12,2,180.0
TXN000205,2026-05-09,3,9,3,120.0
TXN000207,2026-05-09,3,28,1,75.0
TXN000209,2026-05-09,3,28,1,75.0
TXN000209,2026-05-09,3,26,1,450.0
TXN000210,2026-05-09,3,21,1,310.0
TXN000211,2026-05-09,3,54,2,70.0
TXN000211,2026-05-09,3,45,2,270.0
TXN000211,2026-05-09,3,59,1,35.0
TXN000211,2026-05-09,3,24,1,50.0
TXN000212,2026-05-09,3,6,2,60.0
TXN000212,2026-05-09,3,48,2,48.0
TXN000214,2026-05-09,3,23,1,25.0
TXN000214,2026-05-09,3,47,1,165.0
TXN000214,2026-05-09,3,53,2,80.0
TXN000215,2026-05-09,3,39,1,140.0
TXN000215,2026-05-09,3,10,1,45.0
TXN000217,2026-05-09,3,29,1,95.0
TXN000217,2026-05-09,3,60,1,40.0
TXN000217,2026-05-09,3,57,1,90.0
TXN000218,2026-05-09,3,29,1,95.0
TXN000218,2026-05-09,3,5,1,95.0
TXN000219,2026-05-09,3,5,1,95.0
TXN000220,2026-05-09,3,5,1,95.0
TXN000220,2026-05-09,3,42,2,1240.0
TXN000221,2026-05-09,3,33,2,170.0
TXN000221,2026-05-09,3,25,1,280.0
TXN000221,2026-05-09,3,30,2,80.0
TXN000221,2026-05-09,3,36,2,210.0
TXN000222,2026-05-10,1,39,1,140.0
TXN000222,2026-05-10,1,31,1,175.0
TXN000222,2026-05-10,1,33,1,85.0
TXN000223,2026-05-10,1,46,2,96.0
TXN000223,2026-05-10,1,6,2,60.0
TXN000223,2026-05-10,1,33,1,85.0
TXN000224,2026-05-10,1,24,1,50.0
TXN000225,2026-05-10,1,22,1,30.0
TXN000225,2026-05-10,1,7,1,130.0
TXN000226,2026-05-10,1,47,2,330.0
TXN000226,2026-05-10,1,55,1,30.0
TXN000226,2026-05-10,1,43,2,480.0
TXN000227,2026-05-10,1,59,1,35.0
TXN000227,2026-05-10,1,23,1,25.0
TXN000228,2026-05-10,1,9,4,160.0
TXN000228,2026-05-10,1,39,1,140.0
TXN000228,2026-05-10,1,46,2,96.0
TXN000228,2026-05-10,1,6,2,60.0
TXN000229,2026-05-10,1,6,1,30.0
TXN000229,2026-05-10,1,42,1,620.0
TXN000229,2026-05-10,1,43,2,480.0
TXN000229,2026-05-10,1,28,1,75.0
TXN000229,2026-05-10,1,33,2,170.0
TXN000230,2026-05-10,1,13,2,120.0
TXN000230,2026-05-10,1,15,2,220.0
TXN000230,2026-05-10,1,9,4,160.0
TXN000230,2026-05-10,1,10,2,90.0
TXN000231,2026-05-10,1,43,1,240.0
TXN000231,2026-05-10,1,22,2,60.0
TXN000231,2026-05-10,1,57,1,90.0
TXN000231,2026-05-10,1,50,1,260.0
TXN000232,2026-05-10,1,47,1,165.0
TXN000232,2026-05-10,1,29,2,190.0
TXN000233,2026-05-10,1,29,2,190.0
TXN000233,2026-05-10,1,40,1,65.0
TXN000234,2026-05-10,1,15,2,220.0
TXN000234,2026-05-10,1,35,2,290.0
TXN000234,2026-05-10,1,16,1,120.0
TXN000235,2026-05-10,1,24,3,150.0
TXN000236,2026-05-10,1,50,1,260.0
TXN000236,2026-05-10,1,33,1,85.0
TXN000237,2026-05-10,1,52,2,100.0
TXN000237,2026-05-10,1,39,1,140.0
TXN000238,2026-05-10,1,56,2,240.0
TXN000238,2026-05-10,1,24,2,100.0
TXN000238,2026-05-10,1,36,2,210.0
TXN000238,2026-05-10,1,60,1,40.0
TXN000239,2026-05-10,1,18,2,40.0
TXN000239,2026-05-10,1,29,2,190.0
TXN000240,2026-05-10,1,6,1,30.0
TXN000240,2026-05-10,1,59,1,35.0
TXN000240,2026-05-10,1,15,2,220.0
TXN000240,2026-05-10,1,53,2,80.0
TXN000241,2026-05-10,1,24,2,100.0
TXN000241,2026-05-10,1,16,2,240.0
TXN000241,2026-05-10,1,25,2,560.0
TXN000241,2026-05-10,1,6,1,30.0
TXN000241,2026-05-10,1,15,1,110.0
TXN000242,2026-05-10,1,54,1,35.0
TXN000243,2026-05-10,1,40,1,65.0
TXN000243,2026-05-10,1,1,3,192.0
TXN000243,2026-05-10,1,58,1,25.0
TXN000243,2026-05-10,1,6,3,90.0
TXN000244,2026-05-10,1,28,2,150.0
TXN000244,2026-05-10,1,8,2,168.0
TXN000244,2026-05-10,1,50,2,520.0
TXN000245,2026-05-10,1,8,1,84.0
TXN000246,2026-05-10,1,39,1,140.0
TXN000246,2026-05-10,1,35,1,145.0
TXN000246,2026-05-10,1,2,2,70.0
TXN000246,2026-05-10,1,41,1,90.0
TXN000247,2026-05-10,1,23,1,25.0
TXN000247,2026-05-10,1,16,1,120.0
TXN000247,2026-05-10,1,27,2,80.0
TXN000247,2026-05-10,1,12,2,180.0
TXN000248,2026-05-10,1,51,2,360.0
TXN000248,2026-05-10,1,33,1,85.0
TXN000248,2026-05-10,1,36,2,210.0
TXN000248,2026-05-10,1,2,2,70.0
TXN000248,2026-05-10,1,25,1,280.0
TXN000249,2026-05-10,1,23,1,25.0
TXN000250,2026-05-10,1,47,1,165.0
TXN000250,2026-05-10,1,43,1,240.0
TXN000251,2026-05-10,1,9,2,80.0
TXN000251,2026-05-10,1,23,2,50.0
TXN000252,2026-05-10,1,45,3,405.0
TXN000252,2026-05-10,1,41,2,180.0
TXN000252,2026-05-10,1,12,2,180.0
TXN000253,2026-05-10,1,3,1,115.0
TXN000253,2026-05-10,1,19,1,110.0
TXN000253,2026-05-10,1,13,1,60.0
TXN000253,2026-05-10,1,51,2,360.0
TXN000254,2026-05-10,1,31,1,175.0
TXN000254,2026-05-10,1,17,2,90.0
TXN000254,2026-05-10,1,3,2,230.0
TXN000254,2026-05-10,1,49,2,170.0
TXN000254,2026-05-10,1,42,1,620.0
TXN000255,2026-05-10,1,52,1,50.0
TXN000256,2026-05-10,1,58,2,50.0
TXN000256,2026-05-10,1,25,1,280.0
TXN000256,2026-05-10,1,22,2,60.0
TXN000256,2026-05-10,1,12,2,180.0
TXN000257,2026-05-10,1,47,1,165.0
TXN000258,2026-05-10,1,6,2,60.0
TXN000258,2026-05-10,1,28,1,75.0
TXN000258,2026-05-10,1,39,2,280.0
TXN000258,2026-05-10,1,53,2,80.0
TXN000259,2026-05-10,1,29,2,190.0
TXN000259,2026-05-10,1,39,2,280.0
TXN000260,2026-05-10,1,47,3,495.0
TXN000260,2026-05-10,1,59,2,70.0
TXN000261,2026-05-10,1,5,1,95.0
TXN000262,2026-05-10,1,52,1,50.0
TXN000262,2026-05-10,1,48,3,72.0
TXN000262,2026-05-10,1,11,1,35.0
TXN000262,2026-05-10,1,2,2,70.0
TXN000263,2026-05-10,1,24,1,50.0
TXN000263,2026-05-10,1,25,2,560.0
TXN000263,2026-05-10,1,37,1,160.0
TXN000264,2026-05-10,1,24,1,50.0
TXN000264,2026-05-10,1,29,2,190.0
TXN000264,2026-05-10,1,49,1,85.0
TXN000265,2026-05-10,1,26,1,450.0
TXN000265,2026-05-10,1,21,1,310.0
TXN000265,2026-05-10,1,42,2,1240.0
TXN000266,2026-05-10,2,34,1,190.0
TXN000266,2026-05-10,2,25,1,280.0
TXN000266,2026-05-10,2,36,2,210.0
TXN000267,2026-05-10,2,13,1,60.0
TXN000267,2026-05-10,2,8,2,168.0
TXN000267,2026-05-10,2,9,3,120.0
TXN000267,2026-05-10,2,55,1,30.0
TXN000268,2026-05-10,2,23,2,50.0
TXN000268,2026-05-10,2,46,2,96.0
TXN000269,2026-05-10,2,55,1,30.0
TXN000269,2026-05-10,2,46,2,96.0
TXN000270,2026-05-10,2,8,2,168.0
TXN000270,2026-05-10,2,13,1,60.0
TXN000271,2026-05-10,2,2,1,35.0
TXN000271,2026-05-10,2,36,2,210.0
TXN000272,2026-05-10,2,57,2,180.0
TXN000272,2026-05-10,2,6,1,30.0
TXN000272,2026-05-10,2,26,1,450.0
TXN000273,2026-05-10,2,42,1,620.0
TXN000273,2026-05-10,2,29,2,190.0
TXN000274,2026-05-10,2,57,1,90.0
TXN000275,2026-05-10,2,9,3,120.0
TXN000276,2026-05-10,2,54,1,35.0
TXN000277,2026-05-10,2,11,1,35.0
TXN000277,2026-05-10,2,21,1,310.0
TXN000278,2026-05-10,2,58,1,25.0
TXN000278,2026-05-10,2,19,1,110.0
TXN000278,2026-05-10,2,55,3,90.0
TXN000278,2026-05-10,2,6,1,30.0
TXN000278,2026-05-10,2,17,3,135.0
TXN000279,2026-05-10,2,6,1,30.0
TXN000279,2026-05-10,2,33,1,85.0
TXN000279,2026-05-10,2,42,2,1240.0
TXN000279,2026-05-10,2,11,1,35.0
TXN000280,2026-05-10,2,53,2,80.0
TXN000280,2026-05-10,2,56,1,120.0
TXN000280,2026-05-10,2,2,1,35.0
TXN000280,2026-05-10,2,6,1,30.0
TXN000281,2026-05-10,2,27,2,80.0
TXN000281,2026-05-10,2,2,1,35.0
TXN000281,2026-05-10,2,32,1,120.0
TXN000282,2026-05-10,2,20,1,220.0
TXN000282,2026-05-10,2,30,2,80.0
TXN000282,2026-05-10,2,45,2,270.0
TXN000283,2026-05-10,2,22,2,60.0
TXN000283,2026-05-10,2,39,2,280.0
TXN000284,2026-05-10,2,47,2,330.0
TXN000284,2026-05-10,2,56,1,120.0
TXN000284,2026-05-10,2,23,1,25.0
TXN000285,2026-05-10,2,16,2,240.0
TXN000285,2026-05-10,2,30,1,40.0
TXN000285,2026-05-10,2,8,2,168.0
TXN000286,2026-05-10,2,4,1,140.0
TXN000287,2026-05-10,2,27,2,80.0
TXN000287,2026-05-10,2,16,2,240.0
TXN000287,2026-05-10,2,58,1,25.0
TXN000288,2026-05-10,2,33,1,85.0
TXN000289,2026-05-10,2,2,1,35.0
TXN000289,2026-05-10,2,6,2,60.0
TXN000289,2026-05-10,2,33,1,85.0
TXN000290,2026-05-10,2,57,1,90.0
TXN000290,2026-05-10,2,54,1,35.0
TXN000290,2026-05-10,2,42,2,1240.0
TXN000290,2026-05-10,2,44,1,580.0
TXN000290,2026-05-10,2,31,1,175.0
TXN000291,2026-05-10,2,47,1,165.0
TXN000291,2026-05-10,2,24,1,50.0
TXN000291,2026-05-10,2,49,2,170.0
TXN000292,2026-05-10,2,36,2,210.0
TXN000292,2026-05-10,2,5,1,95.0
TXN000293,2026-05-10,2,18,1,20.0
TXN000293,2026-05-10,2,53,2,80.0
TXN000293,2026-05-10,2,8,3,252.0
TXN000294,2026-05-10,2,49,1,85.0
TXN000294,2026-05-10,2,10,1,45.0
TXN000294,2026-05-10,2,13,1,60.0
TXN000295,2026-05-10,2,52,1,50.0
TXN000296,2026-05-10,2,9,2,80.0
TXN000296,2026-05-10,2,21,1,310.0
TXN000296,2026-05-10,2,60,1,40.0
TXN000297,2026-05-10,2,46,1,48.0
TXN000298,2026-05-10,2,51,2,360.0
TXN000298,2026-05-10,2,58,1,25.0
TXN000299,2026-05-10,2,47,1,165.0
TXN000299,2026-05-10,2,4,1,140.0
TXN000301,2026-05-10,2,13,1,60.0
TXN000302,2026-05-10,3,45,1,135.0
TXN000302,2026-05-10,3,14,1,80.0
TXN000302,2026-05-10,3,33,2,170.0
TXN000303,2026-05-10,3,46,1,48.0
TXN000304,2026-05-10,3,14,1,80.0
TXN000305,2026-05-10,3,21,1,310.0
TXN000305,2026-05-10,3,30,1,40.0
TXN000307,2026-05-10,3,50,2,520.0
TXN000307,2026-05-10,3,19,1,110.0
TXN000307,2026-05-10,3,46,2,96.0
TXN000308,2026-05-10,3,23,1,25.0
TXN000308,2026-05-10,3,36,1,105.0
TXN000310,2026-05-10,3,58,2,50.0
TXN000310,2026-05-10,3,26,1,450.0
TXN000310,2026-05-10,3,53,1,40.0
TXN000310,2026-05-10,3,23,1,25.0
TXN000311,2026-05-10,3,60,2,80.0
TXN000311,2026-05-10,3,29,1,95.0
TXN000311,2026-05-10,3,42,2,1240.0
TXN000312,2026-05-10,3,53,1,40.0
TXN000312,2026-05-10,3,35,1,145.0
TXN000313,2026-05-10,3,9,2,80.0
TXN000313,2026-05-10,3,7,1,130.0
TXN000313,2026-05-10,3,40,2,130.0
TXN000314,2026-05-10,3,41,1,90.0
TXN000314,2026-05-10,3,15,2,220.0
TXN000315,2026-05-10,3,7,1,130.0
TXN000315,2026-05-10,3,44,1,580.0
TXN000315,2026-05-10,3,9,2,80.0
TXN000316,2026-05-10,3,42,1,620.0
TXN000316,2026-05-10,3,60,1,40.0
TXN000316,2026-05-10,3,57,1,90.0
TXN000317,2026-05-10,3,42,1,620.0
TXN000318,2026-05-10,3,15,2,220.0
TXN000318,2026-05-10,3,48,2,48.0
TXN000318,2026-05-10,3,47,2,330.0
TXN000318,2026-05-10,3,55,2,60.0
TXN000319,2026-05-10,3,51,3,540.0
TXN000319,2026-05-10,3,32,1,120.0
TXN000319,2026-05-10,3,60,1,40.0
TXN000320,2026-05-10,3,39,1,140.0
TXN000320,2026-05-10,3,7,1,130.0
TXN000321,2026-05-10,3,32,2,240.0
TXN000321,2026-05-10,3,57,1,90.0
TXN000321,2026-05-10,3,9,3,120.0
TXN000321,2026-05-10,3,55,1,30.0
TXN000322,2026-05-10,3,46,2,96.0
TXN000322,2026-05-10,3,12,1,90.0
TXN000322,2026-05-10,3,1,1,64.0
TXN000323,2026-05-10,3,49,2,170.0
TXN000323,2026-05-10,3,12,1,90.0
TXN000323,2026-05-10,3,40,1,65.0
TXN000324,2026-05-10,3,12,2,180.0
TXN000325,2026-05-10,3,1,2,128.0
TXN000325,2026-05-10,3,17,2,90.0
TXN000326,2026-05-10,3,22,2,60.0
TXN000326,2026-05-10,3,38,1,210.0
TXN000327,2026-05-10,3,45,1,135.0
TXN000327,2026-05-10,3,16,1,120.0
TXN000327,2026-05-10,3,4,1,140.0
TXN000328,2026-05-10,3,45,2,270.0
TXN000328,2026-05-10,3,8,2,168.0
TXN000329,2026-05-10,3,15,1,110.0
TXN000329,2026-05-10,3,9,1,40.0
TXN000329,2026-05-10,3,30,1,40.0
TXN000330,2026-05-10,3,52,1,50.0
TXN000330,2026-05-10,3,43,2,480.0
TXN000330,2026-05-10,3,53,2,80.0
TXN000330,2026-05-10,3,14,1,80.0
TXN000331,2026-05-11,1,8,2,168.0
TXN000331,2026-05-11,1,54,1,35.0
TXN000331,2026-05-11,1,36,2,210.0
TXN000331,2026-05-11,1,58,1,25.0
TXN000332,2026-05-11,1,29,1,95.0
TXN000332,2026-05-11,1,8,1,84.0
TXN000332,2026-05-11,1,14,1,80.0
TXN000332,2026-05-11,1,46,1,48.0
TXN000333,2026-05-11,1,30,2,80.0
TXN000333,2026-05-11,1,36,2,210.0
TXN000334,2026-05-11,1,38,1,210.0
TXN000334,2026-05-11,1,5,1,95.0
TXN000335,2026-05-11,1,60,1,40.0
TXN000337,2026-05-11,1,50,1,260.0
TXN000337,2026-05-11,1,9,3,120.0
TXN000338,2026-05-11,1,58,2,50.0
TXN000338,2026-05-11,1,29,1,95.0
TXN000339,2026-05-11,1,9,3,120.0
TXN000339,2026-05-11,1,42,2,1240.0
TXN000339,2026-05-11,1,56,1,120.0
TXN000339,2026-05-11,1,8,1,84.0
TXN000340,2026-05-11,1,54,1,35.0
TXN000340,2026-05-11,1,1,1,64.0
TXN000341,2026-05-11,1,47,1,165.0
TXN000342,2026-05-11,1,3,1,115.0
TXN000343,2026-05-11,1,40,1,65.0
TXN000343,2026-05-11,1,50,1,260.0
TXN000343,2026-05-11,1,60,2,80.0
TXN000343,2026-05-11,1,57,1,90.0
TXN000344,2026-05-11,1,39,2,280.0
TXN000344,2026-05-11,1,46,2,96.0
TXN000344,2026-05-11,1,56,1,120.0
TXN000345,2026-05-11,1,9,3,120.0
TXN000346,2026-05-11,1,15,1,110.0
TXN000346,2026-05-11,1,53,2,80.0
TXN000346,2026-05-11,1,47,1,165.0
TXN000347,2026-05-11,1,15,2,220.0
TXN000347,2026-05-11,1,27,1,40.0
TXN000347,2026-05-11,1,18,1,20.0
TXN000347,2026-05-11,1,4,1,140.0
TXN000348,2026-05-11,1,32,2,240.0
TXN000348,2026-05-11,1,23,2,50.0
TXN000348,2026-05-11,1,42,1,620.0
TXN000348,2026-05-11,1,43,1,240.0
TXN000349,2026-05-11,1,25,1,280.0
TXN000349,2026-05-11,1,12,1,90.0
TXN000349,2026-05-11,1,49,1,85.0
TXN000350,2026-05-11,1,52,2,100.0
TXN000350,2026-05-11,1,30,2,80.0
TXN000351,2026-05-11,1,36,1,105.0
TXN000351,2026-05-11,1,9,3,120.0
TXN000351,2026-05-11,1,25,2,560.0
TXN000352,2026-05-11,1,55,1,30.0
TXN000352,2026-05-11,1,6,1,30.0
TXN000352,2026-05-11,1,35,2,290.0
TXN000353,2026-05-11,1,3,1,115.0
TXN000353,2026-05-11,1,52,2,100.0
TXN000355,2026-05-11,1,48,2,48.0
TXN000355,2026-05-11,1,8,1,84.0
TXN000356,2026-05-11,1,45,1,135.0
TXN000357,2026-05-11,1,36,2,210.0
TXN000358,2026-05-11,1,42,1,620.0
TXN000358,2026-05-11,1,23,1,25.0
TXN000358,2026-05-11,1,20,1,220.0
TXN000358,2026-05-11,1,17,3,135.0
TXN000358,2026-05-11,1,24,1,50.0
TXN000359,2026-05-11,1,59,1,35.0
TXN000359,2026-05-11,1,14,1,80.0
TXN000359,2026-05-11,1,24,1,50.0
TXN000360,2026-05-11,1,17,2,90.0
TXN000361,2026-05-11,1,60,1,40.0
TXN000361,2026-05-11,1,47,2,330.0
TXN000361,2026-05-11,1,27,2,80.0
TXN000362,2026-05-11,1,17,1,45.0
TXN000362,2026-05-11,1,49,1,85.0
TXN000362,2026-05-11,1,53,2,80.0
TXN000363,2026-05-11,2,9,1,40.0
TXN000363,2026-05-11,2,47,1,165.0
TXN000364,2026-05-11,2,42,1,620.0
TXN000364,2026-05-11,2,4,2,280.0
TXN000364,2026-05-11,2,54,1,35.0
TXN000365,2026-05-11,2,46,1,48.0
TXN000366,2026-05-11,2,24,1,50.0
TXN000367,2026-05-11,2,35,1,145.0
TXN000368,2026-05-11,2,27,1,40.0
TXN000368,2026-05-11,2,1,4,256.0
TXN000368,2026-05-11,2,2,2,70.0
TXN000368,2026-05-11,2,47,1,165.0
TXN000369,2026-05-11,2,7,1,130.0
TXN000369,2026-05-11,2,59,1,35.0
TXN000370,2026-05-11,2,40,1,65.0
TXN000371,2026-05-11,2,24,1,50.0
TXN000372,2026-05-11,2,30,1,40.0
TXN000372,2026-05-11,2,16,2,240.0
TXN000372,2026-05-11,2,45,1,135.0
TXN000374,2026-05-11,2,36,1,105.0
TXN000374,2026-05-11,2,31,1,175.0
TXN000374,2026-05-11,2,4,1,140.0
TXN000375,2026-05-11,2,7,2,260.0
TXN000376,2026-05-11,2,18,1,20.0
TXN000376,2026-05-11,2,60,1,40.0
TXN000377,2026-05-11,2,2,1,35.0
TXN000377,2026-05-11,2,14,1,80.0
TXN000378,2026-05-11,2,20,1,220.0
TXN000379,2026-05-11,2,54,2,70.0
TXN000380,2026-05-11,2,22,1,30.0
TXN000380,2026-05-11,2,49,2,170.0
TXN000380,2026-05-11,2,48,2,48.0
TXN000380,2026-05-11,2,9,2,80.0
TXN000381,2026-05-11,2,54,1,35.0
TXN000382,2026-05-11,2,26,1,450.0
TXN000382,2026-05-11,2,50,2,520.0
TXN000382,2026-05-11,2,21,1,310.0
TXN000382,2026-05-11,2,2,1,35.0
TXN000383,2026-05-11,2,12,2,180.0
TXN000383,2026-05-11,2,43,1,240.0
TXN000384,2026-05-11,2,6,2,60.0
TXN000385,2026-05-11,2,10,1,45.0
TXN000385,2026-05-11,2,25,1,280.0
TXN000385,2026-05-11,2,46,1,48.0
TXN000386,2026-05-11,2,1,2,128.0
TXN000387,2026-05-11,2,29,1,95.0
TXN000387,2026-05-11,2,24,1,50.0
TXN000387,2026-05-11,2,49,1,85.0
TXN000388,2026-05-11,2,33,1,85.0
TXN000388,2026-05-11,2,27,1,40.0
TXN000388,2026-05-11,2,7,1,130.0
TXN000388,2026-05-11,2,2,1,35.0
TXN000388,2026-05-11,2,6,1,30.0
TXN000389,2026-05-11,2,1,2,128.0
TXN000390,2026-05-11,2,37,1,160.0
TXN000391,2026-05-11,2,18,1,20.0
TXN000391,2026-05-11,2,20,1,220.0
TXN000392,2026-05-11,2,27,2,80.0
TXN000393,2026-05-11,2,41,1,90.0
TXN000394,2026-05-11,2,7,2,260.0
TXN000394,2026-05-11,2,9,2,80.0
TXN000394,2026-05-11,2,1,2,128.0
TXN000395,2026-05-11,2,53,1,40.0
TXN000396,2026-05-11,2,45,1,135.0
TXN000396,2026-05-11,2,13,2,120.0
TXN000396,2026-05-11,2,31,1,175.0
TXN000396,2026-05-11,2,12,1,90.0
TXN000397,2026-05-11,2,51,1,180.0
TXN000397,2026-05-11,2,16,1,120.0
TXN000397,2026-05-11,2,25,2,560.0
TXN000397,2026-05-11,2,18,1,20.0
TXN000398,2026-05-11,2,35,2,290.0
TXN000398,2026-05-11,2,12,1,90.0
TXN000398,2026-05-11,2,50,1,260.0
TXN000398,2026-05-11,2,36,2,210.0
TXN000399,2026-05-11,3,32,1,120.0
TXN000399,2026-05-11,3,9,2,80.0
TXN000399,2026-05-11,3,41,1,90.0
TXN000400,2026-05-11,3,29,1,95.0
TXN000400,2026-05-11,3,39,2,280.0
TXN000401,2026-05-11,3,51,1,180.0
TXN000402,2026-05-11,3,52,2,100.0
TXN000403,2026-05-11,3,11,1,35.0
TXN000403,2026-05-11,3,42,2,1240.0
TXN000404,2026-05-11,3,49,1,85.0
TXN000404,2026-05-11,3,22,1,30.0
TXN000404,2026-05-11,3,51,1,180.0
TXN000405,2026-05-11,3,15,2,220.0
TXN000405,2026-05-11,3,29,1,95.0
TXN000405,2026-05-11,3,30,1,40.0
TXN000406,2026-05-11,3,19,1,110.0
TXN000407,2026-05-11,3,8,1,84.0
TXN000409,2026-05-11,3,7,2,260.0
TXN000409,2026-05-11,3,29,1,95.0
TXN000410,2026-05-11,3,52,1,50.0
TXN000411,2026-05-11,3,2,1,35.0
TXN000412,2026-05-11,3,48,1,24.0
TXN000413,2026-05-11,3,22,1,30.0
TXN000413,2026-05-11,3,36,1,105.0
TXN000414,2026-05-11,3,41,1,90.0
TXN000414,2026-05-11,3,12,1,90.0
TXN000414,2026-05-11,3,43,1,240.0
TXN000415,2026-05-11,3,1,2,128.0
TXN000415,2026-05-11,3,46,2,96.0
TXN000415,2026-05-11,3,14,1,80.0
TXN000416,2026-05-11,3,52,1,50.0
TXN000417,2026-05-11,3,12,1,90.0
TXN000417,2026-05-11,3,24,1,50.0
TXN000417,2026-05-11,3,13,1,60.0
TXN000417,2026-05-11,3,30,1,40.0
TXN000418,2026-05-11,3,40,1,65.0
TXN000418,2026-05-11,3,8,2,168.0
TXN000419,2026-05-11,3,59,1,35.0
TXN000419,2026-05-11,3,40,1,65.0
TXN000419,2026-05-11,3,38,1,210.0
TXN000420,2026-05-11,3,12,1,90.0
TXN000421,2026-05-12,1,9,2,80.0
TXN000421,2026-05-12,1,25,1,280.0
TXN000421,2026-05-12,1,28,1,75.0
TXN000421,2026-05-12,1,12,1,90.0
TXN000422,2026-05-12,1,32,2,240.0
TXN000422,2026-05-12,1,19,1,110.0
TXN000423,2026-05-12,1,40,1,65.0
TXN000423,2026-05-12,1,4,1,140.0
TXN000423,2026-05-12,1,56,1,120.0
TXN000423,2026-05-12,1,23,2,50.0
TXN000424,2026-05-12,1,42,2,1240.0
TXN000424,2026-05-12,1,32,1,120.0
TXN000424,2026-05-12,1,27,2,80.0
TXN000425,2026-05-12,1,3,1,115.0
TXN000426,2026-05-12,1,30,1,40.0
TXN000427,2026-05-12,1,36,2,210.0
TXN000427,2026-05-12,1,33,2,170.0
TXN000427,2026-05-12,1,8,2,168.0
TXN000429,2026-05-12,1,35,1,145.0
TXN000429,2026-05-12,1,28,1,75.0
TXN000429,2026-05-12,1,7,3,390.0
TXN000430,2026-05-12,1,29,1,95.0
TXN000431,2026-05-12,1,29,3,285.0
TXN000432,2026-05-12,1,50,1,260.0
TXN000433,2026-05-12,1,45,1,135.0
TXN000433,2026-05-12,1,23,1,25.0
TXN000433,2026-05-12,1,46,2,96.0
TXN000433,2026-05-12,1,40,1,65.0
TXN000434,2026-05-12,1,52,1,50.0
TXN000434,2026-05-12,1,4,1,140.0
TXN000435,2026-05-12,1,35,1,145.0
TXN000435,2026-05-12,1,11,1,35.0
TXN000435,2026-05-12,1,21,2,620.0
TXN000436,2026-05-12,1,56,1,120.0
TXN000437,2026-05-12,1,54,1,35.0
TXN000437,2026-05-12,1,16,2,240.0
TXN000437,2026-05-12,1,49,1,85.0
TXN000438,2026-05-12,1,37,1,160.0
TXN000440,2026-05-12,1,45,2,270.0
TXN000440,2026-05-12,1,57,2,180.0
TXN000441,2026-05-12,1,1,2,128.0
TXN000442,2026-05-12,1,41,1,90.0
TXN000442,2026-05-12,1,23,2,50.0
TXN000443,2026-05-12,1,32,1,120.0
TXN000443,2026-05-12,1,18,2,40.0
TXN000444,2026-05-12,1,37,1,160.0
TXN000444,2026-05-12,1,9,2,80.0
TXN000444,2026-05-12,1,55,1,30.0
TXN000444,2026-05-12,1,32,2,240.0
TXN000444,2026-05-12,1,51,2,360.0
TXN000445,2026-05-12,1,2,2,70.0
TXN000445,2026-05-12,1,8,2,168.0
TXN000445,2026-05-12,1,60,1,40.0
TXN000445,2026-05-12,1,55,1,30.0
TXN000446,2026-05-12,1,42,3,1860.0
TXN000447,2026-05-12,1,6,1,30.0
TXN000447,2026-05-12,1,42,2,1240.0
TXN000447,2026-05-12,1,24,1,50.0
TXN000448,2026-05-12,1,47,1,165.0
TXN000448,2026-05-12,1,45,2,270.0
TXN000449,2026-05-12,1,1,2,128.0
TXN000450,2026-05-12,1,15,1,110.0
TXN000450,2026-05-12,1,34,1,190.0
TXN000450,2026-05-12,1,29,2,190.0
TXN000450,2026-05-12,1,1,3,192.0
TXN000451,2026-05-12,1,31,1,175.0
TXN000451,2026-05-12,1,5,2,190.0
TXN000452,2026-05-12,1,21,1,310.0
TXN000453,2026-05-12,1,9,3,120.0
TXN000454,2026-05-12,1,34,1,190.0
TXN000455,2026-05-12,1,47,1,165.0
TXN000455,2026-05-12,1,14,1,80.0
TXN000456,2026-05-12,1,29,2,190.0
TXN000456,2026-05-12,1,56,1,120.0
TXN000456,2026-05-12,1,14,1,80.0
TXN000456,2026-05-12,1,6,1,30.0
TXN000457,2026-05-12,1,21,1,310.0
TXN000457,2026-05-12,1,51,2,360.0
TXN000457,2026-05-12,1,9,2,80.0
TXN000457,2026-05-12,1,16,1,120.0
TXN000458,2026-05-12,1,19,1,110.0
TXN000458,2026-05-12,1,45,2,270.0
TXN000458,2026-05-12,1,2,2,70.0
TXN000458,2026-05-12,1,55,2,60.0
TXN000459,2026-05-12,1,51,2,360.0
TXN000460,2026-05-12,1,32,2,240.0
TXN000460,2026-05-12,1,25,2,560.0
TXN000461,2026-05-12,1,5,1,95.0
TXN000461,2026-05-12,1,57,1,90.0
TXN000461,2026-05-12,1,1,2,128.0
TXN000461,2026-05-12,1,24,1,50.0
TXN000462,2026-05-12,1,49,2,170.0
TXN000462,2026-05-12,1,31,1,175.0
TXN000463,2026-05-12,1,1,2,128.0
TXN000464,2026-05-12,1,14,2,160.0
TXN000464,2026-05-12,1,3,1,115.0
TXN000465,2026-05-12,1,50,1,260.0
TXN000465,2026-05-12,1,27,2,80.0
TXN000465,2026-05-12,1,28,1,75.0
TXN000465,2026-05-12,1,45,1,135.0
TXN000465,2026-05-12,1,26,1,450.0
TXN000468,2026-05-12,2,4,1,140.0
TXN000468,2026-05-12,2,16,2,240.0
TXN000469,2026-05-12,2,40,1,65.0
TXN000469,2026-05-12,2,20,1,220.0
TXN000470,2026-05-12,2,46,1,48.0
TXN000471,2026-05-12,2,23,1,25.0
TXN000471,2026-05-12,2,51,1,180.0
TXN000471,2026-05-12,2,53,2,80.0
TXN000472,2026-05-12,2,47,1,165.0
TXN000472,2026-05-12,2,57,1,90.0
TXN000472,2026-05-12,2,8,2,168.0
TXN000473,2026-05-12,2,17,2,90.0
TXN000474,2026-05-12,2,5,1,95.0
TXN000474,2026-05-12,2,32,1,120.0
TXN000474,2026-05-12,2,30,1,40.0
TXN000474,2026-05-12,2,33,1,85.0
TXN000475,2026-05-12,2,47,1,165.0
TXN000475,2026-05-12,2,8,2,168.0
TXN000475,2026-05-12,2,15,1,110.0
TXN000475,2026-05-12,2,48,1,24.0
TXN000476,2026-05-12,2,59,1,35.0
TXN000476,2026-05-12,2,10,1,45.0
TXN000476,2026-05-12,2,12,1,90.0
TXN000476,2026-05-12,2,60,1,40.0
TXN000477,2026-05-12,2,21,1,310.0
TXN000477,2026-05-12,2,16,1,120.0
TXN000477,2026-05-12,2,27,2,80.0
TXN000479,2026-05-12,2,12,1,90.0
TXN000480,2026-05-12,2,26,1,450.0
TXN000481,2026-05-12,2,56,1,120.0
TXN000481,2026-05-12,2,50,1,260.0
TXN000481,2026-05-12,2,55,1,30.0
TXN000482,2026-05-12,2,51,1,180.0
TXN000483,2026-05-12,2,32,1,120.0
TXN000484,2026-05-12,2,10,1,45.0
TXN000484,2026-05-12,2,1,2,128.0
TXN000485,2026-05-12,2,23,2,50.0
TXN000485,2026-05-12,2,41,1,90.0
TXN000485,2026-05-12,2,54,1,35.0
TXN000485,2026-05-12,2,45,1,135.0
TXN000485,2026-05-12,2,57,1,90.0
TXN000486,2026-05-12,2,16,1,120.0
TXN000487,2026-05-12,2,10,1,45.0
TXN000488,2026-05-12,2,58,1,25.0
TXN000489,2026-05-12,2,30,1,40.0
TXN000489,2026-05-12,2,48,1,24.0
TXN000489,2026-05-12,2,6,1,30.0
TXN000490,2026-05-12,2,37,1,160.0
TXN000490,2026-05-12,2,4,1,140.0
TXN000491,2026-05-12,2,26,1,450.0
TXN000492,2026-05-12,2,15,2,220.0
TXN000492,2026-05-12,2,5,1,95.0
TXN000492,2026-05-12,2,13,1,60.0
TXN000493,2026-05-12,2,30,1,40.0
TXN000493,2026-05-12,2,27,1,40.0
TXN000493,2026-05-12,2,8,1,84.0
TXN000494,2026-05-12,2,55,2,60.0
TXN000494,2026-05-12,2,8,2,168.0
TXN000494,2026-05-12,2,6,2,60.0
TXN000495,2026-05-12,2,3,1,115.0
TXN000495,2026-05-12,2,14,1,80.0
TXN000495,2026-05-12,2,54,2,70.0
TXN000495,2026-05-12,2,55,1,30.0
TXN000495,2026-05-12,2,21,1,310.0
TXN000496,2026-05-12,2,2,1,35.0
TXN000497,2026-05-12,3,30,2,80.0
TXN000498,2026-05-12,3,1,2,128.0
TXN000499,2026-05-12,3,54,1,35.0
TXN000500,2026-05-12,3,53,1,40.0
TXN000502,2026-05-12,3,2,1,35.0
TXN000503,2026-05-12,3,52,1,50.0
TXN000503,2026-05-12,3,9,2,80.0
TXN000503,2026-05-12,3,58,2,50.0
TXN000505,2026-05-12,3,53,2,80.0
TXN000505,2026-05-12,3,47,2,330.0
TXN000505,2026-05-12,3,26,1,450.0
TXN000505,2026-05-12,3,32,1,120.0
TXN000506,2026-05-12,3,59,1,35.0
TXN000507,2026-05-12,3,40,1,65.0
TXN000507,2026-05-12,3,16,1,120.0
TXN000507,2026-05-12,3,42,1,620.0
TXN000507,2026-05-12,3,19,1,110.0
TXN000507,2026-05-12,3,32,1,120.0
TXN000508,2026-05-12,3,13,1,60.0
TXN000509,2026-05-12,3,25,1,280.0
TXN000509,2026-05-12,3,46,1,48.0
TXN000509,2026-05-12,3,23,1,25.0
TXN000510,2026-05-12,3,25,2,560.0
TXN000510,2026-05-12,3,18,1,20.0
TXN000510,2026-05-12,3,12,2,180.0
TXN000511,2026-05-12,3,4,1,140.0
TXN000512,2026-05-12,3,7,1,130.0
TXN000512,2026-05-12,3,16,1,120.0
TXN000515,2026-05-12,3,12,2,180.0
TXN000517,2026-05-12,3,54,1,35.0
TXN000517,2026-05-12,3,52,1,50.0
TXN000518,2026-05-12,3,2,1,35.0
TXN000519,2026-05-12,3,40,1,65.0
TXN000519,2026-05-12,3,13,1,60.0
TXN000520,2026-05-12,3,10,1,45.0
TXN000521,2026-05-12,3,24,1,50.0
TXN000521,2026-05-12,3,46,1,48.0
TXN000522,2026-05-12,3,22,1,30.0
TXN000523,2026-05-12,3,47,1,165.0
TXN000524,2026-05-13,1,12,1,90.0
TXN000524,2026-05-13,1,36,2,210.0
TXN000525,2026-05-13,1,53,1,40.0
TXN000525,2026-05-13,1,12,1,90.0
TXN000525,2026-05-13,1,25,1,280.0
TXN000525,2026-05-13,1,47,3,495.0
TXN000526,2026-05-13,1,55,1,30.0
TXN000526,2026-05-13,1,50,1,260.0
TXN000526,2026-05-13,1,3,1,115.0
TXN000527,2026-05-13,1,15,1,110.0
TXN000527,2026-05-13,1,41,1,90.0
TXN000527,2026-05-13,1,37,1,160.0
TXN000527,2026-05-13,1,7,1,130.0
TXN000527,2026-05-13,1,60,1,40.0
TXN000528,2026-05-13,1,53,1,40.0
TXN000529,2026-05-13,1,29,1,95.0
TXN000529,2026-05-13,1,1,3,192.0
TXN000529,2026-05-13,1,17,3,135.0
TXN000530,2026-05-13,1,17,2,90.0
TXN000530,2026-05-13,1,51,1,180.0
TXN000530,2026-05-13,1,7,1,130.0
TXN000531,2026-05-13,1,57,1,90.0
TXN000531,2026-05-13,1,27,1,40.0
TXN000532,2026-05-13,1,25,1,280.0
TXN000532,2026-05-13,1,7,2,260.0
TXN000532,2026-05-13,1,54,1,35.0
TXN000532,2026-05-13,1,51,2,360.0
TXN000533,2026-05-13,1,19,1,110.0
TXN000534,2026-05-13,1,21,1,310.0
TXN000535,2026-05-13,1,11,1,35.0
TXN000535,2026-05-13,1,57,1,90.0
TXN000535,2026-05-13,1,25,1,280.0
TXN000536,2026-05-13,1,22,1,30.0
TXN000537,2026-05-13,1,46,1,48.0
TXN000537,2026-05-13,1,2,2,70.0
TXN000537,2026-05-13,1,28,2,150.0
TXN000537,2026-05-13,1,42,2,1240.0
TXN000538,2026-05-13,1,13,1,60.0
TXN000538,2026-05-13,1,27,1,40.0
TXN000539,2026-05-13,1,17,1,45.0
TXN000539,2026-05-13,1,43,2,480.0
TXN000539,2026-05-13,1,19,1,110.0
TXN000539,2026-05-13,1,16,1,120.0
TXN000540,2026-05-13,1,28,1,75.0
TXN000541,2026-05-13,1,19,1,110.0
TXN000542,2026-05-13,1,7,2,260.0
TXN000542,2026-05-13,1,2,2,70.0
TXN000542,2026-05-13,1,14,2,160.0
TXN000543,2026-05-13,1,51,2,360.0
TXN000544,2026-05-13,1,42,1,620.0
TXN000545,2026-05-13,1,24,1,50.0
TXN000545,2026-05-13,1,12,1,90.0
TXN000545,2026-05-13,1,29,2,190.0
TXN000545,2026-05-13,1,3,1,115.0
TXN000546,2026-05-13,1,10,2,90.0
TXN000547,2026-05-13,1,6,1,30.0
TXN000548,2026-05-13,1,38,1,210.0
TXN000548,2026-05-13,1,15,1,110.0
TXN000548,2026-05-13,1,36,2,210.0
TXN000549,2026-05-13,1,60,1,40.0
TXN000550,2026-05-13,1,58,2,50.0
TXN000550,2026-05-13,1,52,2,100.0
TXN000551,2026-05-13,1,14,1,80.0
TXN000551,2026-05-13,1,52,1,50.0
TXN000553,2026-05-13,1,54,1,35.0
TXN000553,2026-05-13,1,39,2,280.0
TXN000554,2026-05-13,1,6,1,30.0
TXN000555,2026-05-13,1,55,2,60.0
TXN000556,2026-05-13,1,34,1,190.0
TXN000556,2026-05-13,1,51,2,360.0
TXN000556,2026-05-13,1,27,1,40.0
TXN000556,2026-05-13,1,8,1,84.0
TXN000557,2026-05-13,1,60,2,80.0
TXN000558,2026-05-13,1,56,1,120.0
TXN000558,2026-05-13,1,57,1,90.0
TXN000559,2026-05-13,1,42,1,620.0
TXN000559,2026-05-13,1,32,1,120.0
TXN000560,2026-05-13,1,57,1,90.0
TXN000560,2026-05-13,1,22,2,60.0
TXN000561,2026-05-13,1,24,2,100.0
TXN000561,2026-05-13,1,2,1,35.0
TXN000562,2026-05-13,1,56,2,240.0
TXN000563,2026-05-13,1,9,3,120.0
TXN000564,2026-05-13,1,47,1,165.0
TXN000564,2026-05-13,1,27,1,40.0
TXN000564,2026-05-13,1,39,1,140.0
TXN000565,2026-05-13,1,53,2,80.0
TXN000566,2026-05-13,1,56,1,120.0
TXN000566,2026-05-13,1,24,1,50.0
TXN000566,2026-05-13,1,53,1,40.0
TXN000566,2026-05-13,1,33,1,85.0
TXN000567,2026-05-13,1,2,1,35.0
TXN000567,2026-05-13,1,12,1,90.0
TXN000567,2026-05-13,1,13,1,60.0
TXN000567,2026-05-13,1,57,1,90.0
TXN000567,2026-05-13,1,54,1,35.0
TXN000568,2026-05-13,1,46,1,48.0
TXN000568,2026-05-13,1,13,1,60.0
TXN000569,2026-05-13,1,16,2,240.0
TXN000570,2026-05-13,1,32,2,240.0
TXN000570,2026-05-13,1,39,2,280.0
TXN000570,2026-05-13,1,29,1,95.0
TXN000571,2026-05-13,1,54,1,35.0
TXN000571,2026-05-13,1,58,1,25.0
TXN000572,2026-05-13,2,2,2,70.0
TXN000572,2026-05-13,2,25,1,280.0
TXN000572,2026-05-13,2,4,1,140.0
TXN000573,2026-05-13,2,55,1,30.0
TXN000574,2026-05-13,2,42,2,1240.0
TXN000574,2026-05-13,2,27,1,40.0
TXN000574,2026-05-13,2,33,1,85.0
TXN000575,2026-05-13,2,42,1,620.0
TXN000575,2026-05-13,2,12,1,90.0
TXN000576,2026-05-13,2,39,1,140.0
TXN000576,2026-05-13,2,52,1,50.0
TXN000577,2026-05-13,2,23,1,25.0
TXN000577,2026-05-13,2,30,2,80.0
TXN000577,2026-05-13,2,17,1,45.0
TXN000578,2026-05-13,2,7,1,130.0
TXN000578,2026-05-13,2,1,2,128.0
TXN000578,2026-05-13,2,43,1,240.0
TXN000578,2026-05-13,2,54,1,35.0
TXN000579,2026-05-13,2,31,1,175.0
TXN000580,2026-05-13,2,21,2,620.0
TXN000580,2026-05-13,2,56,1,120.0
TXN000581,2026-05-13,2,10,1,45.0
TXN000582,2026-05-13,2,52,2,100.0
TXN000583,2026-05-13,2,21,1,310.0
TXN000583,2026-05-13,2,9,1,40.0
TXN000584,2026-05-13,2,27,1,40.0
TXN000585,2026-05-13,2,53,1,40.0
TXN000585,2026-05-13,2,13,1,60.0
TXN000585,2026-05-13,2,22,1,30.0
TXN000585,2026-05-13,2,46,1,48.0
TXN000586,2026-05-13,2,43,1,240.0
TXN000587,2026-05-13,2,31,1,175.0
TXN000588,2026-05-13,2,47,1,165.0
TXN000588,2026-05-13,2,52,1,50.0
TXN000588,2026-05-13,2,36,1,105.0
TXN000589,2026-05-13,2,42,1,620.0
TXN000589,2026-05-13,2,6,2,60.0
TXN000589,2026-05-13,2,15,1,110.0
TXN000590,2026-05-13,2,24,2,100.0
TXN000590,2026-05-13,2,17,2,90.0
TXN000591,2026-05-13,2,40,2,130.0
TXN000591,2026-05-13,2,5,1,95.0
TXN000591,2026-05-13,2,57,1,90.0
TXN000592,2026-05-13,2,4,1,140.0
TXN000592,2026-05-13,2,56,1,120.0
TXN000592,2026-05-13,2,55,1,30.0
TXN000592,2026-05-13,2,10,1,45.0
TXN000593,2026-05-13,2,10,1,45.0
TXN000593,2026-05-13,2,21,1,310.0
TXN000593,2026-05-13,2,46,3,144.0
TXN000594,2026-05-13,2,4,1,140.0
TXN000594,2026-05-13,2,1,2,128.0
TXN000595,2026-05-13,2,51,1,180.0
TXN000596,2026-05-13,2,28,1,75.0
TXN000596,2026-05-13,2,25,2,560.0
TXN000597,2026-05-13,2,2,1,35.0
TXN000597,2026-05-13,2,1,2,128.0
TXN000598,2026-05-13,2,38,1,210.0
TXN000598,2026-05-13,2,11,1,35.0
TXN000598,2026-05-13,2,53,2,80.0
TXN000599,2026-05-13,3,57,1,90.0
TXN000599,2026-05-13,3,9,2,80.0
TXN000599,2026-05-13,3,22,2,60.0
TXN000600,2026-05-13,3,2,2,70.0
TXN000600,2026-05-13,3,15,1,110.0
TXN000600,2026-05-13,3,47,1,165.0
TXN000600,2026-05-13,3,9,1,40.0
TXN000601,2026-05-13,3,25,1,280.0
TXN000602,2026-05-13,3,50,3,780.0
TXN000602,2026-05-13,3,35,1,145.0
TXN000604,2026-05-13,3,8,1,84.0
TXN000604,2026-05-13,3,36,1,105.0
TXN000604,2026-05-13,3,17,1,45.0
TXN000607,2026-05-13,3,27,1,40.0
TXN000607,2026-05-13,3,54,1,35.0
TXN000608,2026-05-13,3,8,1,84.0
TXN000608,2026-05-13,3,19,1,110.0
TXN000608,2026-05-13,3,51,1,180.0
TXN000608,2026-05-13,3,7,1,130.0
TXN000608,2026-05-13,3,32,1,120.0
TXN000609,2026-05-13,3,11,1,35.0
TXN000609,2026-05-13,3,36,1,105.0
TXN000610,2026-05-13,3,16,1,120.0
TXN000610,2026-05-13,3,1,2,128.0
TXN000611,2026-05-13,3,50,1,260.0
TXN000612,2026-05-13,3,7,1,130.0
TXN000612,2026-05-13,3,58,1,25.0
TXN000612,2026-05-13,3,17,3,135.0
TXN000613,2026-05-13,3,55,1,30.0
TXN000614,2026-05-13,3,52,2,100.0
TXN000614,2026-05-13,3,44,1,580.0
TXN000615,2026-05-13,3,1,2,128.0
TXN000616,2026-05-13,3,23,2,50.0
TXN000617,2026-05-13,3,6,1,30.0
TXN000619,2026-05-13,3,18,1,20.0
TXN000620,2026-05-13,3,9,2,80.0
TXN000621,2026-05-13,3,7,1,130.0
TXN000621,2026-05-13,3,27,2,80.0
TXN000622,2026-05-13,3,29,1,95.0
TXN000624,2026-05-13,3,3,1,115.0
TXN000624,2026-05-13,3,17,1,45.0
TXN000624,2026-05-13,3,42,1,620.0
TXN000625,2026-05-13,3,56,1,120.0
TXN000625,2026-05-13,3,22,1,30.0
TXN000626,2026-05-13,3,23,1,25.0
TXN000627,2026-05-13,3,1,2,128.0
TXN000627,2026-05-13,3,42,1,620.0
TXN000628,2026-05-14,1,16,1,120.0
TXN000628,2026-05-14,1,22,2,60.0
TXN000628,2026-05-14,1,18,1,20.0
TXN000629,2026-05-14,1,53,2,80.0
TXN000629,2026-05-14,1,16,1,120.0
TXN000629,2026-05-14,1,6,2,60.0
TXN000630,2026-05-14,1,32,1,120.0
TXN000631,2026-05-14,1,7,1,130.0
TXN000632,2026-05-14,1,1,2,128.0
TXN000632,2026-05-14,1,53,2,80.0
TXN000632,2026-05-14,1,6,1,30.0
TXN000632,2026-05-14,1,51,2,360.0
TXN000633,2026-05-14,1,22,2,60.0
TXN000633,2026-05-14,1,53,1,40.0
TXN000633,2026-05-14,1,4,2,280.0
TXN000634,2026-05-14,1,31,1,175.0
TXN000634,2026-05-14,1,46,1,48.0
TXN000634,2026-05-14,1,43,1,240.0
TXN000634,2026-05-14,1,29,2,190.0
TXN000635,2026-05-14,1,36,2,210.0
TXN000635,2026-05-14,1,34,1,190.0
TXN000635,2026-05-14,1,24,1,50.0
TXN000636,2026-05-14,1,53,2,80.0
TXN000636,2026-05-14,1,46,1,48.0
TXN000637,2026-05-14,1,40,1,65.0
TXN000637,2026-05-14,1,8,1,84.0
TXN000638,2026-05-14,1,7,2,260.0
TXN000638,2026-05-14,1,49,2,170.0
TXN000638,2026-05-14,1,27,2,80.0
TXN000639,2026-05-14,1,8,1,84.0
TXN000639,2026-05-14,1,58,1,25.0
TXN000639,2026-05-14,1,29,2,190.0
TXN000639,2026-05-14,1,30,1,40.0
TXN000640,2026-05-14,1,54,1,35.0
TXN000640,2026-05-14,1,60,1,40.0
TXN000641,2026-05-14,1,7,2,260.0
TXN000641,2026-05-14,1,25,1,280.0
TXN000642,2026-05-14,1,25,2,560.0
TXN000643,2026-05-14,1,18,3,60.0
TXN000644,2026-05-14,1,9,2,80.0
TXN000644,2026-05-14,1,27,1,40.0
TXN000645,2026-05-14,1,45,1,135.0
TXN000645,2026-05-14,1,36,1,105.0
TXN000645,2026-05-14,1,56,1,120.0
TXN000646,2026-05-14,1,23,2,50.0
TXN000646,2026-05-14,1,59,2,70.0
TXN000647,2026-05-14,1,33,1,85.0
TXN000647,2026-05-14,1,35,1,145.0
TXN000648,2026-05-14,1,49,1,85.0
TXN000649,2026-05-14,1,36,1,105.0
TXN000650,2026-05-14,1,57,1,90.0
TXN000650,2026-05-14,1,55,1,30.0
TXN000650,2026-05-14,1,52,1,50.0
TXN000651,2026-05-14,1,13,1,60.0
TXN000652,2026-05-14,1,17,3,135.0
TXN000652,2026-05-14,1,10,1,45.0
TXN000653,2026-05-14,1,23,1,25.0
TXN000653,2026-05-14,1,53,1,40.0
TXN000653,2026-05-14,1,29,1,95.0
TXN000653,2026-05-14,1,7,1,130.0
TXN000654,2026-05-14,1,25,1,280.0
TXN000654,2026-05-14,1,33,2,170.0
TXN000654,2026-05-14,1,51,2,360.0
TXN000655,2026-05-14,1,36,2,210.0
TXN000655,2026-05-14,1,4,1,140.0
TXN000655,2026-05-14,1,1,2,128.0
TXN000656,2026-05-14,1,54,1,35.0
TXN000656,2026-05-14,1,59,1,35.0
TXN000657,2026-05-14,1,13,1,60.0
TXN000657,2026-05-14,1,50,2,520.0
TXN000657,2026-05-14,1,47,1,165.0
TXN000657,2026-05-14,1,19,1,110.0
TXN000657,2026-05-14,1,29,1,95.0
TXN000658,2026-05-14,1,18,1,20.0
TXN000658,2026-05-14,1,36,2,210.0
TXN000658,2026-05-14,1,17,3,135.0
TXN000658,2026-05-14,1,9,3,120.0
TXN000659,2026-05-14,1,3,1,115.0
TXN000659,2026-05-14,1,10,2,90.0
TXN000660,2026-05-14,1,54,1,35.0
TXN000660,2026-05-14,1,43,1,240.0
TXN000660,2026-05-14,1,32,1,120.0
TXN000660,2026-05-14,1,51,1,180.0
TXN000661,2026-05-14,1,5,1,95.0
TXN000662,2026-05-14,1,27,1,40.0
TXN000662,2026-05-14,1,35,1,145.0
TXN000663,2026-05-14,1,57,1,90.0
TXN000664,2026-05-14,1,49,1,85.0
TXN000664,2026-05-14,1,40,1,65.0
TXN000666,2026-05-14,1,29,1,95.0
TXN000666,2026-05-14,1,58,1,25.0
TXN000667,2026-05-14,1,25,1,280.0
TXN000667,2026-05-14,1,59,1,35.0
TXN000667,2026-05-14,1,51,1,180.0
TXN000668,2026-05-14,1,47,1,165.0
TXN000668,2026-05-14,1,2,2,70.0
TXN000668,2026-05-14,1,34,1,190.0
TXN000669,2026-05-14,1,21,1,310.0
TXN000669,2026-05-14,1,33,1,85.0
TXN000670,2026-05-14,1,1,1,64.0
TXN000670,2026-05-14,1,41,1,90.0
TXN000670,2026-05-14,1,14,1,80.0
TXN000671,2026-05-14,1,42,2,1240.0
TXN000671,2026-05-14,1,53,2,80.0
TXN000671,2026-05-14,1,5,1,95.0
TXN000671,2026-05-14,1,48,2,48.0
TXN000672,2026-05-14,1,4,1,140.0
TXN000673,2026-05-14,1,51,1,180.0
TXN000673,2026-05-14,1,17,2,90.0
TXN000674,2026-05-14,1,17,3,135.0
TXN000675,2026-05-14,1,2,1,35.0
TXN000675,2026-05-14,1,25,1,280.0
TXN000676,2026-05-14,2,23,1,25.0
TXN000677,2026-05-14,2,39,1,140.0
TXN000677,2026-05-14,2,6,1,30.0
TXN000678,2026-05-14,2,53,2,80.0
TXN000678,2026-05-14,2,43,1,240.0
TXN000678,2026-05-14,2,2,1,35.0
TXN000680,2026-05-14,2,1,1,64.0
TXN000680,2026-05-14,2,36,1,105.0
TXN000682,2026-05-14,2,36,1,105.0
TXN000682,2026-05-14,2,20,1,220.0
TXN000682,2026-05-14,2,14,2,160.0
TXN000682,2026-05-14,2,48,1,24.0
TXN000683,2026-05-14,2,11,1,35.0
TXN000683,2026-05-14,2,12,2,180.0
TXN000684,2026-05-14,2,8,1,84.0
TXN000685,2026-05-14,2,55,1,30.0
TXN000686,2026-05-14,2,42,1,620.0
TXN000686,2026-05-14,2,36,1,105.0
TXN000686,2026-05-14,2,5,1,95.0
TXN000686,2026-05-14,2,19,1,110.0
TXN000687,2026-05-14,2,23,1,25.0
TXN000687,2026-05-14,2,9,2,80.0
TXN000688,2026-05-14,2,29,1,95.0
TXN000688,2026-05-14,2,22,1,30.0
TXN000689,2026-05-14,2,10,1,45.0
TXN000689,2026-05-14,2,37,1,160.0
TXN000689,2026-05-14,2,24,1,50.0
TXN000689,2026-05-14,2,52,1,50.0
TXN000690,2026-05-14,2,18,1,20.0
TXN000690,2026-05-14,2,54,1,35.0
TXN000690,2026-05-14,2,9,2,80.0
TXN000691,2026-05-14,2,32,1,120.0
TXN000691,2026-05-14,2,36,2,210.0
TXN000691,2026-05-14,2,7,2,260.0
TXN000692,2026-05-14,2,35,1,145.0
TXN000693,2026-05-14,2,47,2,330.0
TXN000694,2026-05-14,2,58,1,25.0
TXN000695,2026-05-14,2,53,1,40.0
TXN000696,2026-05-14,2,38,1,210.0
TXN000696,2026-05-14,2,26,1,450.0
TXN000696,2026-05-14,2,50,2,520.0
TXN000697,2026-05-14,2,15,1,110.0
TXN000697,2026-05-14,2,58,1,25.0
TXN000697,2026-05-14,2,50,1,260.0
TXN000698,2026-05-14,2,6,1,30.0
TXN000698,2026-05-14,2,33,1,85.0
TXN000698,2026-05-14,2,1,2,128.0
TXN000699,2026-05-14,2,9,3,120.0
TXN000699,2026-05-14,2,29,1,95.0
TXN000699,2026-05-14,2,11,2,70.0
TXN000699,2026-05-14,2,12,1,90.0
TXN000700,2026-05-14,2,15,1,110.0
TXN000700,2026-05-14,2,49,1,85.0
TXN000701,2026-05-14,2,59,1,35.0
TXN000702,2026-05-14,3,59,1,35.0
TXN000702,2026-05-14,3,30,1,40.0
TXN000703,2026-05-14,3,48,1,24.0
TXN000703,2026-05-14,3,17,1,45.0
TXN000704,2026-05-14,3,42,2,1240.0
TXN000704,2026-05-14,3,58,1,25.0
TXN000704,2026-05-14,3,54,2,70.0
TXN000704,2026-05-14,3,5,1,95.0
TXN000705,2026-05-14,3,32,2,240.0
TXN000705,2026-05-14,3,51,1,180.0
TXN000706,2026-05-14,3,15,1,110.0
TXN000706,2026-05-14,3,5,1,95.0
TXN000706,2026-05-14,3,33,1,85.0
TXN000707,2026-05-14,3,39,1,140.0
TXN000707,2026-05-14,3,46,1,48.0
TXN000707,2026-05-14,3,53,1,40.0
TXN000708,2026-05-14,3,44,1,580.0
TXN000708,2026-05-14,3,38,1,210.0
TXN000709,2026-05-14,3,9,1,40.0
TXN000710,2026-05-14,3,3,1,115.0
TXN000710,2026-05-14,3,4,1,140.0
TXN000711,2026-05-14,3,2,1,35.0
TXN000712,2026-05-14,3,15,1,110.0
TXN000712,2026-05-14,3,27,1,40.0
TXN000713,2026-05-14,3,11,1,35.0
TXN000713,2026-05-14,3,47,2,330.0
TXN000714,2026-05-14,3,5,1,95.0
TXN000714,2026-05-14,3,15,1,110.0
TXN000714,2026-05-14,3,25,2,560.0
TXN000714,2026-05-14,3,9,1,40.0
TXN000714,2026-05-14,3,7,1,130.0
TXN000716,2026-05-14,3,57,1,90.0
TXN000718,2026-05-14,3,43,1,240.0
TXN000718,2026-05-14,3,9,2,80.0
TXN000718,2026-05-14,3,58,1,25.0
TXN000719,2026-05-14,3,34,1,190.0
TXN000719,2026-05-14,3,27,1,40.0
TXN000719,2026-05-14,3,24,1,50.0
TXN000720,2026-05-14,3,23,2,50.0
TXN000720,2026-05-14,3,48,1,24.0
TXN000721,2026-05-14,3,59,1,35.0
TXN000721,2026-05-14,3,55,1,30.0
TXN000722,2026-05-14,3,57,2,180.0
TXN000722,2026-05-14,3,35,1,145.0
TXN000722,2026-05-14,3,27,2,80.0
TXN000722,2026-05-14,3,17,2,90.0
TXN000723,2026-05-14,3,42,1,620.0
TXN000723,2026-05-14,3,14,1,80.0
TXN000723,2026-05-14,3,45,2,270.0
TXN000723,2026-05-14,3,52,2,100.0
TXN000724,2026-05-14,3,17,1,45.0
TXN000724,2026-05-14,3,55,1,30.0
TXN000725,2026-05-14,3,27,2,80.0
TXN000725,2026-05-14,3,36,1,105.0
TXN000726,2026-05-14,3,36,1,105.0
TXN000726,2026-05-14,3,17,1,45.0
TXN000727,2026-05-14,3,48,1,24.0
TXN000727,2026-05-14,3,9,1,40.0
TXN000728,2026-05-14,3,14,1,80.0
TXN000729,2026-05-14,3,40,1,65.0
TXN000729,2026-05-14,3,45,1,135.0
TXN000729,2026-05-14,3,44,1,580.0
TXN000729,2026-05-14,3,46,1,48.0
TXN000729,2026-05-14,3,4,1,140.0
TXN000730,2026-05-14,3,6,2,60.0
TXN000730,2026-05-14,3,17,2,90.0
TXN000730,2026-05-14,3,15,1,110.0
TXN000732,2026-05-14,3,41,1,90.0
TXN000732,2026-05-14,3,32,1,120.0
TXN000733,2026-05-15,1,3,1,115.0
TXN000733,2026-05-15,1,51,1,180.0
TXN000736,2026-05-15,1,18,1,20.0
TXN000737,2026-05-15,1,26,1,450.0
TXN000738,2026-05-15,1,47,1,165.0
TXN000738,2026-05-15,1,54,1,35.0
TXN000738,2026-05-15,1,36,1,105.0
TXN000738,2026-05-15,1,59,1,35.0
TXN000739,2026-05-15,1,1,2,128.0
TXN000739,2026-05-15,1,17,3,135.0
TXN000739,2026-05-15,1,12,1,90.0
TXN000740,2026-05-15,1,22,1,30.0
TXN000740,2026-05-15,1,8,2,168.0
TXN000741,2026-05-15,1,45,1,135.0
TXN000741,2026-05-15,1,29,1,95.0
TXN000741,2026-05-15,1,25,1,280.0
TXN000742,2026-05-15,1,30,2,80.0
TXN000742,2026-05-15,1,44,1,580.0
TXN000743,2026-05-15,1,17,3,135.0
TXN000744,2026-05-15,1,44,1,580.0
TXN000744,2026-05-15,1,45,2,270.0
TXN000745,2026-05-15,1,27,1,40.0
TXN000745,2026-05-15,1,23,1,25.0
TXN000746,2026-05-15,1,6,1,30.0
TXN000746,2026-05-15,1,44,1,580.0
TXN000747,2026-05-15,1,23,1,25.0
TXN000747,2026-05-15,1,58,1,25.0
TXN000748,2026-05-15,1,32,2,240.0
TXN000748,2026-05-15,1,48,3,72.0
TXN000749,2026-05-15,1,14,1,80.0
TXN000750,2026-05-15,1,59,1,35.0
TXN000752,2026-05-15,1,40,1,65.0
TXN000752,2026-05-15,1,1,2,128.0
TXN000752,2026-05-15,1,55,1,30.0
TXN000753,2026-05-15,1,58,1,25.0
TXN000753,2026-05-15,1,57,1,90.0
TXN000754,2026-05-15,1,9,2,80.0
TXN000754,2026-05-15,1,52,1,50.0
TXN000755,2026-05-15,1,30,2,80.0
TXN000755,2026-05-15,1,8,1,84.0
TXN000756,2026-05-15,1,1,2,128.0
TXN000757,2026-05-15,1,25,2,560.0
TXN000758,2026-05-15,1,36,2,210.0
TXN000758,2026-05-15,1,17,2,90.0
TXN000759,2026-05-15,1,22,2,60.0
TXN000759,2026-05-15,1,24,1,50.0
TXN000759,2026-05-15,1,12,2,180.0
TXN000759,2026-05-15,1,32,1,120.0
TXN000759,2026-05-15,1,28,1,75.0
TXN000760,2026-05-15,1,29,2,190.0
TXN000760,2026-05-15,1,12,2,180.0
TXN000760,2026-05-15,1,37,1,160.0
TXN000761,2026-05-15,1,47,1,165.0
TXN000762,2026-05-15,1,55,2,60.0
TXN000762,2026-05-15,1,25,2,560.0
TXN000762,2026-05-15,1,10,1,45.0
TXN000763,2026-05-15,1,32,1,120.0
TXN000763,2026-05-15,1,9,2,80.0
TXN000763,2026-05-15,1,55,1,30.0
TXN000764,2026-05-15,1,36,2,210.0
TXN000764,2026-05-15,1,55,2,60.0
TXN000764,2026-05-15,1,37,1,160.0
TXN000765,2026-05-15,1,53,2,80.0
TXN000765,2026-05-15,1,17,2,90.0
TXN000766,2026-05-15,1,48,2,48.0
TXN000766,2026-05-15,1,22,1,30.0
TXN000766,2026-05-15,1,17,3,135.0
TXN000766,2026-05-15,1,24,1,50.0
TXN000767,2026-05-15,1,8,1,84.0
TXN000767,2026-05-15,1,23,2,50.0
TXN000767,2026-05-15,1,56,1,120.0
TXN000768,2026-05-15,1,12,1,90.0
TXN000768,2026-05-15,1,50,1,260.0
TXN000769,2026-05-15,1,56,1,120.0
TXN000770,2026-05-15,1,40,1,65.0
TXN000770,2026-05-15,1,37,1,160.0
TXN000770,2026-05-15,1,26,1,450.0
TXN000771,2026-05-15,1,42,1,620.0
TXN000771,2026-05-15,1,19,1,110.0
TXN000771,2026-05-15,1,46,2,96.0
TXN000772,2026-05-15,1,57,1,90.0
TXN000772,2026-05-15,1,29,1,95.0
TXN000773,2026-05-15,2,55,2,60.0
TXN000774,2026-05-15,2,48,2,48.0
TXN000774,2026-05-15,2,45,1,135.0
TXN000774,2026-05-15,2,6,2,60.0
TXN000775,2026-05-15,2,5,1,95.0
TXN000776,2026-05-15,2,2,1,35.0
TXN000777,2026-05-15,2,49,1,85.0
TXN000777,2026-05-15,2,6,2,60.0
TXN000777,2026-05-15,2,7,2,260.0
TXN000778,2026-05-15,2,48,1,24.0
TXN000779,2026-05-15,2,54,1,35.0
TXN000779,2026-05-15,2,2,2,70.0
TXN000779,2026-05-15,2,3,1,115.0
TXN000779,2026-05-15,2,43,1,240.0
TXN000780,2026-05-15,2,60,2,80.0
TXN000780,2026-05-15,2,18,1,20.0
TXN000780,2026-05-15,2,36,2,210.0
TXN000780,2026-05-15,2,29,2,190.0
TXN000780,2026-05-15,2,9,1,40.0
TXN000781,2026-05-15,2,35,1,145.0
TXN000782,2026-05-15,2,17,2,90.0
TXN000782,2026-05-15,2,10,2,90.0
TXN000782,2026-05-15,2,1,2,128.0
TXN000783,2026-05-15,2,19,2,220.0
TXN000783,2026-05-15,2,35,1,145.0
TXN000784,2026-05-15,2,1,1,64.0
TXN000785,2026-05-15,2,27,1,40.0
TXN000786,2026-05-15,2,48,1,24.0
TXN000787,2026-05-15,2,17,2,90.0
TXN000787,2026-05-15,2,6,1,30.0
TXN000788,2026-05-15,2,52,1,50.0
TXN000788,2026-05-15,2,45,1,135.0
TXN000788,2026-05-15,2,18,1,20.0
TXN000788,2026-05-15,2,19,1,110.0
TXN000789,2026-05-15,2,8,1,84.0
TXN000790,2026-05-15,2,45,1,135.0
TXN000790,2026-05-15,2,40,1,65.0
TXN000790,2026-05-15,2,32,2,240.0
TXN000791,2026-05-15,2,7,1,130.0
TXN000792,2026-05-15,2,15,2,220.0
TXN000793,2026-05-15,2,10,1,45.0
TXN000794,2026-05-15,2,51,1,180.0
TXN000794,2026-05-15,2,32,1,120.0
TXN000795,2026-05-15,2,6,1,30.0
TXN000795,2026-05-15,2,54,1,35.0
TXN000795,2026-05-15,2,49,1,85.0
TXN000796,2026-05-15,2,12,1,90.0
TXN000796,2026-05-15,2,13,1,60.0
TXN000796,2026-05-15,2,58,1,25.0
TXN000796,2026-05-15,2,54,3,105.0
TXN000797,2026-05-15,2,25,1,280.0
TXN000797,2026-05-15,2,50,1,260.0
TXN000799,2026-05-15,2,48,1,24.0
TXN000799,2026-05-15,2,50,1,260.0
TXN000800,2026-05-15,2,41,2,180.0
TXN000800,2026-05-15,2,47,2,330.0
TXN000801,2026-05-15,2,8,2,168.0
TXN000801,2026-05-15,2,17,2,90.0
TXN000801,2026-05-15,2,41,2,180.0
TXN000801,2026-05-15,2,20,1,220.0
TXN000802,2026-05-15,2,16,1,120.0
TXN000803,2026-05-15,2,51,1,180.0
TXN000804,2026-05-15,2,1,2,128.0
TXN000805,2026-05-15,2,10,1,45.0
TXN000805,2026-05-15,2,24,1,50.0
TXN000805,2026-05-15,2,50,1,260.0
TXN000806,2026-05-15,2,4,1,140.0
TXN000807,2026-05-15,2,51,2,360.0
TXN000807,2026-05-15,2,7,1,130.0
TXN000807,2026-05-15,2,9,3,120.0
TXN000807,2026-05-15,2,32,1,120.0
TXN000807,2026-05-15,2,15,1,110.0
TXN000808,2026-05-15,2,13,1,60.0
TXN000808,2026-05-15,2,2,1,35.0
TXN000808,2026-05-15,2,45,1,135.0
TXN000809,2026-05-15,2,36,1,105.0
TXN000809,2026-05-15,2,19,1,110.0
TXN000809,2026-05-15,2,45,1,135.0
TXN000810,2026-05-15,2,18,2,40.0
TXN000810,2026-05-15,2,54,1,35.0
TXN000810,2026-05-15,2,39,1,140.0
TXN000811,2026-05-15,3,35,1,145.0
TXN000811,2026-05-15,3,24,1,50.0
TXN000811,2026-05-15,3,30,1,40.0
TXN000813,2026-05-15,3,16,1,120.0
TXN000813,2026-05-15,3,21,2,620.0
TXN000813,2026-05-15,3,47,1,165.0
TXN000813,2026-05-15,3,5,1,95.0
TXN000813,2026-05-15,3,43,2,480.0
TXN000814,2026-05-15,3,10,1,45.0
TXN000814,2026-05-15,3,19,1,110.0
TXN000814,2026-05-15,3,27,1,40.0
TXN000815,2026-05-15,3,13,1,60.0
TXN000816,2026-05-15,3,7,1,130.0
TXN000817,2026-05-15,3,43,1,240.0
TXN000817,2026-05-15,3,32,1,120.0
TXN000818,2026-05-15,3,1,2,128.0
TXN000819,2026-05-15,3,54,1,35.0
TXN000820,2026-05-15,3,53,2,80.0
TXN000820,2026-05-15,3,24,1,50.0
TXN000820,2026-05-15,3,51,1,180.0
TXN000821,2026-05-15,3,14,1,80.0
TXN000823,2026-05-15,3,36,2,210.0
TXN000824,2026-05-15,3,30,2,80.0
TXN000824,2026-05-15,3,45,2,270.0
TXN000826,2026-05-15,3,36,1,105.0
TXN000826,2026-05-15,3,55,2,60.0
TXN000827,2026-05-15,3,53,1,40.0
TXN000827,2026-05-15,3,47,2,330.0
TXN000827,2026-05-15,3,39,1,140.0
TXN000828,2026-05-15,3,24,1,50.0
TXN000828,2026-05-15,3,29,1,95.0
TXN000829,2026-05-15,3,34,1,190.0
TXN000830,2026-05-15,3,1,2,128.0
TXN000830,2026-05-15,3,15,1,110.0
TXN000831,2026-05-15,3,36,2,210.0
TXN000831,2026-05-15,3,33,1,85.0
TXN000832,2026-05-15,3,30,1,40.0
TXN000833,2026-05-15,3,57,1,90.0
TXN000833,2026-05-15,3,16,1,120.0
TXN000834,2026-05-15,3,37,1,160.0
TXN000834,2026-05-15,3,59,1,35.0
TXN000835,2026-05-15,3,53,1,40.0
TXN000835,2026-05-15,3,59,1,35.0
TXN000835,2026-05-15,3,7,1,130.0
TXN000835,2026-05-15,3,42,1,620.0
TXN000836,2026-05-15,3,23,1,25.0
TXN000836,2026-05-15,3,53,2,80.0
TXN000838,2026-05-15,3,60,1,40.0
TXN000838,2026-05-15,3,1,2,128.0
TXN000838,2026-05-15,3,41,1,90.0
TXN000838,2026-05-15,3,25,1,280.0
TXN000839,2026-05-16,1,4,1,140.0
TXN000840,2026-05-16,1,37,1,160.0
TXN000840,2026-05-16,1,33,1,85.0
TXN000840,2026-05-16,1,6,1,30.0
TXN000840,2026-05-16,1,15,2,220.0
TXN000840,2026-05-16,1,28,1,75.0
TXN000841,2026-05-16,1,36,2,210.0
TXN000842,2026-05-16,1,17,2,90.0
TXN000842,2026-05-16,1,6,2,60.0
TXN000842,2026-05-16,1,33,1,85.0
TXN000843,2026-05-16,1,42,2,1240.0
TXN000843,2026-05-16,1,13,1,60.0
TXN000843,2026-05-16,1,36,2,210.0
TXN000844,2026-05-16,1,18,1,20.0
TXN000845,2026-05-16,1,6,1,30.0
TXN000845,2026-05-16,1,8,2,168.0
TXN000845,2026-05-16,1,43,2,480.0
TXN000845,2026-05-16,1,27,1,40.0
TXN000845,2026-05-16,1,28,1,75.0
TXN000846,2026-05-16,1,11,1,35.0
TXN000848,2026-05-16,1,8,2,168.0
TXN000849,2026-05-16,1,60,1,40.0
TXN000849,2026-05-16,1,10,1,45.0
TXN000849,2026-05-16,1,56,1,120.0
TXN000849,2026-05-16,1,54,2,70.0
TXN000849,2026-05-16,1,53,1,40.0
TXN000850,2026-05-16,1,2,1,35.0
TXN000850,2026-05-16,1,22,1,30.0
TXN000850,2026-05-16,1,14,1,80.0
TXN000850,2026-05-16,1,48,2,48.0
TXN000851,2026-05-16,1,40,1,65.0
TXN000851,2026-05-16,1,47,1,165.0
TXN000851,2026-05-16,1,10,1,45.0
TXN000851,2026-05-16,1,45,1,135.0
TXN000852,2026-05-16,1,17,3,135.0
TXN000853,2026-05-16,1,18,2,40.0
TXN000853,2026-05-16,1,4,2,280.0
TXN000853,2026-05-16,1,30,2,80.0
TXN000853,2026-05-16,1,42,1,620.0
TXN000853,2026-05-16,1,1,2,128.0
TXN000854,2026-05-16,1,7,3,390.0
TXN000855,2026-05-16,1,46,3,144.0
TXN000855,2026-05-16,1,7,2,260.0
TXN000855,2026-05-16,1,58,1,25.0
TXN000855,2026-05-16,1,21,1,310.0
TXN000855,2026-05-16,1,32,2,240.0
TXN000856,2026-05-16,1,36,3,315.0
TXN000856,2026-05-16,1,60,1,40.0
TXN000856,2026-05-16,1,46,1,48.0
TXN000856,2026-05-16,1,2,2,70.0
TXN000857,2026-05-16,1,2,1,35.0
TXN000857,2026-05-16,1,23,1,25.0
TXN000858,2026-05-16,1,16,2,240.0
TXN000858,2026-05-16,1,18,2,40.0
TXN000859,2026-05-16,1,36,1,105.0
TXN000860,2026-05-16,1,15,2,220.0
TXN000860,2026-05-16,1,10,1,45.0
TXN000860,2026-05-16,1,22,2,60.0
TXN000861,2026-05-16,1,56,1,120.0
TXN000861,2026-05-16,1,41,1,90.0
TXN000861,2026-05-16,1,15,2,220.0
TXN000861,2026-05-16,1,27,2,80.0
TXN000862,2026-05-16,1,9,3,120.0
TXN000862,2026-05-16,1,14,1,80.0
TXN000862,2026-05-16,1,42,1,620.0
TXN000862,2026-05-16,1,38,1,210.0
TXN000863,2026-05-16,1,59,1,35.0
TXN000864,2026-05-16,1,59,1,35.0
TXN000864,2026-05-16,1,21,1,310.0
TXN000864,2026-05-16,1,5,1,95.0
TXN000864,2026-05-16,1,36,3,315.0
TXN000865,2026-05-16,1,47,2,330.0
TXN000866,2026-05-16,1,27,3,120.0
TXN000866,2026-05-16,1,29,1,95.0
TXN000866,2026-05-16,1,48,2,48.0
TXN000867,2026-05-16,1,9,4,160.0
TXN000868,2026-05-16,1,2,2,70.0
TXN000868,2026-05-16,1,49,1,85.0
TXN000869,2026-05-16,1,37,1,160.0
TXN000869,2026-05-16,1,40,2,130.0
TXN000869,2026-05-16,1,15,2,220.0
TXN000869,2026-05-16,1,39,2,280.0
TXN000870,2026-05-16,1,12,2,180.0
TXN000870,2026-05-16,1,55,1,30.0
TXN000870,2026-05-16,1,25,2,560.0
TXN000871,2026-05-16,1,3,2,230.0
TXN000872,2026-05-16,1,27,2,80.0
TXN000872,2026-05-16,1,15,1,110.0
TXN000872,2026-05-16,1,48,2,48.0
TXN000873,2026-05-16,1,56,1,120.0
TXN000873,2026-05-16,1,40,1,65.0
TXN000873,2026-05-16,1,32,2,240.0
TXN000873,2026-05-16,1,45,2,270.0
TXN000874,2026-05-16,1,39,2,280.0
TXN000875,2026-05-16,1,47,2,330.0
TXN000875,2026-05-16,1,21,1,310.0
TXN000876,2026-05-16,1,34,1,190.0
TXN000877,2026-05-16,1,53,1,40.0
TXN000877,2026-05-16,1,3,1,115.0
TXN000877,2026-05-16,1,16,2,240.0
TXN000878,2026-05-16,1,4,2,280.0
TXN000878,2026-05-16,1,13,1,60.0
TXN000879,2026-05-16,1,28,1,75.0
TXN000879,2026-05-16,1,19,1,110.0
TXN000880,2026-05-16,1,10,2,90.0
TXN000880,2026-05-16,1,30,2,80.0
TXN000880,2026-05-16,1,54,2,70.0
TXN000880,2026-05-16,1,42,3,1860.0
TXN000881,2026-05-16,1,26,1,450.0
TXN000881,2026-05-16,1,27,1,40.0
TXN000883,2026-05-16,1,57,1,90.0
TXN000883,2026-05-16,1,30,2,80.0
TXN000884,2026-05-16,1,46,2,96.0
TXN000884,2026-05-16,1,47,2,330.0
TXN000885,2026-05-16,2,6,2,60.0
TXN000885,2026-05-16,2,46,2,96.0
TXN000886,2026-05-16,2,25,1,280.0
TXN000886,2026-05-16,2,36,1,105.0
TXN000887,2026-05-16,2,56,1,120.0
TXN000887,2026-05-16,2,43,1,240.0
TXN000888,2026-05-16,2,27,2,80.0
TXN000889,2026-05-16,2,47,1,165.0
TXN000889,2026-05-16,2,50,2,520.0
TXN000890,2026-05-16,2,1,2,128.0
TXN000891,2026-05-16,2,32,3,360.0
TXN000891,2026-05-16,2,55,1,30.0
TXN000891,2026-05-16,2,35,1,145.0
TXN000891,2026-05-16,2,52,2,100.0
TXN000892,2026-05-16,2,30,1,40.0
TXN000892,2026-05-16,2,27,1,40.0
TXN000892,2026-05-16,2,29,2,190.0
TXN000892,2026-05-16,2,6,1,30.0
TXN000893,2026-05-16,2,53,2,80.0
TXN000893,2026-05-16,2,14,1,80.0
TXN000893,2026-05-16,2,4,1,140.0
TXN000893,2026-05-16,2,12,1,90.0
TXN000894,2026-05-16,2,6,3,90.0
TXN000894,2026-05-16,2,4,2,280.0
TXN000896,2026-05-16,2,30,2,80.0
TXN000896,2026-05-16,2,48,2,48.0
TXN000897,2026-05-16,2,49,1,85.0
TXN000898,2026-05-16,2,54,1,35.0
TXN000898,2026-05-16,2,36,2,210.0
TXN000898,2026-05-16,2,5,1,95.0
TXN000899,2026-05-16,2,34,1,190.0
TXN000899,2026-05-16,2,45,1,135.0
TXN000900,2026-05-16,2,60,1,40.0
TXN000900,2026-05-16,2,51,1,180.0
TXN000900,2026-05-16,2,46,1,48.0
TXN000901,2026-05-16,2,9,2,80.0
TXN000902,2026-05-16,2,40,1,65.0
TXN000903,2026-05-16,2,1,3,192.0
TXN000903,2026-05-16,2,8,2,168.0
TXN000904,2026-05-16,2,48,2,48.0
TXN000905,2026-05-16,2,52,2,100.0
TXN000905,2026-05-16,2,40,1,65.0
TXN000906,2026-05-16,2,23,1,25.0
TXN000906,2026-05-16,2,36,2,210.0
TXN000906,2026-05-16,2,52,1,50.0
TXN000908,2026-05-16,2,21,1,310.0
TXN000908,2026-05-16,2,50,1,260.0
TXN000908,2026-05-16,2,1,3,192.0
TXN000909,2026-05-16,2,22,1,30.0
TXN000909,2026-05-16,2,54,1,35.0
TXN000910,2026-05-16,2,52,2,100.0
TXN000910,2026-05-16,2,42,2,1240.0
TXN000910,2026-05-16,2,9,3,120.0
TXN000911,2026-05-16,2,30,1,40.0
TXN000911,2026-05-16,2,51,1,180.0
TXN000911,2026-05-16,2,53,2,80.0
TXN000912,2026-05-16,2,37,1,160.0
TXN000912,2026-05-16,2,47,1,165.0
TXN000912,2026-05-16,2,21,1,310.0
TXN000913,2026-05-16,2,5,1,95.0
TXN000913,2026-05-16,2,10,1,45.0
TXN000913,2026-05-16,2,18,1,20.0
TXN000914,2026-05-16,2,39,1,140.0
TXN000915,2026-05-16,2,8,1,84.0
TXN000915,2026-05-16,2,51,2,360.0
TXN000915,2026-05-16,2,49,1,85.0
TXN000916,2026-05-16,2,24,1,50.0
TXN000916,2026-05-16,2,29,1,95.0
TXN000917,2026-05-16,2,20,1,220.0
TXN000917,2026-05-16,2,12,1,90.0
TXN000917,2026-05-16,2,8,2,168.0
TXN000917,2026-05-16,2,51,1,180.0
TXN000918,2026-05-16,2,10,1,45.0
TXN000918,2026-05-16,2,22,1,30.0
TXN000918,2026-05-16,2,60,1,40.0
TXN000919,2026-05-16,2,9,2,80.0
TXN000919,2026-05-16,2,47,3,495.0
TXN000919,2026-05-16,2,3,1,115.0
TXN000920,2026-05-16,2,56,1,120.0
TXN000920,2026-05-16,2,6,2,60.0
TXN000920,2026-05-16,2,22,1,30.0
TXN000920,2026-05-16,2,30,1,40.0
TXN000921,2026-05-16,2,21,1,310.0
TXN000921,2026-05-16,2,13,1,60.0
TXN000922,2026-05-16,2,50,2,520.0
TXN000922,2026-05-16,2,29,2,190.0
TXN000922,2026-05-16,2,43,1,240.0
TXN000923,2026-05-16,2,8,1,84.0
TXN000923,2026-05-16,2,1,2,128.0
TXN000924,2026-05-16,2,10,1,45.0
TXN000924,2026-05-16,2,46,1,48.0
TXN000924,2026-05-16,2,52,2,100.0
TXN000926,2026-05-16,2,35,1,145.0
TXN000926,2026-05-16,2,29,2,190.0
TXN000926,2026-05-16,2,4,1,140.0
TXN000927,2026-05-16,2,6,1,30.0
TXN000928,2026-05-16,2,46,1,48.0
TXN000929,2026-05-16,2,53,2,80.0
TXN000929,2026-05-16,2,13,1,60.0
TXN000930,2026-05-16,2,60,1,40.0
TXN000931,2026-05-16,3,53,1,40.0
TXN000932,2026-05-16,3,7,1,130.0
TXN000934,2026-05-16,3,45,2,270.0
TXN000934,2026-05-16,3,43,2,480.0
TXN000935,2026-05-16,3,31,1,175.0
TXN000936,2026-05-16,3,30,1,40.0
TXN000936,2026-05-16,3,11,1,35.0
TXN000936,2026-05-16,3,19,1,110.0
TXN000938,2026-05-16,3,35,1,145.0
TXN000938,2026-05-16,3,30,1,40.0
TXN000938,2026-05-16,3,26,1,450.0
TXN000939,2026-05-16,3,31,1,175.0
TXN000939,2026-05-16,3,25,1,280.0
TXN000940,2026-05-16,3,45,1,135.0
TXN000941,2026-05-16,3,51,2,360.0
TXN000941,2026-05-16,3,22,2,60.0
TXN000941,2026-05-16,3,35,1,145.0
TXN000942,2026-05-16,3,39,1,140.0
TXN000942,2026-05-16,3,30,2,80.0
TXN000943,2026-05-16,3,26,1,450.0
TXN000943,2026-05-16,3,5,1,95.0
TXN000944,2026-05-16,3,21,1,310.0
TXN000944,2026-05-16,3,32,1,120.0
TXN000944,2026-05-16,3,42,2,1240.0
TXN000944,2026-05-16,3,43,2,480.0
TXN000945,2026-05-16,3,49,1,85.0
TXN000946,2026-05-16,3,19,1,110.0
TXN000946,2026-05-16,3,25,1,280.0
TXN000946,2026-05-16,3,40,1,65.0
TXN000946,2026-05-16,3,37,1,160.0
TXN000948,2026-05-16,3,1,1,64.0
TXN000948,2026-05-16,3,40,1,65.0
TXN000948,2026-05-16,3,33,1,85.0
TXN000948,2026-05-16,3,55,1,30.0
TXN000949,2026-05-16,3,53,1,40.0
TXN000949,2026-05-16,3,23,1,25.0
TXN000949,2026-05-16,3,8,1,84.0
TXN000950,2026-05-16,3,46,1,48.0
TXN000950,2026-05-16,3,25,2,560.0
TXN000951,2026-05-16,3,9,2,80.0
TXN000951,2026-05-16,3,36,1,105.0
TXN000951,2026-05-16,3,25,1,280.0
TXN000952,2026-05-16,3,9,2,80.0
TXN000952,2026-05-16,3,1,2,128.0
TXN000953,2026-05-16,3,43,2,480.0
TXN000953,2026-05-16,3,9,3,120.0
TXN000953,2026-05-16,3,6,2,60.0
TXN000954,2026-05-16,3,30,2,80.0
TXN000954,2026-05-16,3,33,1,85.0
TXN000955,2026-05-16,3,39,1,140.0
TXN000955,2026-05-16,3,1,2,128.0
TXN000955,2026-05-16,3,32,1,120.0
TXN000956,2026-05-16,3,60,1,40.0
TXN000956,2026-05-16,3,35,1,145.0
TXN000957,2026-05-16,3,10,2,90.0
TXN000958,2026-05-16,3,49,1,85.0
TXN000958,2026-05-16,3,50,1,260.0
TXN000958,2026-05-16,3,18,1,20.0
TXN000958,2026-05-16,3,30,1,40.0
TXN000960,2026-05-17,1,58,2,50.0
TXN000960,2026-05-17,1,22,2,60.0
TXN000960,2026-05-17,1,35,2,290.0
TXN000960,2026-05-17,1,50,1,260.0
TXN000961,2026-05-17,1,27,2,80.0
TXN000961,2026-05-17,1,23,2,50.0
TXN000961,2026-05-17,1,52,1,50.0
TXN000962,2026-05-17,1,47,1,165.0
TXN000962,2026-05-17,1,51,2,360.0
TXN000963,2026-05-17,1,4,2,280.0
TXN000963,2026-05-17,1,43,1,240.0
TXN000963,2026-05-17,1,52,2,100.0
TXN000963,2026-05-17,1,48,2,48.0
TXN000964,2026-05-17,1,17,3,135.0
TXN000964,2026-05-17,1,9,4,160.0
TXN000964,2026-05-17,1,40,1,65.0
TXN000965,2026-05-17,1,59,1,35.0
TXN000966,2026-05-17,1,24,1,50.0
TXN000966,2026-05-17,1,52,1,50.0
TXN000966,2026-05-17,1,12,2,180.0
TXN000966,2026-05-17,1,17,4,180.0
TXN000967,2026-05-17,1,22,3,90.0
TXN000968,2026-05-17,1,60,1,40.0
TXN000968,2026-05-17,1,53,2,80.0
TXN000968,2026-05-17,1,10,1,45.0
TXN000968,2026-05-17,1,54,1,35.0
TXN000968,2026-05-17,1,32,2,240.0
TXN000969,2026-05-17,1,14,1,80.0
TXN000970,2026-05-17,1,4,1,140.0
TXN000971,2026-05-17,1,30,1,40.0
TXN000972,2026-05-17,1,15,1,110.0
TXN000972,2026-05-17,1,25,1,280.0
TXN000972,2026-05-17,1,46,2,96.0
TXN000972,2026-05-17,1,31,1,175.0
TXN000973,2026-05-17,1,25,1,280.0
TXN000973,2026-05-17,1,21,1,310.0
TXN000974,2026-05-17,1,40,1,65.0
TXN000974,2026-05-17,1,59,1,35.0
TXN000974,2026-05-17,1,42,2,1240.0
TXN000974,2026-05-17,1,55,1,30.0
TXN000975,2026-05-17,1,26,1,450.0
TXN000975,2026-05-17,1,30,1,40.0
TXN000975,2026-05-17,1,50,1,260.0
TXN000975,2026-05-17,1,48,1,24.0
TXN000976,2026-05-17,1,1,3,192.0
TXN000977,2026-05-17,1,7,2,260.0
TXN000977,2026-05-17,1,29,2,190.0
TXN000977,2026-05-17,1,23,2,50.0
TXN000977,2026-05-17,1,15,1,110.0
TXN000978,2026-05-17,1,43,1,240.0
TXN000978,2026-05-17,1,54,1,35.0
TXN000978,2026-05-17,1,14,2,160.0
TXN000978,2026-05-17,1,39,2,280.0
TXN000979,2026-05-17,1,25,2,560.0
TXN000979,2026-05-17,1,43,1,240.0
TXN000980,2026-05-17,1,58,1,25.0
TXN000980,2026-05-17,1,8,1,84.0
TXN000981,2026-05-17,1,60,2,80.0
TXN000981,2026-05-17,1,5,1,95.0
TXN000982,2026-05-17,1,17,4,180.0
TXN000982,2026-05-17,1,11,1,35.0
TXN000982,2026-05-17,1,50,1,260.0
TXN000983,2026-05-17,1,17,3,135.0
TXN000984,2026-05-17,1,29,2,190.0
TXN000984,2026-05-17,1,5,1,95.0
TXN000985,2026-05-17,1,7,1,130.0
TXN000985,2026-05-17,1,10,1,45.0
TXN000985,2026-05-17,1,35,1,145.0
TXN000985,2026-05-17,1,50,2,520.0
TXN000986,2026-05-17,1,7,2,260.0
TXN000986,2026-05-17,1,3,2,230.0
TXN000986,2026-05-17,1,5,1,95.0
TXN000987,2026-05-17,1,2,2,70.0
TXN000987,2026-05-17,1,58,1,25.0
TXN000987,2026-05-17,1,32,2,240.0
TXN000987,2026-05-17,1,10,2,90.0
TXN000988,2026-05-17,1,45,2,270.0
TXN000988,2026-05-17,1,22,1,30.0
TXN000989,2026-05-17,1,46,1,48.0
TXN000989,2026-05-17,1,50,2,520.0
TXN000989,2026-05-17,1,32,2,240.0
TXN000989,2026-05-17,1,31,1,175.0
TXN000990,2026-05-17,1,45,2,270.0
TXN000990,2026-05-17,1,53,2,80.0
TXN000990,2026-05-17,1,50,2,520.0
TXN000990,2026-05-17,1,31,1,175.0
TXN000991,2026-05-17,1,41,1,90.0
TXN000993,2026-05-17,1,54,1,35.0
TXN000994,2026-05-17,1,49,1,85.0
TXN000994,2026-05-17,1,50,2,520.0
TXN000994,2026-05-17,1,19,2,220.0
TXN000994,2026-05-17,1,42,2,1240.0
TXN000995,2026-05-17,1,45,3,405.0
TXN000995,2026-05-17,1,25,2,560.0
TXN000996,2026-05-17,1,48,2,48.0
TXN000996,2026-05-17,1,13,1,60.0
TXN000996,2026-05-17,1,9,4,160.0
TXN000997,2026-05-17,1,51,1,180.0
TXN000998,2026-05-17,1,42,2,1240.0
TXN000998,2026-05-17,1,20,1,220.0
TXN000998,2026-05-17,1,35,1,145.0
TXN000998,2026-05-17,1,54,2,70.0
TXN000999,2026-05-17,1,26,1,450.0
TXN001000,2026-05-17,1,30,2,80.0
TXN001000,2026-05-17,1,44,1,580.0
TXN001000,2026-05-17,1,35,1,145.0
TXN001000,2026-05-17,1,10,1,45.0
TXN001002,2026-05-17,1,3,2,230.0
TXN001002,2026-05-17,1,16,2,240.0
TXN001002,2026-05-17,1,45,3,405.0
TXN001002,2026-05-17,1,42,1,620.0
TXN001002,2026-05-17,1,9,4,160.0
TXN001003,2026-05-17,1,5,1,95.0
TXN001003,2026-05-17,1,53,1,40.0
TXN001003,2026-05-17,1,7,1,130.0
TXN001003,2026-05-17,1,8,2,168.0
TXN001003,2026-05-17,1,32,2,240.0
TXN001004,2026-05-17,1,52,1,50.0
TXN001004,2026-05-17,1,54,1,35.0
TXN001004,2026-05-17,1,48,3,72.0
TXN001005,2026-05-17,1,21,1,310.0
TXN001005,2026-05-17,1,54,2,70.0
TXN001006,2026-05-17,1,38,1,210.0
TXN001007,2026-05-17,1,8,2,168.0
TXN001008,2026-05-17,2,49,1,85.0
TXN001008,2026-05-17,2,27,2,80.0
TXN001009,2026-05-17,2,29,2,190.0
TXN001009,2026-05-17,2,16,1,120.0
TXN001010,2026-05-17,2,51,2,360.0
TXN001011,2026-05-17,2,2,1,35.0
TXN001011,2026-05-17,2,57,1,90.0
TXN001012,2026-05-17,2,60,1,40.0
TXN001012,2026-05-17,2,6,1,30.0
TXN001013,2026-05-17,2,27,1,40.0
TXN001013,2026-05-17,2,45,2,270.0
TXN001013,2026-05-17,2,52,1,50.0
TXN001014,2026-05-17,2,10,1,45.0
TXN001015,2026-05-17,2,16,2,240.0
TXN001015,2026-05-17,2,12,1,90.0
TXN001015,2026-05-17,2,45,2,270.0
TXN001016,2026-05-17,2,23,1,25.0
TXN001016,2026-05-17,2,27,1,40.0
TXN001016,2026-05-17,2,1,4,256.0
TXN001017,2026-05-17,2,24,1,50.0
TXN001017,2026-05-17,2,56,1,120.0
TXN001017,2026-05-17,2,49,2,170.0
TXN001017,2026-05-17,2,33,1,85.0
TXN001018,2026-05-17,2,8,2,168.0
TXN001018,2026-05-17,2,51,2,360.0
TXN001019,2026-05-17,2,32,2,240.0
TXN001019,2026-05-17,2,12,1,90.0
TXN001019,2026-05-17,2,43,2,480.0
TXN001020,2026-05-17,2,22,2,60.0
TXN001020,2026-05-17,2,52,1,50.0
TXN001021,2026-05-17,2,12,1,90.0
TXN001021,2026-05-17,2,51,2,360.0
TXN001021,2026-05-17,2,2,1,35.0
TXN001021,2026-05-17,2,32,2,240.0
TXN001022,2026-05-17,2,21,1,310.0
TXN001022,2026-05-17,2,27,1,40.0
TXN001022,2026-05-17,2,13,1,60.0
TXN001022,2026-05-17,2,48,2,48.0
TXN001022,2026-05-17,2,44,1,580.0
TXN001023,2026-05-17,2,56,1,120.0
TXN001023,2026-05-17,2,13,1,60.0
TXN001023,2026-05-17,2,58,1,25.0
TXN001024,2026-05-17,2,14,1,80.0
TXN001024,2026-05-17,2,60,1,40.0
TXN001025,2026-05-17,2,9,3,120.0
TXN001025,2026-05-17,2,30,2,80.0
TXN001025,2026-05-17,2,47,1,165.0
TXN001026,2026-05-17,2,45,2,270.0
TXN001027,2026-05-17,2,18,1,20.0
TXN001027,2026-05-17,2,9,2,80.0
TXN001027,2026-05-17,2,8,1,84.0
TXN001027,2026-05-17,2,55,1,30.0
TXN001028,2026-05-17,2,58,1,25.0
TXN001028,2026-05-17,2,11,1,35.0
TXN001028,2026-05-17,2,36,2,210.0
TXN001028,2026-05-17,2,55,2,60.0
TXN001029,2026-05-17,2,54,1,35.0
TXN001029,2026-05-17,2,30,1,40.0
TXN001029,2026-05-17,2,1,2,128.0
TXN001030,2026-05-17,2,15,2,220.0
TXN001030,2026-05-17,2,58,2,50.0
TXN001030,2026-05-17,2,10,3,135.0
TXN001031,2026-05-17,2,3,1,115.0
TXN001031,2026-05-17,2,28,1,75.0
TXN001031,2026-05-17,2,34,1,190.0
TXN001031,2026-05-17,2,31,1,175.0
TXN001032,2026-05-17,2,45,1,135.0
TXN001033,2026-05-17,2,14,1,80.0
TXN001033,2026-05-17,2,9,5,200.0
TXN001033,2026-05-17,2,23,2,50.0
TXN001033,2026-05-17,2,19,1,110.0
TXN001034,2026-05-17,2,46,2,96.0
TXN001034,2026-05-17,2,30,1,40.0
TXN001035,2026-05-17,2,30,1,40.0
TXN001036,2026-05-17,2,12,1,90.0
TXN001036,2026-05-17,2,51,1,180.0
TXN001036,2026-05-17,2,24,2,100.0
TXN001037,2026-05-17,2,58,1,25.0
TXN001037,2026-05-17,2,45,2,270.0
TXN001037,2026-05-17,2,22,1,30.0
TXN001038,2026-05-17,2,35,2,290.0
TXN001038,2026-05-17,2,51,2,360.0
TXN001038,2026-05-17,2,14,2,160.0
TXN001039,2026-05-17,2,8,2,168.0
TXN001040,2026-05-17,2,24,1,50.0
TXN001040,2026-05-17,2,30,2,80.0
TXN001040,2026-05-17,2,3,1,115.0
TXN001041,2026-05-17,2,9,2,80.0
TXN001041,2026-05-17,2,22,2,60.0
TXN001042,2026-05-17,2,48,2,48.0
TXN001042,2026-05-17,2,49,1,85.0
TXN001042,2026-05-17,2,56,1,120.0
TXN001043,2026-05-17,2,33,2,170.0
TXN001043,2026-05-17,2,44,1,580.0
TXN001043,2026-05-17,2,28,1,75.0
TXN001044,2026-05-17,2,33,1,85.0
TXN001044,2026-05-17,2,8,1,84.0
TXN001045,2026-05-17,2,29,2,190.0
TXN001045,2026-05-17,2,24,1,50.0
TXN001047,2026-05-17,3,6,1,30.0
TXN001048,2026-05-17,3,7,1,130.0
TXN001049,2026-05-17,3,18,1,20.0
TXN001049,2026-05-17,3,8,1,84.0
TXN001050,2026-05-17,3,34,1,190.0
TXN001051,2026-05-17,3,23,1,25.0
TXN001052,2026-05-17,3,19,1,110.0
TXN001053,2026-05-17,3,54,1,35.0
TXN001054,2026-05-17,3,42,1,620.0
TXN001054,2026-05-17,3,51,2,360.0
TXN001055,2026-05-17,3,9,1,40.0
TXN001055,2026-05-17,3,58,1,25.0
TXN001056,2026-05-17,3,24,1,50.0
TXN001056,2026-05-17,3,19,1,110.0
TXN001056,2026-05-17,3,50,1,260.0
TXN001056,2026-05-17,3,55,1,30.0
TXN001057,2026-05-17,3,46,1,48.0
TXN001058,2026-05-17,3,11,2,70.0
TXN001058,2026-05-17,3,16,3,360.0
TXN001059,2026-05-17,3,9,3,120.0
TXN001059,2026-05-17,3,29,2,190.0
TXN001059,2026-05-17,3,17,3,135.0
TXN001060,2026-05-17,3,29,1,95.0
TXN001061,2026-05-17,3,8,1,84.0
TXN001061,2026-05-17,3,59,1,35.0
TXN001061,2026-05-17,3,2,2,70.0
TXN001062,2026-05-17,3,10,2,90.0
TXN001062,2026-05-17,3,1,1,64.0
TXN001062,2026-05-17,3,48,1,24.0
TXN001063,2026-05-17,3,58,1,25.0
TXN001064,2026-05-17,3,52,1,50.0
TXN001066,2026-05-17,3,9,1,40.0
TXN001067,2026-05-17,3,21,1,310.0
TXN001069,2026-05-17,3,51,1,180.0
TXN001069,2026-05-17,3,60,1,40.0
TXN001071,2026-05-17,3,6,1,30.0
TXN001071,2026-05-17,3,33,1,85.0
TXN001072,2026-05-17,3,10,1,45.0
TXN001072,2026-05-17,3,46,1,48.0
TXN001073,2026-05-17,3,23,1,25.0
TXN001073,2026-05-17,3,29,2,190.0
TXN001074,2026-05-17,3,48,2,48.0
TXN001074,2026-05-17,3,27,1,40.0
TXN001074,2026-05-17,3,52,2,100.0
TXN001074,2026-05-17,3,29,2,190.0
TXN001075,2026-05-17,3,9,2,80.0
TXN001075,2026-05-17,3,54,1,35.0
TXN001075,2026-05-17,3,39,1,140.0
TXN001076,2026-05-17,3,22,1,30.0
TXN001076,2026-05-17,3,5,1,95.0
TXN001077,2026-05-17,3,46,1,48.0
TXN001077,2026-05-17,3,49,1,85.0
TXN001078,2026-05-17,3,54,1,35.0
TXN001079,2026-05-17,3,2,2,70.0
TXN001079,2026-05-17,3,51,1,180.0
TXN001080,2026-05-17,3,8,1,84.0
TXN001080,2026-05-17,3,42,2,1240.0
TXN001080,2026-05-17,3,43,2,480.0
TXN001081,2026-05-17,3,8,1,84.0
TXN001083,2026-05-17,3,31,1,175.0
TXN001085,2026-05-17,3,11,1,35.0
TXN001085,2026-05-17,3,38,1,210.0
TXN001086,2026-05-18,1,4,1,140.0
TXN001086,2026-05-18,1,18,1,20.0
TXN001087,2026-05-18,1,4,2,280.0
TXN001088,2026-05-18,1,49,1,85.0
TXN001088,2026-05-18,1,7,1,130.0
TXN001089,2026-05-18,1,21,1,310.0
TXN001089,2026-05-18,1,53,1,40.0
TXN001090,2026-05-18,1,44,1,580.0
TXN001090,2026-05-18,1,45,1,135.0
TXN001091,2026-05-18,1,9,2,80.0
TXN001092,2026-05-18,1,27,1,40.0
TXN001092,2026-05-18,1,22,2,60.0
TXN001092,2026-05-18,1,59,1,35.0
TXN001092,2026-05-18,1,11,1,35.0
TXN001093,2026-05-18,1,40,1,65.0
TXN001093,2026-05-18,1,45,1,135.0
TXN001093,2026-05-18,1,54,1,35.0
TXN001093,2026-05-18,1,55,2,60.0
TXN001094,2026-05-18,1,8,2,168.0
TXN001095,2026-05-18,1,2,1,35.0
TXN001096,2026-05-18,1,9,3,120.0
TXN001096,2026-05-18,1,53,1,40.0
TXN001096,2026-05-18,1,29,2,190.0
TXN001097,2026-05-18,1,2,1,35.0
TXN001097,2026-05-18,1,48,2,48.0
TXN001097,2026-05-18,1,53,2,80.0
TXN001098,2026-05-18,1,45,1,135.0
TXN001098,2026-05-18,1,15,2,220.0
TXN001101,2026-05-18,1,49,2,170.0
TXN001101,2026-05-18,1,28,1,75.0
TXN001101,2026-05-18,1,13,1,60.0
TXN001102,2026-05-18,1,59,1,35.0
TXN001103,2026-05-18,1,49,1,85.0
TXN001104,2026-05-18,1,51,2,360.0
TXN001105,2026-05-18,1,58,1,25.0
TXN001105,2026-05-18,1,13,1,60.0
TXN001105,2026-05-18,1,12,1,90.0
TXN001105,2026-05-18,1,43,1,240.0
TXN001105,2026-05-18,1,23,1,25.0
TXN001106,2026-05-18,1,23,1,25.0
TXN001106,2026-05-18,1,55,1,30.0
TXN001106,2026-05-18,1,33,1,85.0
TXN001106,2026-05-18,1,50,1,260.0
TXN001107,2026-05-18,1,46,1,48.0
TXN001107,2026-05-18,1,13,1,60.0
TXN001108,2026-05-18,1,1,2,128.0
TXN001108,2026-05-18,1,47,2,330.0
TXN001108,2026-05-18,1,7,1,130.0
TXN001108,2026-05-18,1,14,1,80.0
TXN001109,2026-05-18,1,29,2,190.0
TXN001110,2026-05-18,1,33,2,170.0
TXN001110,2026-05-18,1,15,1,110.0
TXN001111,2026-05-18,1,9,3,120.0
TXN001111,2026-05-18,1,32,1,120.0
TXN001111,2026-05-18,1,49,2,170.0
TXN001111,2026-05-18,1,24,1,50.0
TXN001111,2026-05-18,1,46,2,96.0
TXN001112,2026-05-18,1,30,3,120.0
TXN001112,2026-05-18,1,48,2,48.0
TXN001113,2026-05-18,1,55,2,60.0
TXN001113,2026-05-18,1,13,1,60.0
TXN001114,2026-05-18,1,1,2,128.0
TXN001115,2026-05-18,1,8,2,168.0
TXN001116,2026-05-18,1,45,3,405.0
TXN001117,2026-05-18,1,5,2,190.0
TXN001117,2026-05-18,1,24,1,50.0
TXN001118,2026-05-18,1,55,1,30.0
TXN001118,2026-05-18,1,8,1,84.0
TXN001118,2026-05-18,1,15,1,110.0
TXN001118,2026-05-18,1,54,1,35.0
TXN001119,2026-05-18,1,43,2,480.0
TXN001119,2026-05-18,1,39,1,140.0
TXN001120,2026-05-18,1,50,2,520.0
TXN001120,2026-05-18,1,30,2,80.0
TXN001121,2026-05-18,1,15,1,110.0
TXN001121,2026-05-18,1,41,1,90.0
TXN001121,2026-05-18,1,9,3,120.0
TXN001121,2026-05-18,1,2,2,70.0
TXN001122,2026-05-18,1,25,1,280.0
TXN001122,2026-05-18,1,39,1,140.0
TXN001123,2026-05-18,1,40,1,65.0
TXN001123,2026-05-18,1,49,1,85.0
TXN001123,2026-05-18,1,43,1,240.0
TXN001124,2026-05-18,1,22,2,60.0
TXN001124,2026-05-18,1,52,1,50.0
TXN001125,2026-05-18,1,28,1,75.0
TXN001126,2026-05-18,1,21,1,310.0
TXN001126,2026-05-18,1,55,1,30.0
TXN001126,2026-05-18,1,25,1,280.0
TXN001127,2026-05-18,1,46,1,48.0
TXN001127,2026-05-18,1,11,1,35.0
TXN001128,2026-05-18,1,32,1,120.0
TXN001128,2026-05-18,1,8,1,84.0
TXN001129,2026-05-18,2,17,2,90.0
TXN001129,2026-05-18,2,32,1,120.0
TXN001130,2026-05-18,2,4,2,280.0
TXN001130,2026-05-18,2,2,1,35.0
TXN001131,2026-05-18,2,2,1,35.0
TXN001131,2026-05-18,2,49,1,85.0
TXN001131,2026-05-18,2,58,1,25.0
TXN001131,2026-05-18,2,41,1,90.0
TXN001131,2026-05-18,2,22,2,60.0
TXN001132,2026-05-18,2,42,1,620.0
TXN001134,2026-05-18,2,35,1,145.0
TXN001135,2026-05-18,2,3,1,115.0
TXN001135,2026-05-18,2,30,1,40.0
TXN001135,2026-05-18,2,43,1,240.0
TXN001136,2026-05-18,2,2,1,35.0
TXN001136,2026-05-18,2,21,1,310.0
TXN001136,2026-05-18,2,25,1,280.0
TXN001137,2026-05-18,2,7,1,130.0
TXN001137,2026-05-18,2,45,2,270.0
TXN001138,2026-05-18,2,13,1,60.0
TXN001138,2026-05-18,2,32,1,120.0
TXN001139,2026-05-18,2,14,1,80.0
TXN001139,2026-05-18,2,19,1,110.0
TXN001139,2026-05-18,2,17,2,90.0
TXN001139,2026-05-18,2,4,1,140.0
TXN001139,2026-05-18,2,20,1,220.0
TXN001140,2026-05-18,2,7,2,260.0
TXN001140,2026-05-18,2,18,1,20.0
TXN001140,2026-05-18,2,5,1,95.0
TXN001141,2026-05-18,2,33,1,85.0
TXN001141,2026-05-18,2,20,1,220.0
TXN001142,2026-05-18,2,17,2,90.0
TXN001142,2026-05-18,2,30,2,80.0
TXN001143,2026-05-18,2,14,1,80.0
TXN001144,2026-05-18,2,55,2,60.0
TXN001145,2026-05-18,2,48,2,48.0
TXN001146,2026-05-18,2,27,2,80.0
TXN001146,2026-05-18,2,56,1,120.0
TXN001146,2026-05-18,2,54,1,35.0
TXN001147,2026-05-18,2,42,1,620.0
TXN001147,2026-05-18,2,17,2,90.0
TXN001148,2026-05-18,2,16,1,120.0
TXN001149,2026-05-18,2,30,2,80.0
TXN001149,2026-05-18,2,32,1,120.0
TXN001149,2026-05-18,2,36,2,210.0
TXN001150,2026-05-18,2,9,2,80.0
TXN001150,2026-05-18,2,2,1,35.0
TXN001150,2026-05-18,2,17,2,90.0
TXN001151,2026-05-18,2,12,1,90.0
TXN001151,2026-05-18,2,42,1,620.0
TXN001151,2026-05-18,2,55,1,30.0
TXN001152,2026-05-18,2,24,2,100.0
TXN001152,2026-05-18,2,43,2,480.0
TXN001152,2026-05-18,2,57,1,90.0
TXN001155,2026-05-18,2,50,1,260.0
TXN001155,2026-05-18,2,60,1,40.0
TXN001155,2026-05-18,2,34,1,190.0
TXN001155,2026-05-18,2,17,2,90.0
TXN001155,2026-05-18,2,32,1,120.0
TXN001156,2026-05-18,2,48,1,24.0
TXN001156,2026-05-18,2,25,1,280.0
TXN001156,2026-05-18,2,52,1,50.0
TXN001156,2026-05-18,2,16,2,240.0
TXN001156,2026-05-18,2,60,2,80.0
TXN001157,2026-05-18,2,27,2,80.0
TXN001157,2026-05-18,2,17,2,90.0
TXN001158,2026-05-18,2,16,1,120.0
TXN001158,2026-05-18,2,18,1,20.0
TXN001158,2026-05-18,2,57,1,90.0
TXN001160,2026-05-18,3,36,1,105.0
TXN001161,2026-05-18,3,58,1,25.0
TXN001161,2026-05-18,3,52,2,100.0
TXN001162,2026-05-18,3,1,3,192.0
TXN001162,2026-05-18,3,26,1,450.0
TXN001162,2026-05-18,3,60,2,80.0
TXN001163,2026-05-18,3,14,1,80.0
TXN001164,2026-05-18,3,29,2,190.0
TXN001165,2026-05-18,3,3,1,115.0
TXN001165,2026-05-18,3,18,1,20.0
TXN001166,2026-05-18,3,57,1,90.0
TXN001167,2026-05-18,3,33,1,85.0
TXN001167,2026-05-18,3,23,1,25.0
TXN001168,2026-05-18,3,48,1,24.0
TXN001168,2026-05-18,3,30,1,40.0
TXN001168,2026-05-18,3,45,2,270.0
TXN001168,2026-05-18,3,2,1,35.0
TXN001169,2026-05-18,3,41,1,90.0
TXN001169,2026-05-18,3,20,1,220.0
TXN001170,2026-05-18,3,16,1,120.0
TXN001171,2026-05-18,3,55,1,30.0
TXN001172,2026-05-18,3,29,1,95.0
TXN001173,2026-05-18,3,13,1,60.0
TXN001173,2026-05-18,3,6,1,30.0
TXN001173,2026-05-18,3,27,1,40.0
TXN001174,2026-05-18,3,15,1,110.0
TXN001174,2026-05-18,3,2,1,35.0
TXN001174,2026-05-18,3,36,2,210.0
TXN001174,2026-05-18,3,42,1,620.0
TXN001175,2026-05-18,3,45,2,270.0
TXN001175,2026-05-18,3,55,1,30.0
TXN001176,2026-05-18,3,6,1,30.0
TXN001176,2026-05-18,3,24,1,50.0
TXN001178,2026-05-18,3,53,1,40.0
TXN001178,2026-05-18,3,32,1,120.0
TXN001178,2026-05-18,3,8,3,252.0
TXN001179,2026-05-18,3,19,1,110.0
TXN001179,2026-05-18,3,48,1,24.0
TXN001179,2026-05-18,3,32,1,120.0
TXN001180,2026-05-18,3,53,1,40.0
TXN001180,2026-05-18,3,19,1,110.0
TXN001181,2026-05-18,3,2,1,35.0
TXN001183,2026-05-18,3,6,2,60.0
TXN001183,2026-05-18,3,1,3,192.0
TXN001183,2026-05-18,3,9,1,40.0
TXN001184,2026-05-18,3,46,1,48.0
TXN001185,2026-05-18,3,5,1,95.0
TXN001185,2026-05-18,3,7,1,130.0
TXN001185,2026-05-18,3,36,1,105.0
TXN001186,2026-05-18,3,43,2,480.0
TXN001186,2026-05-18,3,52,1,50.0
TXN001186,2026-05-18,3,39,1,140.0
TXN001186,2026-05-18,3,48,1,24.0
TXN001187,2026-05-18,3,9,2,80.0
TXN001187,2026-05-18,3,58,1,25.0
TXN001188,2026-05-18,3,57,1,90.0
TXN001188,2026-05-18,3,30,1,40.0
TXN001188,2026-05-18,3,9,1,40.0
TXN001189,2026-05-19,1,9,3,120.0
TXN001190,2026-05-19,1,54,2,70.0
TXN001190,2026-05-19,1,18,2,40.0
TXN001190,2026-05-19,1,48,1,24.0
TXN001191,2026-05-19,1,28,2,150.0
TXN001192,2026-05-19,1,36,2,210.0
TXN001192,2026-05-19,1,55,1,30.0
TXN001193,2026-05-19,1,4,1,140.0
TXN001193,2026-05-19,1,13,1,60.0
TXN001193,2026-05-19,1,10,1,45.0
TXN001193,2026-05-19,1,15,2,220.0
TXN001194,2026-05-19,1,58,1,25.0
TXN001195,2026-05-19,1,46,1,48.0
TXN001195,2026-05-19,1,36,1,105.0
TXN001195,2026-05-19,1,32,1,120.0
TXN001196,2026-05-19,1,8,3,252.0
TXN001196,2026-05-19,1,23,2,50.0
TXN001197,2026-05-19,1,54,1,35.0
TXN001198,2026-05-19,1,43,1,240.0
TXN001198,2026-05-19,1,14,2,160.0
TXN001198,2026-05-19,1,1,3,192.0
TXN001199,2026-05-19,1,57,1,90.0
TXN001200,2026-05-19,1,26,1,450.0
TXN001201,2026-05-19,1,54,2,70.0
TXN001202,2026-05-19,1,2,2,70.0
TXN001202,2026-05-19,1,6,1,30.0
TXN001203,2026-05-19,1,39,1,140.0
TXN001203,2026-05-19,1,43,1,240.0
TXN001203,2026-05-19,1,1,3,192.0
TXN001204,2026-05-19,1,29,1,95.0
TXN001204,2026-05-19,1,21,1,310.0
TXN001204,2026-05-19,1,47,2,330.0
TXN001204,2026-05-19,1,59,1,35.0
TXN001204,2026-05-19,1,52,1,50.0
TXN001205,2026-05-19,1,36,2,210.0
TXN001206,2026-05-19,1,25,1,280.0
TXN001206,2026-05-19,1,6,2,60.0
TXN001206,2026-05-19,1,17,3,135.0
TXN001206,2026-05-19,1,12,1,90.0
TXN001207,2026-05-19,1,50,1,260.0
TXN001207,2026-05-19,1,26,1,450.0
TXN001207,2026-05-19,1,42,1,620.0
TXN001208,2026-05-19,1,58,1,25.0
TXN001208,2026-05-19,1,44,1,580.0
TXN001209,2026-05-19,1,32,1,120.0
TXN001209,2026-05-19,1,29,2,190.0
TXN001209,2026-05-19,1,25,2,560.0
TXN001210,2026-05-19,1,40,1,65.0
TXN001210,2026-05-19,1,12,1,90.0
TXN001211,2026-05-19,1,42,1,620.0
TXN001212,2026-05-19,1,42,2,1240.0
TXN001212,2026-05-19,1,6,1,30.0
TXN001213,2026-05-19,1,58,1,25.0
TXN001214,2026-05-19,1,28,1,75.0
TXN001215,2026-05-19,1,33,1,85.0
TXN001216,2026-05-19,1,33,1,85.0
TXN001217,2026-05-19,1,53,2,80.0
TXN001217,2026-05-19,1,17,2,90.0
TXN001217,2026-05-19,1,23,1,25.0
TXN001218,2026-05-19,1,3,1,115.0
TXN001218,2026-05-19,1,6,1,30.0
TXN001218,2026-05-19,1,27,1,40.0
TXN001218,2026-05-19,1,57,1,90.0
TXN001219,2026-05-19,1,52,2,100.0
TXN001219,2026-05-19,1,17,2,90.0
TXN001219,2026-05-19,1,22,1,30.0
TXN001220,2026-05-19,1,17,3,135.0
TXN001220,2026-05-19,1,56,1,120.0
TXN001220,2026-05-19,1,44,1,580.0
TXN001220,2026-05-19,1,7,1,130.0
TXN001220,2026-05-19,1,28,1,75.0
TXN001221,2026-05-19,1,56,1,120.0
TXN001221,2026-05-19,1,43,1,240.0
TXN001221,2026-05-19,1,48,1,24.0
TXN001221,2026-05-19,1,39,1,140.0
TXN001222,2026-05-19,1,52,1,50.0
TXN001222,2026-05-19,1,20,1,220.0
TXN001222,2026-05-19,1,6,2,60.0
TXN001222,2026-05-19,1,9,3,120.0
TXN001223,2026-05-19,1,55,2,60.0
TXN001223,2026-05-19,1,2,2,70.0
TXN001225,2026-05-19,1,6,1,30.0
TXN001227,2026-05-19,1,48,1,24.0
TXN001227,2026-05-19,1,45,2,270.0
TXN001229,2026-05-19,1,37,1,160.0
TXN001229,2026-05-19,1,54,1,35.0
TXN001229,2026-05-19,1,26,1,450.0
TXN001230,2026-05-19,1,27,1,40.0
TXN001230,2026-05-19,1,55,1,30.0
TXN001230,2026-05-19,1,32,2,240.0
TXN001230,2026-05-19,1,48,2,48.0
TXN001231,2026-05-19,2,33,2,170.0
TXN001231,2026-05-19,2,40,1,65.0
TXN001233,2026-05-19,2,5,1,95.0
TXN001233,2026-05-19,2,18,1,20.0
TXN001233,2026-05-19,2,58,1,25.0
TXN001233,2026-05-19,2,42,1,620.0
TXN001233,2026-05-19,2,27,1,40.0
TXN001234,2026-05-19,2,45,1,135.0
TXN001234,2026-05-19,2,28,1,75.0
TXN001234,2026-05-19,2,2,1,35.0
TXN001234,2026-05-19,2,11,1,35.0
TXN001235,2026-05-19,2,59,1,35.0
TXN001235,2026-05-19,2,39,1,140.0
TXN001236,2026-05-19,2,57,1,90.0
TXN001237,2026-05-19,2,54,1,35.0
TXN001237,2026-05-19,2,42,2,1240.0
TXN001237,2026-05-19,2,48,2,48.0
TXN001238,2026-05-19,2,43,1,240.0
TXN001239,2026-05-19,2,9,2,80.0
TXN001239,2026-05-19,2,12,1,90.0
TXN001239,2026-05-19,2,11,2,70.0
TXN001240,2026-05-19,2,16,1,120.0
TXN001240,2026-05-19,2,14,1,80.0
TXN001240,2026-05-19,2,36,2,210.0
TXN001241,2026-05-19,2,12,1,90.0
TXN001241,2026-05-19,2,53,2,80.0
TXN001242,2026-05-19,2,22,1,30.0
TXN001243,2026-05-19,2,8,1,84.0
TXN001243,2026-05-19,2,40,1,65.0
TXN001243,2026-05-19,2,15,1,110.0
TXN001243,2026-05-19,2,36,2,210.0
TXN001244,2026-05-19,2,50,1,260.0
TXN001245,2026-05-19,2,55,1,30.0
TXN001245,2026-05-19,2,45,2,270.0
TXN001246,2026-05-19,2,46,1,48.0
TXN001247,2026-05-19,2,60,2,80.0
TXN001248,2026-05-19,2,7,1,130.0
TXN001249,2026-05-19,2,51,1,180.0
TXN001249,2026-05-19,2,55,1,30.0
TXN001249,2026-05-19,2,7,1,130.0
TXN001249,2026-05-19,2,53,1,40.0
TXN001250,2026-05-19,2,46,2,96.0
TXN001250,2026-05-19,2,49,1,85.0
TXN001251,2026-05-19,2,10,1,45.0
TXN001252,2026-05-19,2,8,1,84.0
TXN001252,2026-05-19,2,55,2,60.0
TXN001253,2026-05-19,2,16,3,360.0
TXN001254,2026-05-19,2,22,2,60.0
TXN001254,2026-05-19,2,19,1,110.0
TXN001254,2026-05-19,2,33,1,85.0
TXN001255,2026-05-19,2,10,1,45.0
TXN001256,2026-05-19,2,9,1,40.0
TXN001256,2026-05-19,2,52,2,100.0
TXN001257,2026-05-19,2,55,1,30.0
TXN001257,2026-05-19,2,34,1,190.0
TXN001257,2026-05-19,2,51,1,180.0
TXN001257,2026-05-19,2,44,1,580.0
TXN001258,2026-05-19,2,5,1,95.0
TXN001258,2026-05-19,2,6,1,30.0
TXN001258,2026-05-19,2,22,2,60.0
TXN001258,2026-05-19,2,21,1,310.0
TXN001259,2026-05-19,2,58,2,50.0
TXN001260,2026-05-19,2,19,1,110.0
TXN001260,2026-05-19,2,27,1,40.0
TXN001261,2026-05-19,2,1,3,192.0
TXN001261,2026-05-19,2,53,1,40.0
TXN001261,2026-05-19,2,18,1,20.0
TXN001262,2026-05-19,2,57,1,90.0
TXN001263,2026-05-19,2,45,1,135.0
TXN001263,2026-05-19,2,23,1,25.0
TXN001263,2026-05-19,2,52,1,50.0
TXN001264,2026-05-19,2,35,1,145.0
TXN001265,2026-05-19,2,25,2,560.0
TXN001265,2026-05-19,2,48,1,24.0
TXN001266,2026-05-19,2,36,1,105.0
TXN001266,2026-05-19,2,34,1,190.0
TXN001266,2026-05-19,2,22,2,60.0
TXN001267,2026-05-19,2,16,1,120.0
TXN001267,2026-05-19,2,54,2,70.0
TXN001268,2026-05-19,3,41,1,90.0
TXN001268,2026-05-19,3,33,1,85.0
TXN001268,2026-05-19,3,23,1,25.0
TXN001269,2026-05-19,3,1,2,128.0
TXN001270,2026-05-19,3,58,1,25.0
TXN001270,2026-05-19,3,41,1,90.0
TXN001270,2026-05-19,3,43,1,240.0
TXN001271,2026-05-19,3,9,1,40.0
TXN001271,2026-05-19,3,46,2,96.0
TXN001271,2026-05-19,3,25,1,280.0
TXN001272,2026-05-19,3,30,1,40.0
TXN001272,2026-05-19,3,10,1,45.0
TXN001273,2026-05-19,3,14,1,80.0
TXN001275,2026-05-19,3,41,1,90.0
TXN001276,2026-05-19,3,53,2,80.0
TXN001276,2026-05-19,3,11,1,35.0
TXN001276,2026-05-19,3,10,1,45.0
TXN001277,2026-05-19,3,34,1,190.0
TXN001277,2026-05-19,3,8,2,168.0
TXN001277,2026-05-19,3,45,2,270.0
TXN001277,2026-05-19,3,14,1,80.0
TXN001278,2026-05-19,3,8,1,84.0
TXN001278,2026-05-19,3,24,1,50.0
TXN001279,2026-05-19,3,32,1,120.0
TXN001279,2026-05-19,3,2,1,35.0
TXN001280,2026-05-19,3,60,1,40.0
TXN001281,2026-05-19,3,57,1,90.0
TXN001281,2026-05-19,3,19,1,110.0
TXN001281,2026-05-19,3,14,1,80.0
TXN001282,2026-05-19,3,5,1,95.0
TXN001282,2026-05-19,3,3,1,115.0
TXN001283,2026-05-19,3,9,2,80.0
TXN001283,2026-05-19,3,49,1,85.0
TXN001283,2026-05-19,3,41,1,90.0
TXN001283,2026-05-19,3,30,1,40.0
TXN001284,2026-05-19,3,43,1,240.0
TXN001284,2026-05-19,3,27,1,40.0
TXN001284,2026-05-19,3,25,1,280.0
TXN001284,2026-05-19,3,15,1,110.0
TXN001285,2026-05-19,3,42,1,620.0
TXN001285,2026-05-19,3,6,1,30.0
TXN001286,2026-05-19,3,36,1,105.0
TXN001286,2026-05-19,3,42,1,620.0
TXN001286,2026-05-19,3,8,1,84.0
TXN001287,2026-05-19,3,35,1,145.0
TXN001287,2026-05-19,3,49,1,85.0
TXN001287,2026-05-19,3,4,2,280.0
TXN001288,2026-05-19,3,18,2,40.0
TXN001289,2026-05-19,3,16,1,120.0
TXN001290,2026-05-19,3,6,1,30.0
TXN001290,2026-05-19,3,52,2,100.0
TXN001290,2026-05-19,3,39,1,140.0
TXN001291,2026-05-19,3,28,1,75.0
TXN001291,2026-05-19,3,27,1,40.0
TXN001292,2026-05-19,3,8,2,168.0
TXN001293,2026-05-19,3,10,1,45.0
TXN001293,2026-05-19,3,12,1,90.0
TXN001293,2026-05-19,3,17,1,45.0
TXN001294,2026-05-19,3,11,1,35.0
TXN001294,2026-05-19,3,4,1,140.0
TXN001294,2026-05-19,3,40,1,65.0
TXN001295,2026-05-19,3,27,1,40.0
TXN001296,2026-05-19,3,4,1,140.0
TXN001297,2026-05-19,3,16,1,120.0
TXN001298,2026-05-20,1,18,2,40.0
TXN001299,2026-05-20,1,5,1,95.0
TXN001299,2026-05-20,1,2,1,35.0
TXN001299,2026-05-20,1,27,1,40.0
TXN001300,2026-05-20,1,7,1,130.0
TXN001300,2026-05-20,1,16,2,240.0
TXN001300,2026-05-20,1,49,2,170.0
TXN001301,2026-05-20,1,51,2,360.0
TXN001302,2026-05-20,1,35,2,290.0
TXN001302,2026-05-20,1,28,1,75.0
TXN001303,2026-05-20,1,1,2,128.0
TXN001304,2026-05-20,1,54,1,35.0
TXN001304,2026-05-20,1,40,1,65.0
TXN001304,2026-05-20,1,19,1,110.0
TXN001304,2026-05-20,1,42,1,620.0
TXN001305,2026-05-20,1,17,3,135.0
TXN001305,2026-05-20,1,54,1,35.0
TXN001305,2026-05-20,1,25,1,280.0
TXN001305,2026-05-20,1,23,2,50.0
TXN001306,2026-05-20,1,5,1,95.0
TXN001306,2026-05-20,1,6,1,30.0
TXN001307,2026-05-20,1,40,1,65.0
TXN001307,2026-05-20,1,33,1,85.0
TXN001308,2026-05-20,1,41,1,90.0
TXN001308,2026-05-20,1,17,2,90.0
TXN001308,2026-05-20,1,49,1,85.0
TXN001309,2026-05-20,1,30,1,40.0
TXN001310,2026-05-20,1,42,3,1860.0
TXN001310,2026-05-20,1,60,2,80.0
TXN001311,2026-05-20,1,44,1,580.0
TXN001312,2026-05-20,1,58,1,25.0
TXN001312,2026-05-20,1,45,1,135.0
TXN001312,2026-05-20,1,46,2,96.0
TXN001312,2026-05-20,1,32,2,240.0
TXN001313,2026-05-20,1,2,1,35.0
TXN001313,2026-05-20,1,58,1,25.0
TXN001313,2026-05-20,1,54,2,70.0
TXN001313,2026-05-20,1,53,1,40.0
TXN001313,2026-05-20,1,43,1,240.0
TXN001314,2026-05-20,1,8,1,84.0
TXN001315,2026-05-20,1,24,2,100.0
TXN001315,2026-05-20,1,60,1,40.0
TXN001315,2026-05-20,1,13,1,60.0
TXN001315,2026-05-20,1,29,1,95.0
TXN001316,2026-05-20,1,6,1,30.0
TXN001316,2026-05-20,1,53,1,40.0
TXN001317,2026-05-20,1,3,1,115.0
TXN001317,2026-05-20,1,18,1,20.0
TXN001317,2026-05-20,1,32,1,120.0
TXN001318,2026-05-20,1,8,2,168.0
TXN001318,2026-05-20,1,18,1,20.0
TXN001318,2026-05-20,1,37,1,160.0
TXN001319,2026-05-20,1,39,1,140.0
TXN001319,2026-05-20,1,12,1,90.0
TXN001319,2026-05-20,1,5,2,190.0
TXN001320,2026-05-20,1,55,3,90.0
TXN001321,2026-05-20,1,17,3,135.0
TXN001321,2026-05-20,1,44,1,580.0
TXN001321,2026-05-20,1,36,1,105.0
TXN001321,2026-05-20,1,57,1,90.0
TXN001321,2026-05-20,1,30,1,40.0
TXN001322,2026-05-20,1,55,1,30.0
TXN001322,2026-05-20,1,27,2,80.0
TXN001323,2026-05-20,1,32,2,240.0
TXN001323,2026-05-20,1,24,1,50.0
TXN001323,2026-05-20,1,34,1,190.0
TXN001323,2026-05-20,1,49,2,170.0
TXN001324,2026-05-20,1,1,2,128.0
TXN001324,2026-05-20,1,26,1,450.0
TXN001324,2026-05-20,1,13,1,60.0
TXN001325,2026-05-20,1,45,1,135.0
TXN001325,2026-05-20,1,28,2,150.0
TXN001326,2026-05-20,1,22,1,30.0
TXN001327,2026-05-20,1,2,2,70.0
TXN001328,2026-05-20,1,28,1,75.0
TXN001328,2026-05-20,1,2,2,70.0
TXN001329,2026-05-20,1,54,1,35.0
TXN001329,2026-05-20,1,53,2,80.0
TXN001330,2026-05-20,1,50,1,260.0
TXN001332,2026-05-20,1,8,1,84.0
TXN001332,2026-05-20,1,6,2,60.0
TXN001332,2026-05-20,1,4,1,140.0
TXN001334,2026-05-20,1,4,1,140.0
TXN001334,2026-05-20,1,20,1,220.0
TXN001334,2026-05-20,1,40,1,65.0
TXN001334,2026-05-20,1,41,2,180.0
TXN001335,2026-05-20,1,7,2,260.0
TXN001335,2026-05-20,1,40,1,65.0
TXN001335,2026-05-20,1,49,2,170.0
TXN001335,2026-05-20,1,27,1,40.0
TXN001336,2026-05-20,1,30,1,40.0
TXN001336,2026-05-20,1,51,1,180.0
TXN001337,2026-05-20,1,30,1,40.0
TXN001338,2026-05-20,1,22,1,30.0
TXN001338,2026-05-20,1,7,2,260.0
TXN001338,2026-05-20,1,1,3,192.0
TXN001339,2026-05-20,1,17,2,90.0
TXN001339,2026-05-20,1,23,1,25.0
TXN001339,2026-05-20,1,27,2,80.0
TXN001339,2026-05-20,1,31,1,175.0
TXN001339,2026-05-20,1,47,1,165.0
TXN001340,2026-05-20,1,33,2,170.0
TXN001340,2026-05-20,1,42,2,1240.0
TXN001340,2026-05-20,1,49,1,85.0
TXN001340,2026-05-20,1,23,1,25.0
TXN001341,2026-05-20,1,1,3,192.0
TXN001341,2026-05-20,1,38,1,210.0
TXN001342,2026-05-20,2,53,1,40.0
TXN001342,2026-05-20,2,54,1,35.0
TXN001342,2026-05-20,2,36,2,210.0
TXN001342,2026-05-20,2,55,2,60.0
TXN001342,2026-05-20,2,4,1,140.0
TXN001343,2026-05-20,2,45,1,135.0
TXN001343,2026-05-20,2,30,2,80.0
TXN001343,2026-05-20,2,22,1,30.0
TXN001344,2026-05-20,2,11,1,35.0
TXN001344,2026-05-20,2,7,2,260.0
TXN001345,2026-05-20,2,15,1,110.0
TXN001345,2026-05-20,2,59,1,35.0
TXN001345,2026-05-20,2,1,2,128.0
TXN001346,2026-05-20,2,52,1,50.0
TXN001346,2026-05-20,2,48,2,48.0
TXN001346,2026-05-20,2,25,2,560.0
TXN001347,2026-05-20,2,23,1,25.0
TXN001348,2026-05-20,2,36,2,210.0
TXN001349,2026-05-20,2,41,1,90.0
TXN001350,2026-05-20,2,3,1,115.0
TXN001350,2026-05-20,2,2,1,35.0
TXN001350,2026-05-20,2,13,1,60.0
TXN001351,2026-05-20,2,55,1,30.0
TXN001351,2026-05-20,2,36,1,105.0
TXN001351,2026-05-20,2,16,1,120.0
TXN001352,2026-05-20,2,59,1,35.0
TXN001352,2026-05-20,2,7,1,130.0
TXN001354,2026-05-20,2,52,1,50.0
TXN001355,2026-05-20,2,57,2,180.0
TXN001355,2026-05-20,2,46,2,96.0
TXN001355,2026-05-20,2,5,1,95.0
TXN001355,2026-05-20,2,8,1,84.0
TXN001356,2026-05-20,2,24,1,50.0
TXN001356,2026-05-20,2,21,2,620.0
TXN001357,2026-05-20,2,13,1,60.0
TXN001357,2026-05-20,2,55,2,60.0
TXN001357,2026-05-20,2,51,2,360.0
TXN001358,2026-05-20,2,57,1,90.0
TXN001358,2026-05-20,2,32,1,120.0
TXN001358,2026-05-20,2,47,1,165.0
TXN001358,2026-05-20,2,6,1,30.0
TXN001359,2026-05-20,2,57,1,90.0
TXN001359,2026-05-20,2,42,2,1240.0
TXN001359,2026-05-20,2,33,2,170.0
TXN001360,2026-05-20,2,45,1,135.0
TXN001360,2026-05-20,2,46,1,48.0
TXN001360,2026-05-20,2,32,1,120.0
TXN001360,2026-05-20,2,18,1,20.0
TXN001361,2026-05-20,2,29,1,95.0
TXN001361,2026-05-20,2,56,1,120.0
TXN001362,2026-05-20,2,57,1,90.0
TXN001362,2026-05-20,2,25,1,280.0
TXN001362,2026-05-20,2,11,1,35.0
TXN001363,2026-05-20,2,34,1,190.0
TXN001363,2026-05-20,2,23,1,25.0
TXN001364,2026-05-20,2,27,1,40.0
TXN001364,2026-05-20,2,52,2,100.0
TXN001364,2026-05-20,2,32,1,120.0
TXN001365,2026-05-20,2,23,1,25.0
TXN001366,2026-05-20,2,19,1,110.0
TXN001367,2026-05-20,2,51,1,180.0
TXN001368,2026-05-20,2,60,1,40.0
TXN001368,2026-05-20,2,15,1,110.0
TXN001368,2026-05-20,2,7,1,130.0
TXN001369,2026-05-20,2,17,2,90.0
TXN001369,2026-05-20,2,48,1,24.0
TXN001370,2026-05-20,2,9,2,80.0
TXN001370,2026-05-20,2,55,1,30.0
TXN001370,2026-05-20,2,49,1,85.0
TXN001370,2026-05-20,2,46,1,48.0
TXN001370,2026-05-20,2,48,1,24.0
TXN001371,2026-05-20,2,51,1,180.0
TXN001371,2026-05-20,2,53,1,40.0
TXN001372,2026-05-20,2,49,1,85.0
TXN001372,2026-05-20,2,10,2,90.0
TXN001372,2026-05-20,2,15,1,110.0
TXN001373,2026-05-20,2,47,1,165.0
TXN001373,2026-05-20,2,53,1,40.0
TXN001373,2026-05-20,2,30,2,80.0
TXN001373,2026-05-20,2,22,2,60.0
TXN001374,2026-05-20,3,29,1,95.0
TXN001374,2026-05-20,3,55,1,30.0
TXN001375,2026-05-20,3,9,1,40.0
TXN001375,2026-05-20,3,48,1,24.0
TXN001375,2026-05-20,3,1,1,64.0
TXN001376,2026-05-20,3,21,1,310.0
TXN001376,2026-05-20,3,2,2,70.0
TXN001377,2026-05-20,3,39,2,280.0
TXN001377,2026-05-20,3,37,1,160.0
TXN001377,2026-05-20,3,56,1,120.0
TXN001378,2026-05-20,3,7,2,260.0
TXN001379,2026-05-20,3,6,1,30.0
TXN001379,2026-05-20,3,7,1,130.0
TXN001380,2026-05-20,3,32,2,240.0
TXN001380,2026-05-20,3,2,1,35.0
TXN001380,2026-05-20,3,13,1,60.0
TXN001381,2026-05-20,3,4,1,140.0
TXN001381,2026-05-20,3,24,1,50.0
TXN001381,2026-05-20,3,1,3,192.0
TXN001382,2026-05-20,3,9,2,80.0
TXN001383,2026-05-20,3,25,2,560.0
TXN001384,2026-05-20,3,56,1,120.0
TXN001385,2026-05-20,3,20,1,220.0
TXN001386,2026-05-20,3,29,1,95.0
TXN001386,2026-05-20,3,5,1,95.0
TXN001388,2026-05-20,3,30,2,80.0
TXN001388,2026-05-20,3,3,1,115.0
TXN001388,2026-05-20,3,48,2,48.0
TXN001389,2026-05-20,3,40,1,65.0
TXN001389,2026-05-20,3,53,1,40.0
TXN001390,2026-05-20,3,30,2,80.0
TXN001390,2026-05-20,3,25,1,280.0
TXN001390,2026-05-20,3,59,1,35.0
TXN001390,2026-05-20,3,43,2,480.0
TXN001391,2026-05-20,3,16,1,120.0
TXN001392,2026-05-20,3,43,1,240.0
TXN001392,2026-05-20,3,5,1,95.0
TXN001392,2026-05-20,3,45,1,135.0
TXN001393,2026-05-20,3,24,1,50.0
TXN001393,2026-05-20,3,49,1,85.0
TXN001393,2026-05-20,3,7,1,130.0
TXN001394,2026-05-20,3,5,1,95.0
TXN001395,2026-05-20,3,25,1,280.0
TXN001395,2026-05-20,3,48,1,24.0
TXN001396,2026-05-20,3,43,1,240.0
TXN001396,2026-05-20,3,48,1,24.0
TXN001396,2026-05-20,3,30,1,40.0
TXN001397,2026-05-20,3,16,1,120.0
TXN001397,2026-05-20,3,46,2,96.0
TXN001397,2026-05-20,3,29,2,190.0
TXN001397,2026-05-20,3,9,1,40.0
TXN001399,2026-05-20,3,11,1,35.0
TXN001399,2026-05-20,3,43,2,480.0
TXN001399,2026-05-20,3,49,1,85.0
TXN001400,2026-05-20,3,14,1,80.0
TXN001400,2026-05-20,3,29,1,95.0
TXN001400,2026-05-20,3,45,1,135.0
TXN001401,2026-05-20,3,25,1,280.0
TXN001402,2026-05-20,3,1,1,64.0
TXN001402,2026-05-20,3,4,1,140.0
TXN001402,2026-05-20,3,50,1,260.0
TXN001402,2026-05-20,3,25,1,280.0
TXN001402,2026-05-20,3,13,1,60.0
TXN001403,2026-05-20,3,22,1,30.0
TXN001404,2026-05-20,3,44,1,580.0
TXN001404,2026-05-20,3,43,1,240.0
TXN001405,2026-05-20,3,47,1,165.0
TXN001405,2026-05-20,3,11,1,35.0
TXN001406,2026-05-21,1,21,1,310.0
TXN001406,2026-05-21,1,36,2,210.0
TXN001407,2026-05-21,1,15,1,110.0
TXN001408,2026-05-21,1,7,1,130.0
TXN001408,2026-05-21,1,23,1,25.0
TXN001409,2026-05-21,1,1,2,128.0
TXN001409,2026-05-21,1,25,1,280.0
TXN001409,2026-05-21,1,14,1,80.0
TXN001410,2026-05-21,1,5,1,95.0
TXN001410,2026-05-21,1,57,1,90.0
TXN001411,2026-05-21,1,32,3,360.0
TXN001411,2026-05-21,1,7,1,130.0
TXN001411,2026-05-21,1,46,2,96.0
TXN001411,2026-05-21,1,35,2,290.0
TXN001412,2026-05-21,1,44,1,580.0
TXN001412,2026-05-21,1,50,2,520.0
TXN001412,2026-05-21,1,45,2,270.0
TXN001413,2026-05-21,1,55,1,30.0
TXN001413,2026-05-21,1,43,1,240.0
TXN001414,2026-05-21,1,25,1,280.0
TXN001414,2026-05-21,1,33,2,170.0
TXN001414,2026-05-21,1,41,1,90.0
TXN001414,2026-05-21,1,48,2,48.0
TXN001415,2026-05-21,1,49,1,85.0
TXN001415,2026-05-21,1,8,1,84.0
TXN001415,2026-05-21,1,16,1,120.0
TXN001416,2026-05-21,1,13,1,60.0
TXN001416,2026-05-21,1,10,1,45.0
TXN001416,2026-05-21,1,25,2,560.0
TXN001417,2026-05-21,1,48,1,24.0
TXN001417,2026-05-21,1,57,1,90.0
TXN001417,2026-05-21,1,22,2,60.0
TXN001417,2026-05-21,1,9,2,80.0
TXN001418,2026-05-21,1,42,1,620.0
TXN001418,2026-05-21,1,53,3,120.0
TXN001418,2026-05-21,1,19,1,110.0
TXN001418,2026-05-21,1,49,1,85.0
TXN001419,2026-05-21,1,4,1,140.0
TXN001419,2026-05-21,1,16,1,120.0
TXN001419,2026-05-21,1,52,1,50.0
TXN001420,2026-05-21,1,12,2,180.0
TXN001420,2026-05-21,1,29,2,190.0
TXN001420,2026-05-21,1,41,1,90.0
TXN001421,2026-05-21,1,14,1,80.0
TXN001421,2026-05-21,1,9,3,120.0
TXN001422,2026-05-21,1,16,2,240.0
TXN001422,2026-05-21,1,33,2,170.0
TXN001423,2026-05-21,1,11,1,35.0
TXN001423,2026-05-21,1,47,1,165.0
TXN001423,2026-05-21,1,13,1,60.0
TXN001424,2026-05-21,1,19,1,110.0
TXN001425,2026-05-21,1,6,1,30.0
TXN001425,2026-05-21,1,24,1,50.0
TXN001425,2026-05-21,1,25,2,560.0
TXN001426,2026-05-21,1,10,1,45.0
TXN001426,2026-05-21,1,53,1,40.0
TXN001426,2026-05-21,1,51,2,360.0
TXN001427,2026-05-21,1,39,1,140.0
TXN001427,2026-05-21,1,35,1,145.0
TXN001427,2026-05-21,1,10,1,45.0
TXN001428,2026-05-21,1,25,2,560.0
TXN001428,2026-05-21,1,36,1,105.0
TXN001428,2026-05-21,1,39,1,140.0
TXN001429,2026-05-21,1,13,1,60.0
TXN001429,2026-05-21,1,10,1,45.0
TXN001429,2026-05-21,1,59,1,35.0
TXN001429,2026-05-21,1,1,2,128.0
TXN001430,2026-05-21,1,48,1,24.0
TXN001430,2026-05-21,1,25,1,280.0
TXN001431,2026-05-21,1,25,1,280.0
TXN001432,2026-05-21,1,11,1,35.0
TXN001432,2026-05-21,1,28,1,75.0
TXN001432,2026-05-21,1,17,2,90.0
TXN001433,2026-05-21,1,42,1,620.0
TXN001434,2026-05-21,1,60,1,40.0
TXN001434,2026-05-21,1,28,1,75.0
TXN001434,2026-05-21,1,48,2,48.0
TXN001434,2026-05-21,1,16,1,120.0
TXN001435,2026-05-21,1,45,1,135.0
TXN001436,2026-05-21,1,30,1,40.0
TXN001436,2026-05-21,1,10,2,90.0
TXN001436,2026-05-21,1,17,2,90.0
TXN001436,2026-05-21,1,16,2,240.0
TXN001437,2026-05-21,1,26,1,450.0
TXN001437,2026-05-21,1,46,2,96.0
TXN001437,2026-05-21,1,58,1,25.0
TXN001438,2026-05-21,1,17,2,90.0
TXN001438,2026-05-21,1,45,2,270.0
TXN001438,2026-05-21,1,33,1,85.0
TXN001439,2026-05-21,2,49,1,85.0
TXN001439,2026-05-21,2,47,1,165.0
TXN001440,2026-05-21,2,18,1,20.0
TXN001440,2026-05-21,2,48,2,48.0
TXN001441,2026-05-21,2,1,2,128.0
TXN001441,2026-05-21,2,11,1,35.0
TXN001441,2026-05-21,2,53,1,40.0
TXN001442,2026-05-21,2,42,1,620.0
TXN001442,2026-05-21,2,19,1,110.0
TXN001442,2026-05-21,2,47,2,330.0
TXN001443,2026-05-21,2,32,1,120.0
TXN001443,2026-05-21,2,12,1,90.0
TXN001444,2026-05-21,2,53,1,40.0
TXN001444,2026-05-21,2,12,1,90.0
TXN001444,2026-05-21,2,13,2,120.0
TXN001444,2026-05-21,2,4,1,140.0
TXN001445,2026-05-21,2,7,1,130.0
TXN001445,2026-05-21,2,41,1,90.0
TXN001445,2026-05-21,2,6,2,60.0
TXN001446,2026-05-21,2,16,1,120.0
TXN001446,2026-05-21,2,32,1,120.0
TXN001446,2026-05-21,2,44,1,580.0
TXN001448,2026-05-21,2,51,2,360.0
TXN001448,2026-05-21,2,1,2,128.0
TXN001448,2026-05-21,2,25,2,560.0
TXN001448,2026-05-21,2,39,1,140.0
TXN001449,2026-05-21,2,22,1,30.0
TXN001449,2026-05-21,2,24,1,50.0
TXN001449,2026-05-21,2,44,1,580.0
TXN001450,2026-05-21,2,4,1,140.0
TXN001450,2026-05-21,2,23,2,50.0
TXN001450,2026-05-21,2,56,1,120.0
TXN001450,2026-05-21,2,22,1,30.0
TXN001451,2026-05-21,2,2,2,70.0
TXN001451,2026-05-21,2,39,1,140.0
TXN001452,2026-05-21,2,29,1,95.0
TXN001453,2026-05-21,2,33,2,170.0
TXN001453,2026-05-21,2,27,1,40.0
TXN001453,2026-05-21,2,43,2,480.0
TXN001454,2026-05-21,2,52,1,50.0
TXN001455,2026-05-21,2,51,2,360.0
TXN001455,2026-05-21,2,6,2,60.0
TXN001455,2026-05-21,2,23,1,25.0
TXN001455,2026-05-21,2,60,1,40.0
TXN001456,2026-05-21,2,39,1,140.0
TXN001456,2026-05-21,2,13,1,60.0
TXN001457,2026-05-21,2,9,2,80.0
TXN001457,2026-05-21,2,32,2,240.0
TXN001457,2026-05-21,2,6,1,30.0
TXN001458,2026-05-21,2,58,1,25.0
TXN001458,2026-05-21,2,29,1,95.0
TXN001459,2026-05-21,2,16,1,120.0
TXN001459,2026-05-21,2,11,1,35.0
TXN001459,2026-05-21,2,49,1,85.0
TXN001459,2026-05-21,2,43,2,480.0
TXN001460,2026-05-21,2,50,1,260.0
TXN001460,2026-05-21,2,18,1,20.0
TXN001460,2026-05-21,2,15,2,220.0
TXN001460,2026-05-21,2,47,1,165.0
TXN001461,2026-05-21,2,60,1,40.0
TXN001463,2026-05-21,2,42,1,620.0
TXN001464,2026-05-21,2,42,2,1240.0
TXN001464,2026-05-21,2,51,1,180.0
TXN001464,2026-05-21,2,36,2,210.0
TXN001464,2026-05-21,2,55,1,30.0
TXN001465,2026-05-21,2,6,2,60.0
TXN001466,2026-05-21,2,48,2,48.0
TXN001466,2026-05-21,2,60,2,80.0
TXN001467,2026-05-21,2,55,2,60.0
TXN001468,2026-05-21,2,20,1,220.0
TXN001469,2026-05-21,2,13,1,60.0
TXN001469,2026-05-21,2,25,1,280.0
TXN001469,2026-05-21,2,21,1,310.0
TXN001470,2026-05-21,2,15,1,110.0
TXN001470,2026-05-21,2,7,1,130.0
TXN001470,2026-05-21,2,1,2,128.0
TXN001470,2026-05-21,2,35,1,145.0
TXN001471,2026-05-21,2,48,1,24.0
TXN001472,2026-05-21,2,33,1,85.0
TXN001472,2026-05-21,2,45,2,270.0
TXN001472,2026-05-21,2,8,1,84.0
TXN001473,2026-05-21,3,46,1,48.0
TXN001473,2026-05-21,3,4,2,280.0
TXN001474,2026-05-21,3,55,1,30.0
TXN001474,2026-05-21,3,47,1,165.0
TXN001475,2026-05-21,3,60,1,40.0
TXN001476,2026-05-21,3,47,1,165.0
TXN001476,2026-05-21,3,53,2,80.0
TXN001478,2026-05-21,3,47,1,165.0
TXN001478,2026-05-21,3,45,1,135.0
TXN001478,2026-05-21,3,60,1,40.0
TXN001478,2026-05-21,3,13,1,60.0
TXN001479,2026-05-21,3,52,1,50.0
TXN001479,2026-05-21,3,4,1,140.0
TXN001479,2026-05-21,3,55,2,60.0
TXN001479,2026-05-21,3,60,1,40.0
TXN001480,2026-05-21,3,58,1,25.0
TXN001480,2026-05-21,3,10,2,90.0
TXN001480,2026-05-21,3,14,1,80.0
TXN001481,2026-05-21,3,7,1,130.0
TXN001481,2026-05-21,3,51,2,360.0
TXN001481,2026-05-21,3,55,1,30.0
TXN001481,2026-05-21,3,10,1,45.0
TXN001482,2026-05-21,3,31,1,175.0
TXN001482,2026-05-21,3,12,1,90.0
TXN001483,2026-05-21,3,10,1,45.0
TXN001483,2026-05-21,3,41,1,90.0
TXN001483,2026-05-21,3,47,1,165.0
TXN001484,2026-05-21,3,12,1,90.0
TXN001484,2026-05-21,3,42,1,620.0
TXN001485,2026-05-21,3,18,1,20.0
TXN001485,2026-05-21,3,41,1,90.0
TXN001485,2026-05-21,3,42,1,620.0
TXN001486,2026-05-21,3,15,1,110.0
TXN001486,2026-05-21,3,2,1,35.0
TXN001486,2026-05-21,3,37,1,160.0
TXN001487,2026-05-21,3,9,3,120.0
TXN001487,2026-05-21,3,7,1,130.0
TXN001488,2026-05-21,3,53,1,40.0
TXN001488,2026-05-21,3,2,1,35.0
TXN001489,2026-05-21,3,54,1,35.0
TXN001490,2026-05-21,3,43,2,480.0
TXN001490,2026-05-21,3,58,1,25.0
TXN001491,2026-05-21,3,1,1,64.0
TXN001491,2026-05-21,3,36,1,105.0
TXN001492,2026-05-21,3,9,1,40.0
TXN001493,2026-05-21,3,36,1,105.0
TXN001494,2026-05-21,3,55,1,30.0
TXN001494,2026-05-21,3,49,1,85.0
TXN001494,2026-05-21,3,3,1,115.0
TXN001495,2026-05-21,3,11,1,35.0
TXN001495,2026-05-21,3,1,2,128.0
TXN001495,2026-05-21,3,16,1,120.0
TXN001496,2026-05-21,3,45,2,270.0
TXN001496,2026-05-21,3,21,1,310.0
TXN001496,2026-05-21,3,59,1,35.0
TXN001497,2026-05-21,3,43,1,240.0
TXN001499,2026-05-22,1,39,1,140.0
TXN001499,2026-05-22,1,36,2,210.0
TXN001500,2026-05-22,1,47,1,165.0
TXN001500,2026-05-22,1,40,1,65.0
TXN001501,2026-05-22,1,25,2,560.0
TXN001501,2026-05-22,1,42,2,1240.0
TXN001501,2026-05-22,1,58,2,50.0
TXN001502,2026-05-22,1,14,2,160.0
TXN001503,2026-05-22,1,46,2,96.0
TXN001504,2026-05-22,1,39,1,140.0
TXN001504,2026-05-22,1,27,2,80.0
TXN001504,2026-05-22,1,10,2,90.0
TXN001505,2026-05-22,1,5,1,95.0
TXN001505,2026-05-22,1,18,1,20.0
TXN001506,2026-05-22,1,27,1,40.0
TXN001506,2026-05-22,1,5,1,95.0
TXN001506,2026-05-22,1,22,1,30.0
TXN001506,2026-05-22,1,41,2,180.0
TXN001506,2026-05-22,1,6,1,30.0
TXN001507,2026-05-22,1,15,1,110.0
TXN001507,2026-05-22,1,25,2,560.0
TXN001507,2026-05-22,1,7,1,130.0
TXN001507,2026-05-22,1,51,1,180.0
TXN001508,2026-05-22,1,7,1,130.0
TXN001508,2026-05-22,1,23,1,25.0
TXN001508,2026-05-22,1,45,2,270.0
TXN001509,2026-05-22,1,58,1,25.0
TXN001510,2026-05-22,1,12,1,90.0
TXN001510,2026-05-22,1,23,1,25.0
TXN001510,2026-05-22,1,48,1,24.0
TXN001511,2026-05-22,1,31,1,175.0
TXN001511,2026-05-22,1,9,2,80.0
TXN001511,2026-05-22,1,17,3,135.0
TXN001512,2026-05-22,1,48,2,48.0
TXN001512,2026-05-22,1,18,1,20.0
TXN001514,2026-05-22,1,52,1,50.0
TXN001514,2026-05-22,1,30,1,40.0
TXN001514,2026-05-22,1,33,2,170.0
TXN001515,2026-05-22,1,46,1,48.0
TXN001515,2026-05-22,1,57,2,180.0
TXN001515,2026-05-22,1,60,1,40.0
TXN001515,2026-05-22,1,53,1,40.0
TXN001515,2026-05-22,1,15,1,110.0
TXN001516,2026-05-22,1,5,1,95.0
TXN001517,2026-05-22,1,6,1,30.0
TXN001517,2026-05-22,1,11,1,35.0
TXN001518,2026-05-22,1,36,2,210.0
TXN001518,2026-05-22,1,60,1,40.0
TXN001518,2026-05-22,1,32,2,240.0
TXN001519,2026-05-22,1,32,1,120.0
TXN001520,2026-05-22,1,45,2,270.0
TXN001520,2026-05-22,1,8,3,252.0
TXN001520,2026-05-22,1,26,1,450.0
TXN001520,2026-05-22,1,1,2,128.0
TXN001520,2026-05-22,1,40,1,65.0
TXN001521,2026-05-22,1,16,2,240.0
TXN001521,2026-05-22,1,48,1,24.0
TXN001521,2026-05-22,1,43,2,480.0
TXN001522,2026-05-22,1,39,2,280.0
TXN001522,2026-05-22,1,29,1,95.0
TXN001522,2026-05-22,1,11,1,35.0
TXN001523,2026-05-22,1,33,1,85.0
TXN001523,2026-05-22,1,23,2,50.0
TXN001524,2026-05-22,1,24,1,50.0
TXN001524,2026-05-22,1,8,1,84.0
TXN001526,2026-05-22,1,31,1,175.0
TXN001526,2026-05-22,1,19,1,110.0
TXN001526,2026-05-22,1,17,2,90.0
TXN001527,2026-05-22,1,60,2,80.0
TXN001529,2026-05-22,1,58,1,25.0
TXN001529,2026-05-22,1,40,1,65.0
TXN001529,2026-05-22,1,55,1,30.0
TXN001529,2026-05-22,1,32,1,120.0
TXN001530,2026-05-22,1,1,2,128.0
TXN001531,2026-05-22,1,23,2,50.0
TXN001531,2026-05-22,1,1,2,128.0
TXN001531,2026-05-22,1,7,1,130.0
TXN001532,2026-05-22,1,59,1,35.0
TXN001533,2026-05-22,1,1,2,128.0
TXN001533,2026-05-22,1,10,2,90.0
TXN001533,2026-05-22,1,50,1,260.0
TXN001533,2026-05-22,1,43,2,480.0
TXN001534,2026-05-22,1,35,1,145.0
TXN001534,2026-05-22,1,52,3,150.0
TXN001535,2026-05-22,1,9,3,120.0
TXN001535,2026-05-22,1,23,1,25.0
TXN001535,2026-05-22,1,48,1,24.0
TXN001536,2026-05-22,2,9,2,80.0
TXN001536,2026-05-22,2,26,1,450.0
TXN001537,2026-05-22,2,43,2,480.0
TXN001538,2026-05-22,2,52,2,100.0
TXN001538,2026-05-22,2,46,1,48.0
TXN001538,2026-05-22,2,9,1,40.0
TXN001539,2026-05-22,2,47,1,165.0
TXN001539,2026-05-22,2,60,1,40.0
TXN001539,2026-05-22,2,48,2,48.0
TXN001539,2026-05-22,2,54,1,35.0
TXN001539,2026-05-22,2,53,2,80.0
TXN001540,2026-05-22,2,4,1,140.0
TXN001541,2026-05-22,2,48,1,24.0
TXN001541,2026-05-22,2,1,3,192.0
TXN001542,2026-05-22,2,12,1,90.0
TXN001542,2026-05-22,2,16,2,240.0
TXN001542,2026-05-22,2,50,1,260.0
TXN001542,2026-05-22,2,8,2,168.0
TXN001543,2026-05-22,2,46,2,96.0
TXN001544,2026-05-22,2,12,1,90.0
TXN001544,2026-05-22,2,55,1,30.0
TXN001544,2026-05-22,2,38,1,210.0
TXN001544,2026-05-22,2,41,2,180.0
TXN001545,2026-05-22,2,2,2,70.0
TXN001546,2026-05-22,2,56,1,120.0
TXN001547,2026-05-22,2,45,1,135.0
TXN001547,2026-05-22,2,41,1,90.0
TXN001547,2026-05-22,2,15,2,220.0
TXN001548,2026-05-22,2,33,1,85.0
TXN001549,2026-05-22,2,18,1,20.0
TXN001550,2026-05-22,2,18,1,20.0
TXN001550,2026-05-22,2,23,1,25.0
TXN001550,2026-05-22,2,46,1,48.0
TXN001551,2026-05-22,2,43,1,240.0
TXN001552,2026-05-22,2,14,1,80.0
TXN001552,2026-05-22,2,19,1,110.0
TXN001553,2026-05-22,2,32,1,120.0
TXN001553,2026-05-22,2,24,1,50.0
TXN001553,2026-05-22,2,22,2,60.0
TXN001554,2026-05-22,2,22,1,30.0
TXN001554,2026-05-22,2,24,1,50.0
TXN001555,2026-05-22,2,16,1,120.0
TXN001555,2026-05-22,2,42,2,1240.0
TXN001556,2026-05-22,2,8,2,168.0
TXN001556,2026-05-22,2,57,1,90.0
TXN001557,2026-05-22,2,22,2,60.0
TXN001557,2026-05-22,2,47,1,165.0
TXN001557,2026-05-22,2,31,1,175.0
TXN001558,2026-05-22,2,27,1,40.0
TXN001559,2026-05-22,2,23,1,25.0
TXN001559,2026-05-22,2,24,1,50.0
TXN001559,2026-05-22,2,29,2,190.0
TXN001559,2026-05-22,2,41,1,90.0
TXN001561,2026-05-22,2,18,1,20.0
TXN001561,2026-05-22,2,45,1,135.0
TXN001561,2026-05-22,2,9,2,80.0
TXN001561,2026-05-22,2,3,1,115.0
TXN001562,2026-05-22,2,33,1,85.0
TXN001562,2026-05-22,2,11,1,35.0
TXN001562,2026-05-22,2,29,1,95.0
TXN001563,2026-05-22,2,14,1,80.0
TXN001563,2026-05-22,2,12,1,90.0
TXN001563,2026-05-22,2,1,2,128.0
TXN001564,2026-05-22,2,33,1,85.0
TXN001564,2026-05-22,2,46,2,96.0
TXN001564,2026-05-22,2,47,1,165.0
TXN001564,2026-05-22,2,34,1,190.0
TXN001565,2026-05-22,2,3,1,115.0
TXN001565,2026-05-22,2,35,1,145.0
TXN001566,2026-05-22,2,57,1,90.0
TXN001566,2026-05-22,2,18,1,20.0
TXN001567,2026-05-22,3,53,1,40.0
TXN001567,2026-05-22,3,14,1,80.0
TXN001568,2026-05-22,3,41,1,90.0
TXN001568,2026-05-22,3,39,1,140.0
TXN001568,2026-05-22,3,24,2,100.0
TXN001569,2026-05-22,3,9,2,80.0
TXN001569,2026-05-22,3,27,1,40.0
TXN001571,2026-05-22,3,15,2,220.0
TXN001571,2026-05-22,3,47,2,330.0
TXN001572,2026-05-22,3,7,1,130.0
TXN001572,2026-05-22,3,47,1,165.0
TXN001572,2026-05-22,3,48,1,24.0
TXN001573,2026-05-22,3,53,1,40.0
TXN001573,2026-05-22,3,29,2,190.0
TXN001574,2026-05-22,3,41,1,90.0
TXN001574,2026-05-22,3,52,1,50.0
TXN001574,2026-05-22,3,55,2,60.0
TXN001574,2026-05-22,3,26,1,450.0
TXN001575,2026-05-22,3,30,2,80.0
TXN001575,2026-05-22,3,12,1,90.0
TXN001576,2026-05-22,3,32,1,120.0
TXN001576,2026-05-22,3,47,1,165.0
TXN001576,2026-05-22,3,12,1,90.0
TXN001576,2026-05-22,3,42,1,620.0
TXN001577,2026-05-22,3,10,1,45.0
TXN001578,2026-05-22,3,28,1,75.0
TXN001579,2026-05-22,3,7,1,130.0
TXN001579,2026-05-22,3,9,2,80.0
TXN001580,2026-05-22,3,49,1,85.0
TXN001581,2026-05-22,3,9,2,80.0
TXN001582,2026-05-22,3,41,1,90.0
TXN001582,2026-05-22,3,39,1,140.0
TXN001583,2026-05-22,3,51,2,360.0
TXN001584,2026-05-22,3,55,2,60.0
TXN001584,2026-05-22,3,46,1,48.0
TXN001584,2026-05-22,3,6,2,60.0
TXN001585,2026-05-22,3,29,1,95.0
TXN001585,2026-05-22,3,53,2,80.0
TXN001585,2026-05-22,3,20,1,220.0
TXN001586,2026-05-22,3,7,1,130.0
TXN001587,2026-05-22,3,19,1,110.0
TXN001587,2026-05-22,3,7,1,130.0
TXN001587,2026-05-22,3,33,1,85.0
TXN001587,2026-05-22,3,57,1,90.0
TXN001587,2026-05-22,3,54,1,35.0
TXN001588,2026-05-22,3,42,2,1240.0
TXN001589,2026-05-23,1,11,1,35.0
TXN001589,2026-05-23,1,8,2,168.0
TXN001589,2026-05-23,1,15,2,220.0
TXN001589,2026-05-23,1,7,2,260.0
TXN001590,2026-05-23,1,60,2,80.0
TXN001590,2026-05-23,1,6,2,60.0
TXN001591,2026-05-23,1,12,2,180.0
TXN001591,2026-05-23,1,10,2,90.0
TXN001591,2026-05-23,1,58,1,25.0
TXN001592,2026-05-23,1,43,2,480.0
TXN001592,2026-05-23,1,24,1,50.0
TXN001592,2026-05-23,1,17,3,135.0
TXN001593,2026-05-23,1,50,1,260.0
TXN001593,2026-05-23,1,42,2,1240.0
TXN001594,2026-05-23,1,47,2,330.0
TXN001594,2026-05-23,1,51,3,540.0
TXN001594,2026-05-23,1,53,2,80.0
TXN001595,2026-05-23,1,10,2,90.0
TXN001595,2026-05-23,1,6,2,60.0
TXN001595,2026-05-23,1,21,1,310.0
TXN001596,2026-05-23,1,45,2,270.0
TXN001596,2026-05-23,1,27,1,40.0
TXN001596,2026-05-23,1,39,2,280.0
TXN001597,2026-05-23,1,25,1,280.0
TXN001597,2026-05-23,1,27,2,80.0
TXN001598,2026-05-23,1,35,2,290.0
TXN001598,2026-05-23,1,53,2,80.0
TXN001598,2026-05-23,1,25,1,280.0
TXN001599,2026-05-23,1,45,2,270.0
TXN001599,2026-05-23,1,6,2,60.0
TXN001601,2026-05-23,1,4,1,140.0
TXN001602,2026-05-23,1,24,1,50.0
TXN001602,2026-05-23,1,55,1,30.0
TXN001603,2026-05-23,1,60,1,40.0
TXN001603,2026-05-23,1,59,1,35.0
TXN001603,2026-05-23,1,27,2,80.0
TXN001603,2026-05-23,1,16,3,360.0
TXN001603,2026-05-23,1,14,2,160.0
TXN001604,2026-05-23,1,25,3,840.0
TXN001604,2026-05-23,1,47,2,330.0
TXN001605,2026-05-23,1,4,1,140.0
TXN001605,2026-05-23,1,45,2,270.0
TXN001605,2026-05-23,1,7,2,260.0
TXN001607,2026-05-23,1,10,2,90.0
TXN001607,2026-05-23,1,6,2,60.0
TXN001607,2026-05-23,1,16,2,240.0
TXN001608,2026-05-23,1,31,1,175.0
TXN001608,2026-05-23,1,48,2,48.0
TXN001609,2026-05-23,1,45,1,135.0
TXN001609,2026-05-23,1,31,1,175.0
TXN001609,2026-05-23,1,27,3,120.0
TXN001609,2026-05-23,1,47,2,330.0
TXN001610,2026-05-23,1,39,2,280.0
TXN001611,2026-05-23,1,33,2,170.0
TXN001611,2026-05-23,1,11,1,35.0
TXN001612,2026-05-23,1,36,3,315.0
TXN001612,2026-05-23,1,46,1,48.0
TXN001612,2026-05-23,1,54,1,35.0
TXN001612,2026-05-23,1,17,2,90.0
TXN001613,2026-05-23,1,6,1,30.0
TXN001614,2026-05-23,1,48,2,48.0
TXN001614,2026-05-23,1,14,1,80.0
TXN001615,2026-05-23,1,12,1,90.0
TXN001615,2026-05-23,1,53,2,80.0
TXN001615,2026-05-23,1,48,2,48.0
TXN001615,2026-05-23,1,36,1,105.0
TXN001616,2026-05-23,1,53,2,80.0
TXN001616,2026-05-23,1,25,1,280.0
TXN001616,2026-05-23,1,11,1,35.0
TXN001616,2026-05-23,1,4,1,140.0
TXN001618,2026-05-23,1,16,1,120.0
TXN001619,2026-05-23,1,11,2,70.0
TXN001619,2026-05-23,1,35,1,145.0
TXN001619,2026-05-23,1,7,2,260.0
TXN001620,2026-05-23,1,41,1,90.0
TXN001620,2026-05-23,1,60,3,120.0
TXN001620,2026-05-23,1,16,1,120.0
TXN001621,2026-05-23,1,3,1,115.0
TXN001621,2026-05-23,1,4,1,140.0
TXN001621,2026-05-23,1,21,1,310.0
TXN001621,2026-05-23,1,6,2,60.0
TXN001622,2026-05-23,1,33,1,85.0
TXN001622,2026-05-23,1,13,1,60.0
TXN001622,2026-05-23,1,21,2,620.0
TXN001622,2026-05-23,1,49,2,170.0
TXN001623,2026-05-23,1,27,1,40.0
TXN001623,2026-05-23,1,58,1,25.0
TXN001623,2026-05-23,1,48,2,48.0
TXN001624,2026-05-23,1,31,1,175.0
TXN001624,2026-05-23,1,38,1,210.0
TXN001624,2026-05-23,1,56,1,120.0
TXN001624,2026-05-23,1,55,2,60.0
TXN001625,2026-05-23,1,46,1,48.0
TXN001626,2026-05-23,1,57,1,90.0
TXN001627,2026-05-23,1,33,2,170.0
TXN001628,2026-05-23,1,29,2,190.0
TXN001628,2026-05-23,1,51,2,360.0
TXN001628,2026-05-23,1,9,3,120.0
TXN001629,2026-05-23,2,58,1,25.0
TXN001631,2026-05-23,2,32,2,240.0
TXN001631,2026-05-23,2,7,2,260.0
TXN001631,2026-05-23,2,1,2,128.0
TXN001632,2026-05-23,2,32,2,240.0
TXN001633,2026-05-23,2,11,1,35.0
TXN001633,2026-05-23,2,18,1,20.0
TXN001634,2026-05-23,2,12,1,90.0
TXN001635,2026-05-23,2,17,2,90.0
TXN001635,2026-05-23,2,49,1,85.0
TXN001635,2026-05-23,2,57,1,90.0
TXN001635,2026-05-23,2,29,2,190.0
TXN001636,2026-05-23,2,24,1,50.0
TXN001637,2026-05-23,2,27,1,40.0
TXN001637,2026-05-23,2,55,1,30.0
TXN001638,2026-05-23,2,55,1,30.0
TXN001638,2026-05-23,2,21,1,310.0
TXN001638,2026-05-23,2,24,2,100.0
TXN001638,2026-05-23,2,6,1,30.0
TXN001639,2026-05-23,2,48,1,24.0
TXN001640,2026-05-23,2,45,1,135.0
TXN001640,2026-05-23,2,53,1,40.0
TXN001642,2026-05-23,2,15,2,220.0
TXN001643,2026-05-23,2,30,2,80.0
TXN001643,2026-05-23,2,6,1,30.0
TXN001644,2026-05-23,2,6,2,60.0
TXN001645,2026-05-23,2,50,1,260.0
TXN001645,2026-05-23,2,13,1,60.0
TXN001646,2026-05-23,2,14,1,80.0
TXN001646,2026-05-23,2,45,2,270.0
TXN001646,2026-05-23,2,31,1,175.0
TXN001647,2026-05-23,2,37,1,160.0
TXN001648,2026-05-23,2,50,1,260.0
TXN001648,2026-05-23,2,25,2,560.0
TXN001648,2026-05-23,2,4,1,140.0
TXN001648,2026-05-23,2,60,1,40.0
TXN001648,2026-05-23,2,52,2,100.0
TXN001649,2026-05-23,2,17,3,135.0
TXN001649,2026-05-23,2,41,1,90.0
TXN001649,2026-05-23,2,12,1,90.0
TXN001650,2026-05-23,2,56,1,120.0
TXN001650,2026-05-23,2,27,1,40.0
TXN001651,2026-05-23,2,58,1,25.0
TXN001652,2026-05-23,2,13,1,60.0
TXN001652,2026-05-23,2,23,1,25.0
TXN001653,2026-05-23,2,45,2,270.0
TXN001653,2026-05-23,2,51,1,180.0
TXN001653,2026-05-23,2,11,1,35.0
TXN001653,2026-05-23,2,23,2,50.0
TXN001654,2026-05-23,2,10,2,90.0
TXN001654,2026-05-23,2,43,1,240.0
TXN001654,2026-05-23,2,53,1,40.0
TXN001655,2026-05-23,2,58,2,50.0
TXN001655,2026-05-23,2,30,1,40.0
TXN001656,2026-05-23,2,8,1,84.0
TXN001656,2026-05-23,2,51,2,360.0
TXN001656,2026-05-23,2,44,1,580.0
TXN001657,2026-05-23,2,55,2,60.0
TXN001657,2026-05-23,2,9,3,120.0
TXN001657,2026-05-23,2,41,1,90.0
TXN001658,2026-05-23,2,27,1,40.0
TXN001658,2026-05-23,2,45,1,135.0
TXN001659,2026-05-23,2,14,1,80.0
TXN001659,2026-05-23,2,23,1,25.0
TXN001659,2026-05-23,2,13,1,60.0
TXN001660,2026-05-23,2,53,1,40.0
TXN001660,2026-05-23,2,8,1,84.0
TXN001660,2026-05-23,2,45,1,135.0
TXN001660,2026-05-23,2,32,2,240.0
TXN001661,2026-05-23,2,28,1,75.0
TXN001661,2026-05-23,2,49,1,85.0
TXN001661,2026-05-23,2,22,1,30.0
TXN001661,2026-05-23,2,8,1,84.0
TXN001662,2026-05-23,2,25,1,280.0
TXN001662,2026-05-23,2,55,1,30.0
TXN001662,2026-05-23,2,43,2,480.0
TXN001663,2026-05-23,2,6,2,60.0
TXN001665,2026-05-23,2,7,1,130.0
TXN001665,2026-05-23,2,32,1,120.0
TXN001665,2026-05-23,2,48,1,24.0
TXN001666,2026-05-23,2,43,1,240.0
TXN001667,2026-05-23,2,50,2,520.0
TXN001667,2026-05-23,2,30,1,40.0
TXN001668,2026-05-23,2,8,2,168.0
TXN001668,2026-05-23,2,51,2,360.0
TXN001669,2026-05-23,2,1,2,128.0
TXN001669,2026-05-23,2,51,2,360.0
TXN001669,2026-05-23,2,15,1,110.0
TXN001670,2026-05-23,2,16,1,120.0
TXN001670,2026-05-23,2,1,3,192.0
TXN001670,2026-05-23,2,58,1,25.0
TXN001671,2026-05-23,2,54,2,70.0
TXN001671,2026-05-23,2,53,1,40.0
TXN001672,2026-05-23,2,16,1,120.0
TXN001672,2026-05-23,2,36,3,315.0
TXN001672,2026-05-23,2,13,1,60.0
TXN001673,2026-05-23,2,47,1,165.0
TXN001673,2026-05-23,2,12,1,90.0
TXN001673,2026-05-23,2,26,1,450.0
TXN001673,2026-05-23,2,58,1,25.0
TXN001674,2026-05-23,3,51,1,180.0
TXN001674,2026-05-23,3,54,1,35.0
TXN001674,2026-05-23,3,49,1,85.0
TXN001675,2026-05-23,3,28,1,75.0
TXN001676,2026-05-23,3,10,1,45.0
TXN001676,2026-05-23,3,2,1,35.0
TXN001676,2026-05-23,3,35,1,145.0
TXN001677,2026-05-23,3,30,1,40.0
TXN001678,2026-05-23,3,42,1,620.0
TXN001678,2026-05-23,3,58,1,25.0
TXN001679,2026-05-23,3,47,1,165.0
TXN001680,2026-05-23,3,43,1,240.0
TXN001680,2026-05-23,3,4,1,140.0
TXN001680,2026-05-23,3,18,3,60.0
TXN001681,2026-05-23,3,8,2,168.0
TXN001682,2026-05-23,3,60,1,40.0
TXN001682,2026-05-23,3,39,1,140.0
TXN001682,2026-05-23,3,8,1,84.0
TXN001682,2026-05-23,3,7,1,130.0
TXN001683,2026-05-23,3,54,1,35.0
TXN001683,2026-05-23,3,14,1,80.0
TXN001684,2026-05-23,3,14,1,80.0
TXN001685,2026-05-23,3,25,2,560.0
TXN001685,2026-05-23,3,21,1,310.0
TXN001685,2026-05-23,3,41,1,90.0
TXN001686,2026-05-23,3,37,1,160.0
TXN001687,2026-05-23,3,40,1,65.0
TXN001688,2026-05-23,3,60,1,40.0
TXN001688,2026-05-23,3,8,1,84.0
TXN001689,2026-05-23,3,49,2,170.0
TXN001689,2026-05-23,3,10,1,45.0
TXN001689,2026-05-23,3,14,1,80.0
TXN001689,2026-05-23,3,56,1,120.0
TXN001690,2026-05-23,3,18,1,20.0
TXN001690,2026-05-23,3,31,1,175.0
TXN001691,2026-05-23,3,23,1,25.0
TXN001692,2026-05-23,3,48,1,24.0
TXN001692,2026-05-23,3,32,1,120.0
TXN001692,2026-05-23,3,28,1,75.0
TXN001693,2026-05-23,3,13,1,60.0
TXN001695,2026-05-23,3,51,2,360.0
TXN001695,2026-05-23,3,47,1,165.0
TXN001696,2026-05-23,3,25,1,280.0
TXN001696,2026-05-23,3,13,1,60.0
TXN001697,2026-05-23,3,33,1,85.0
TXN001698,2026-05-23,3,27,2,80.0
TXN001699,2026-05-23,3,23,1,25.0
TXN001699,2026-05-23,3,26,1,450.0
TXN001699,2026-05-23,3,2,1,35.0
TXN001699,2026-05-23,3,8,1,84.0
TXN001699,2026-05-23,3,12,1,90.0
TXN001700,2026-05-23,3,24,1,50.0
TXN001700,2026-05-23,3,10,1,45.0
TXN001700,2026-05-23,3,50,1,260.0
TXN001702,2026-05-24,1,5,1,95.0
TXN001702,2026-05-24,1,25,1,280.0
TXN001702,2026-05-24,1,19,1,110.0
TXN001702,2026-05-24,1,39,2,280.0
TXN001702,2026-05-24,1,14,2,160.0
TXN001704,2026-05-24,1,28,1,75.0
TXN001704,2026-05-24,1,21,1,310.0
TXN001705,2026-05-24,1,32,2,240.0
TXN001705,2026-05-24,1,3,1,115.0
TXN001705,2026-05-24,1,18,1,20.0
TXN001705,2026-05-24,1,27,1,40.0
TXN001706,2026-05-24,1,37,1,160.0
TXN001706,2026-05-24,1,2,1,35.0
TXN001708,2026-05-24,1,19,1,110.0
TXN001708,2026-05-24,1,9,3,120.0
TXN001708,2026-05-24,1,54,1,35.0
TXN001708,2026-05-24,1,26,1,450.0
TXN001709,2026-05-24,1,7,2,260.0
TXN001709,2026-05-24,1,54,1,35.0
TXN001709,2026-05-24,1,52,1,50.0
TXN001709,2026-05-24,1,27,2,80.0
TXN001710,2026-05-24,1,50,1,260.0
TXN001710,2026-05-24,1,32,2,240.0
TXN001710,2026-05-24,1,4,1,140.0
TXN001711,2026-05-24,1,54,1,35.0
TXN001712,2026-05-24,1,15,2,220.0
TXN001713,2026-05-24,1,53,2,80.0
TXN001714,2026-05-24,1,56,1,120.0
TXN001714,2026-05-24,1,45,1,135.0
TXN001714,2026-05-24,1,47,2,330.0
TXN001715,2026-05-24,1,47,2,330.0
TXN001716,2026-05-24,1,1,3,192.0
TXN001716,2026-05-24,1,60,2,80.0
TXN001716,2026-05-24,1,45,3,405.0
TXN001716,2026-05-24,1,56,2,240.0
TXN001716,2026-05-24,1,4,2,280.0
TXN001717,2026-05-24,1,51,2,360.0
TXN001717,2026-05-24,1,52,2,100.0
TXN001717,2026-05-24,1,25,2,560.0
TXN001717,2026-05-24,1,18,1,20.0
TXN001717,2026-05-24,1,45,2,270.0
TXN001718,2026-05-24,1,49,2,170.0
TXN001719,2026-05-24,1,43,1,240.0
TXN001719,2026-05-24,1,8,1,84.0
TXN001719,2026-05-24,1,16,1,120.0
TXN001720,2026-05-24,1,50,2,520.0
TXN001720,2026-05-24,1,47,2,330.0
TXN001720,2026-05-24,1,31,1,175.0
TXN001722,2026-05-24,1,45,1,135.0
TXN001722,2026-05-24,1,5,2,190.0
TXN001723,2026-05-24,1,1,3,192.0
TXN001723,2026-05-24,1,43,2,480.0
TXN001724,2026-05-24,1,32,3,360.0
TXN001724,2026-05-24,1,7,1,130.0
TXN001725,2026-05-24,1,33,2,170.0
TXN001725,2026-05-24,1,55,1,30.0
TXN001725,2026-05-24,1,49,1,85.0
TXN001725,2026-05-24,1,20,1,220.0
TXN001726,2026-05-24,1,25,1,280.0
TXN001726,2026-05-24,1,29,2,190.0
TXN001727,2026-05-24,1,13,1,60.0
TXN001727,2026-05-24,1,5,1,95.0
TXN001727,2026-05-24,1,18,2,40.0
TXN001728,2026-05-24,1,30,2,80.0
TXN001728,2026-05-24,1,57,1,90.0
TXN001729,2026-05-24,1,58,1,25.0
TXN001730,2026-05-24,1,43,2,480.0
TXN001730,2026-05-24,1,29,2,190.0
TXN001730,2026-05-24,1,23,1,25.0
TXN001731,2026-05-24,1,14,1,80.0
TXN001731,2026-05-24,1,10,2,90.0
TXN001731,2026-05-24,1,26,1,450.0
TXN001731,2026-05-24,1,33,1,85.0
TXN001732,2026-05-24,1,47,2,330.0
TXN001732,2026-05-24,1,60,1,40.0
TXN001732,2026-05-24,1,28,1,75.0
TXN001733,2026-05-24,1,34,1,190.0
TXN001733,2026-05-24,1,7,2,260.0
TXN001733,2026-05-24,1,44,1,580.0
TXN001734,2026-05-24,1,37,1,160.0
TXN001735,2026-05-24,1,35,1,145.0
TXN001736,2026-05-24,1,18,2,40.0
TXN001737,2026-05-24,1,7,2,260.0
TXN001737,2026-05-24,1,15,1,110.0
TXN001737,2026-05-24,1,47,1,165.0
TXN001738,2026-05-24,1,51,2,360.0
TXN001738,2026-05-24,1,14,1,80.0
TXN001739,2026-05-24,1,47,1,165.0
TXN001739,2026-05-24,1,1,2,128.0
TXN001739,2026-05-24,1,7,2,260.0
TXN001739,2026-05-24,1,12,2,180.0
TXN001740,2026-05-24,1,44,1,580.0
TXN001740,2026-05-24,1,5,1,95.0
TXN001740,2026-05-24,1,11,1,35.0
TXN001741,2026-05-24,1,43,1,240.0
TXN001742,2026-05-24,1,28,2,150.0
TXN001742,2026-05-24,1,22,1,30.0
TXN001742,2026-05-24,1,2,2,70.0
TXN001742,2026-05-24,1,12,2,180.0
TXN001743,2026-05-24,1,39,1,140.0
TXN001744,2026-05-24,1,32,2,240.0
TXN001745,2026-05-24,1,31,1,175.0
TXN001745,2026-05-24,1,8,3,252.0
TXN001746,2026-05-24,1,54,2,70.0
TXN001748,2026-05-24,2,32,1,120.0
TXN001748,2026-05-24,2,48,2,48.0
TXN001748,2026-05-24,2,23,2,50.0
TXN001748,2026-05-24,2,35,1,145.0
TXN001749,2026-05-24,2,46,1,48.0
TXN001749,2026-05-24,2,22,2,60.0
TXN001750,2026-05-24,2,18,3,60.0
TXN001751,2026-05-24,2,23,1,25.0
TXN001751,2026-05-24,2,32,2,240.0
TXN001752,2026-05-24,2,24,1,50.0
TXN001752,2026-05-24,2,14,1,80.0
TXN001752,2026-05-24,2,48,3,72.0
TXN001753,2026-05-24,2,59,1,35.0
TXN001753,2026-05-24,2,29,3,285.0
TXN001753,2026-05-24,2,57,1,90.0
TXN001754,2026-05-24,2,13,1,60.0
TXN001756,2026-05-24,2,37,1,160.0
TXN001756,2026-05-24,2,51,3,540.0
TXN001756,2026-05-24,2,23,1,25.0
TXN001756,2026-05-24,2,19,1,110.0
TXN001757,2026-05-24,2,19,1,110.0
TXN001757,2026-05-24,2,40,1,65.0
TXN001757,2026-05-24,2,36,2,210.0
TXN001757,2026-05-24,2,43,1,240.0
TXN001757,2026-05-24,2,11,1,35.0
TXN001758,2026-05-24,2,14,1,80.0
TXN001759,2026-05-24,2,32,2,240.0
TXN001760,2026-05-24,2,1,2,128.0
TXN001760,2026-05-24,2,28,1,75.0
TXN001760,2026-05-24,2,23,1,25.0
TXN001761,2026-05-24,2,51,2,360.0
TXN001761,2026-05-24,2,55,1,30.0
TXN001762,2026-05-24,2,6,1,30.0
TXN001762,2026-05-24,2,46,3,144.0
TXN001763,2026-05-24,2,28,1,75.0
TXN001763,2026-05-24,2,38,1,210.0
TXN001764,2026-05-24,2,16,1,120.0
TXN001764,2026-05-24,2,52,1,50.0
TXN001766,2026-05-24,2,39,2,280.0
TXN001767,2026-05-24,2,52,1,50.0
TXN001767,2026-05-24,2,38,1,210.0
TXN001767,2026-05-24,2,9,2,80.0
TXN001768,2026-05-24,2,6,1,30.0
TXN001768,2026-05-24,2,60,1,40.0
TXN001769,2026-05-24,2,45,2,270.0
TXN001769,2026-05-24,2,21,1,310.0
TXN001770,2026-05-24,2,30,2,80.0
TXN001770,2026-05-24,2,2,2,70.0
TXN001770,2026-05-24,2,59,1,35.0
TXN001770,2026-05-24,2,36,2,210.0
TXN001771,2026-05-24,2,51,2,360.0
TXN001771,2026-05-24,2,16,1,120.0
TXN001772,2026-05-24,2,57,1,90.0
TXN001772,2026-05-24,2,4,1,140.0
TXN001772,2026-05-24,2,49,2,170.0
TXN001772,2026-05-24,2,55,1,30.0
TXN001773,2026-05-24,2,30,2,80.0
TXN001773,2026-05-24,2,4,1,140.0
TXN001773,2026-05-24,2,6,2,60.0
TXN001773,2026-05-24,2,18,1,20.0
TXN001774,2026-05-24,2,56,1,120.0
TXN001774,2026-05-24,2,4,1,140.0
TXN001774,2026-05-24,2,8,1,84.0
TXN001775,2026-05-24,2,45,2,270.0
TXN001776,2026-05-24,2,9,3,120.0
TXN001776,2026-05-24,2,15,1,110.0
TXN001776,2026-05-24,2,58,1,25.0
TXN001778,2026-05-24,2,5,1,95.0
TXN001779,2026-05-24,2,10,1,45.0
TXN001780,2026-05-24,2,16,1,120.0
TXN001781,2026-05-24,2,7,2,260.0
TXN001783,2026-05-24,2,53,2,80.0
TXN001783,2026-05-24,2,16,2,240.0
TXN001784,2026-05-24,2,44,1,580.0
TXN001784,2026-05-24,2,29,1,95.0
TXN001784,2026-05-24,2,55,1,30.0
TXN001784,2026-05-24,2,43,1,240.0
TXN001784,2026-05-24,2,40,1,65.0
TXN001785,2026-05-24,2,11,1,35.0
TXN001785,2026-05-24,2,33,1,85.0
TXN001786,2026-05-24,2,7,1,130.0
TXN001787,2026-05-24,2,45,2,270.0
TXN001787,2026-05-24,2,52,2,100.0
TXN001787,2026-05-24,2,7,2,260.0
TXN001789,2026-05-24,2,3,2,230.0
TXN001789,2026-05-24,2,42,2,1240.0
TXN001789,2026-05-24,2,58,2,50.0
TXN001789,2026-05-24,2,43,1,240.0
TXN001790,2026-05-24,3,1,1,64.0
TXN001790,2026-05-24,3,11,1,35.0
TXN001790,2026-05-24,3,23,1,25.0
TXN001791,2026-05-24,3,25,2,560.0
TXN001791,2026-05-24,3,33,1,85.0
TXN001791,2026-05-24,3,5,1,95.0
TXN001791,2026-05-24,3,42,1,620.0
TXN001792,2026-05-24,3,18,1,20.0
TXN001792,2026-05-24,3,51,1,180.0
TXN001793,2026-05-24,3,59,1,35.0
TXN001793,2026-05-24,3,54,1,35.0
TXN001793,2026-05-24,3,42,1,620.0
TXN001794,2026-05-24,3,50,1,260.0
TXN001794,2026-05-24,3,17,1,45.0
TXN001794,2026-05-24,3,9,1,40.0
TXN001795,2026-05-24,3,3,1,115.0
TXN001796,2026-05-24,3,7,1,130.0
TXN001796,2026-05-24,3,43,2,480.0
TXN001797,2026-05-24,3,21,2,620.0
TXN001797,2026-05-24,3,49,1,85.0
TXN001797,2026-05-24,3,50,1,260.0
TXN001798,2026-05-24,3,47,2,330.0
TXN001799,2026-05-24,3,4,2,280.0
TXN001800,2026-05-24,3,17,3,135.0
TXN001800,2026-05-24,3,8,2,168.0
TXN001800,2026-05-24,3,48,2,48.0
TXN001801,2026-05-24,3,25,1,280.0
TXN001801,2026-05-24,3,9,2,80.0
TXN001802,2026-05-24,3,15,2,220.0
TXN001802,2026-05-24,3,13,1,60.0
TXN001802,2026-05-24,3,48,2,48.0
TXN001803,2026-05-24,3,2,1,35.0
TXN001803,2026-05-24,3,41,1,90.0
TXN001803,2026-05-24,3,43,1,240.0
TXN001803,2026-05-24,3,7,2,260.0
TXN001803,2026-05-24,3,14,1,80.0
TXN001804,2026-05-24,3,5,1,95.0
TXN001804,2026-05-24,3,12,1,90.0
TXN001805,2026-05-24,3,33,1,85.0
TXN001805,2026-05-24,3,23,1,25.0
TXN001805,2026-05-24,3,58,1,25.0
TXN001806,2026-05-24,3,56,1,120.0
TXN001806,2026-05-24,3,5,1,95.0
TXN001806,2026-05-24,3,37,1,160.0
TXN001806,2026-05-24,3,6,2,60.0
TXN001807,2026-05-24,3,15,1,110.0
TXN001807,2026-05-24,3,4,1,140.0
TXN001807,2026-05-24,3,39,2,280.0
TXN001808,2026-05-24,3,25,2,560.0
TXN001808,2026-05-24,3,46,2,96.0
TXN001808,2026-05-24,3,23,1,25.0
TXN001809,2026-05-24,3,16,1,120.0
TXN001809,2026-05-24,3,55,1,30.0
TXN001809,2026-05-24,3,34,1,190.0
TXN001809,2026-05-24,3,60,1,40.0
TXN001810,2026-05-24,3,59,1,35.0
TXN001810,2026-05-24,3,17,2,90.0
TXN001810,2026-05-24,3,42,1,620.0
TXN001811,2026-05-24,3,9,3,120.0
TXN001812,2026-05-24,3,36,1,105.0
TXN001814,2026-05-24,3,58,1,25.0
TXN001814,2026-05-24,3,40,1,65.0
TXN001814,2026-05-24,3,45,1,135.0
TXN001814,2026-05-24,3,54,2,70.0
TXN001814,2026-05-24,3,49,1,85.0
TXN001815,2026-05-24,3,60,1,40.0
TXN001815,2026-05-24,3,6,1,30.0
TXN001815,2026-05-24,3,57,1,90.0
TXN001815,2026-05-24,3,36,1,105.0
TXN001816,2026-05-24,3,20,1,220.0
TXN001817,2026-05-24,3,2,1,35.0
TXN001818,2026-05-24,3,56,1,120.0
TXN001818,2026-05-24,3,25,1,280.0
TXN001818,2026-05-24,3,48,1,24.0
TXN001819,2026-05-24,3,36,2,210.0
TXN001819,2026-05-24,3,9,3,120.0
TXN001819,2026-05-24,3,8,2,168.0
TXN001819,2026-05-24,3,29,2,190.0
TXN001820,2026-05-24,3,28,1,75.0
TXN001820,2026-05-24,3,4,1,140.0
TXN001821,2026-05-24,3,48,1,24.0
TXN001821,2026-05-24,3,49,1,85.0
TXN001821,2026-05-24,3,52,1,50.0
TXN001822,2026-05-24,3,53,1,40.0
TXN001822,2026-05-24,3,4,1,140.0
TXN001823,2026-05-24,3,19,1,110.0
TXN001824,2026-05-24,3,19,1,110.0
TXN001824,2026-05-24,3,9,2,80.0
TXN001825,2026-05-24,3,43,1,240.0
TXN001826,2026-05-24,3,5,1,95.0
TXN001827,2026-05-24,3,46,2,96.0
TXN001827,2026-05-24,3,48,2,48.0
TXN001827,2026-05-24,3,53,1,40.0
TXN001827,2026-05-24,3,23,1,25.0
TXN001828,2026-05-24,3,50,1,260.0
TXN001828,2026-05-24,3,36,2,210.0
TXN001829,2026-05-25,1,45,2,270.0
TXN001829,2026-05-25,1,35,1,145.0
TXN001830,2026-05-25,1,18,2,40.0
TXN001830,2026-05-25,1,6,2,60.0
TXN001830,2026-05-25,1,14,2,160.0
TXN001830,2026-05-25,1,59,1,35.0
TXN001831,2026-05-25,1,8,3,252.0
TXN001831,2026-05-25,1,24,1,50.0
TXN001833,2026-05-25,1,42,3,1860.0
TXN001833,2026-05-25,1,49,1,85.0
TXN001833,2026-05-25,1,30,1,40.0
TXN001833,2026-05-25,1,8,2,168.0
TXN001834,2026-05-25,1,53,1,40.0
TXN001834,2026-05-25,1,6,2,60.0
TXN001835,2026-05-25,1,29,2,190.0
TXN001835,2026-05-25,1,15,2,220.0
TXN001836,2026-05-25,1,35,1,145.0
TXN001837,2026-05-25,1,2,1,35.0
TXN001837,2026-05-25,1,59,2,70.0
TXN001838,2026-05-25,1,49,1,85.0
TXN001838,2026-05-25,1,2,1,35.0
TXN001838,2026-05-25,1,47,2,330.0
TXN001839,2026-05-25,1,52,2,100.0
TXN001840,2026-05-25,1,55,2,60.0
TXN001840,2026-05-25,1,30,2,80.0
TXN001841,2026-05-25,1,17,3,135.0
TXN001841,2026-05-25,1,11,1,35.0
TXN001841,2026-05-25,1,25,2,560.0
TXN001841,2026-05-25,1,30,1,40.0
TXN001841,2026-05-25,1,48,2,48.0
TXN001842,2026-05-25,1,50,1,260.0
TXN001842,2026-05-25,1,35,1,145.0
TXN001843,2026-05-25,1,40,1,65.0
TXN001844,2026-05-25,1,24,1,50.0
TXN001844,2026-05-25,1,18,2,40.0
TXN001844,2026-05-25,1,43,1,240.0
TXN001845,2026-05-25,1,43,1,240.0
TXN001845,2026-05-25,1,21,1,310.0
TXN001846,2026-05-25,1,29,1,95.0
TXN001847,2026-05-25,1,30,2,80.0
TXN001848,2026-05-25,1,14,1,80.0
TXN001848,2026-05-25,1,27,1,40.0
TXN001848,2026-05-25,1,4,2,280.0
TXN001848,2026-05-25,1,6,2,60.0
TXN001849,2026-05-25,1,17,3,135.0
TXN001849,2026-05-25,1,56,1,120.0
TXN001849,2026-05-25,1,32,2,240.0
TXN001851,2026-05-25,1,12,1,90.0
TXN001852,2026-05-25,1,3,1,115.0
TXN001852,2026-05-25,1,36,2,210.0
TXN001852,2026-05-25,1,46,1,48.0
TXN001852,2026-05-25,1,15,2,220.0
TXN001853,2026-05-25,1,46,1,48.0
TXN001853,2026-05-25,1,3,1,115.0
TXN001854,2026-05-25,1,5,1,95.0
TXN001854,2026-05-25,1,16,1,120.0
TXN001854,2026-05-25,1,14,2,160.0
TXN001855,2026-05-25,1,2,2,70.0
TXN001856,2026-05-25,1,58,1,25.0
TXN001856,2026-05-25,1,42,2,1240.0
TXN001856,2026-05-25,1,24,1,50.0
TXN001856,2026-05-25,1,31,1,175.0
TXN001857,2026-05-25,1,3,1,115.0
TXN001857,2026-05-25,1,19,1,110.0
TXN001857,2026-05-25,1,60,1,40.0
TXN001858,2026-05-25,1,33,1,85.0
TXN001858,2026-05-25,1,46,1,48.0
TXN001859,2026-05-25,1,25,1,280.0
TXN001859,2026-05-25,1,54,2,70.0
TXN001860,2026-05-25,1,5,2,190.0
TXN001862,2026-05-25,1,8,2,168.0
TXN001862,2026-05-25,1,55,1,30.0
TXN001863,2026-05-25,1,54,1,35.0
TXN001863,2026-05-25,1,37,1,160.0
TXN001864,2026-05-25,1,22,2,60.0
TXN001865,2026-05-25,1,30,1,40.0
TXN001865,2026-05-25,1,21,1,310.0
TXN001866,2026-05-25,1,29,2,190.0
TXN001866,2026-05-25,1,47,1,165.0
TXN001867,2026-05-25,1,23,1,25.0
TXN001868,2026-05-25,2,39,1,140.0
TXN001868,2026-05-25,2,29,2,190.0
TXN001868,2026-05-25,2,51,1,180.0
TXN001869,2026-05-25,2,16,1,120.0
TXN001869,2026-05-25,2,50,1,260.0
TXN001869,2026-05-25,2,27,1,40.0
TXN001870,2026-05-25,2,27,2,80.0
TXN001871,2026-05-25,2,32,1,120.0
TXN001872,2026-05-25,2,27,1,40.0
TXN001873,2026-05-25,2,49,2,170.0
TXN001873,2026-05-25,2,36,1,105.0
TXN001873,2026-05-25,2,46,1,48.0
TXN001874,2026-05-25,2,2,1,35.0
TXN001874,2026-05-25,2,45,2,270.0
TXN001874,2026-05-25,2,11,1,35.0
TXN001874,2026-05-25,2,5,2,190.0
TXN001875,2026-05-25,2,9,1,40.0
TXN001875,2026-05-25,2,45,1,135.0
TXN001876,2026-05-25,2,38,1,210.0
TXN001876,2026-05-25,2,39,1,140.0
TXN001876,2026-05-25,2,40,1,65.0
TXN001877,2026-05-25,2,29,1,95.0
TXN001877,2026-05-25,2,27,1,40.0
TXN001878,2026-05-25,2,19,1,110.0
TXN001878,2026-05-25,2,49,1,85.0
TXN001878,2026-05-25,2,45,2,270.0
TXN001881,2026-05-25,2,21,1,310.0
TXN001881,2026-05-25,2,29,2,190.0
TXN001881,2026-05-25,2,12,1,90.0
TXN001882,2026-05-25,2,22,1,30.0
TXN001883,2026-05-25,2,21,1,310.0
TXN001883,2026-05-25,2,25,1,280.0
TXN001883,2026-05-25,2,49,1,85.0
TXN001884,2026-05-25,2,28,1,75.0
TXN001885,2026-05-25,2,23,1,25.0
TXN001885,2026-05-25,2,19,1,110.0
TXN001886,2026-05-25,2,29,1,95.0
TXN001886,2026-05-25,2,15,2,220.0
TXN001886,2026-05-25,2,57,2,180.0
TXN001887,2026-05-25,2,43,1,240.0
TXN001887,2026-05-25,2,18,1,20.0
TXN001888,2026-05-25,2,49,2,170.0
TXN001888,2026-05-25,2,11,1,35.0
TXN001888,2026-05-25,2,2,1,35.0
TXN001888,2026-05-25,2,39,1,140.0
TXN001889,2026-05-25,2,14,1,80.0
TXN001889,2026-05-25,2,37,1,160.0
TXN001890,2026-05-25,2,19,1,110.0
TXN001890,2026-05-25,2,46,1,48.0
TXN001891,2026-05-25,2,6,1,30.0
TXN001891,2026-05-25,2,56,1,120.0
TXN001891,2026-05-25,2,9,2,80.0
TXN001892,2026-05-25,2,23,1,25.0
TXN001894,2026-05-25,2,30,2,80.0
TXN001894,2026-05-25,2,48,1,24.0
TXN001895,2026-05-25,2,60,1,40.0
TXN001895,2026-05-25,2,3,1,115.0
TXN001896,2026-05-25,2,43,1,240.0
TXN001896,2026-05-25,2,54,2,70.0
TXN001896,2026-05-25,2,41,1,90.0
TXN001896,2026-05-25,2,3,1,115.0
TXN001897,2026-05-25,2,13,1,60.0
TXN001898,2026-05-25,2,19,1,110.0
TXN001898,2026-05-25,2,9,3,120.0
TXN001898,2026-05-25,2,41,1,90.0
TXN001899,2026-05-25,2,28,1,75.0
TXN001900,2026-05-25,2,46,1,48.0
TXN001900,2026-05-25,2,3,1,115.0
TXN001901,2026-05-25,2,43,2,480.0
TXN001902,2026-05-25,2,51,1,180.0
TXN001902,2026-05-25,2,26,1,450.0
TXN001903,2026-05-25,2,8,2,168.0
TXN001904,2026-05-25,3,21,1,310.0
TXN001904,2026-05-25,3,16,1,120.0
TXN001904,2026-05-25,3,43,1,240.0
TXN001905,2026-05-25,3,50,1,260.0
TXN001906,2026-05-25,3,39,1,140.0
TXN001906,2026-05-25,3,27,2,80.0
TXN001906,2026-05-25,3,16,1,120.0
TXN001907,2026-05-25,3,4,1,140.0
TXN001907,2026-05-25,3,36,2,210.0
TXN001907,2026-05-25,3,21,1,310.0
TXN001908,2026-05-25,3,17,1,45.0
TXN001908,2026-05-25,3,4,1,140.0
TXN001908,2026-05-25,3,18,1,20.0
TXN001909,2026-05-25,3,37,1,160.0
TXN001909,2026-05-25,3,57,1,90.0
TXN001910,2026-05-25,3,50,2,520.0
TXN001911,2026-05-25,3,39,2,280.0
TXN001911,2026-05-25,3,35,1,145.0
TXN001912,2026-05-25,3,6,1,30.0
TXN001912,2026-05-25,3,50,2,520.0
TXN001913,2026-05-25,3,24,1,50.0
TXN001913,2026-05-25,3,11,1,35.0
TXN001914,2026-05-25,3,59,1,35.0
TXN001914,2026-05-25,3,24,1,50.0
TXN001916,2026-05-25,3,7,2,260.0
TXN001916,2026-05-25,3,33,1,85.0
TXN001916,2026-05-25,3,26,1,450.0
TXN001916,2026-05-25,3,51,1,180.0
TXN001918,2026-05-25,3,53,1,40.0
TXN001919,2026-05-25,3,48,2,48.0
TXN001921,2026-05-25,3,47,2,330.0
TXN001921,2026-05-25,3,46,1,48.0
TXN001921,2026-05-25,3,27,1,40.0
TXN001921,2026-05-25,3,2,1,35.0
TXN001922,2026-05-25,3,39,1,140.0
TXN001923,2026-05-25,3,48,1,24.0
TXN001923,2026-05-25,3,2,1,35.0
TXN001924,2026-05-25,3,31,1,175.0
TXN001924,2026-05-25,3,19,1,110.0
TXN001924,2026-05-25,3,6,1,30.0
TXN001925,2026-05-25,3,25,1,280.0
TXN001925,2026-05-25,3,2,1,35.0
TXN001925,2026-05-25,3,32,1,120.0
TXN001925,2026-05-25,3,47,1,165.0
TXN001926,2026-05-25,3,50,2,520.0
TXN001926,2026-05-25,3,15,1,110.0
TXN001926,2026-05-25,3,29,1,95.0
TXN001927,2026-05-25,3,7,1,130.0
TXN001928,2026-05-25,3,11,1,35.0
TXN001928,2026-05-25,3,14,1,80.0
TXN001928,2026-05-25,3,32,2,240.0
TXN001929,2026-05-25,3,49,1,85.0
TXN001929,2026-05-25,3,15,1,110.0
TXN001929,2026-05-25,3,50,1,260.0
TXN001929,2026-05-25,3,32,1,120.0
TXN001930,2026-05-25,3,56,1,120.0
TXN001930,2026-05-25,3,1,2,128.0
TXN001930,2026-05-25,3,45,1,135.0
TXN001931,2026-05-25,3,16,2,240.0
TXN001932,2026-05-25,3,59,1,35.0
TXN001933,2026-05-25,3,25,1,280.0
TXN001934,2026-05-25,3,48,1,24.0
TXN001934,2026-05-25,3,8,1,84.0
TXN001934,2026-05-25,3,29,1,95.0
TXN001935,2026-05-25,3,32,1,120.0
TXN001935,2026-05-25,3,9,2,80.0
TXN001935,2026-05-25,3,48,3,72.0
TXN001935,2026-05-25,3,36,3,315.0
TXN001936,2026-05-26,1,21,1,310.0
TXN001936,2026-05-26,1,24,1,50.0
TXN001937,2026-05-26,1,39,1,140.0
TXN001937,2026-05-26,1,17,3,135.0
TXN001938,2026-05-26,1,11,1,35.0
TXN001939,2026-05-26,1,31,1,175.0
TXN001941,2026-05-26,1,45,1,135.0
TXN001941,2026-05-26,1,7,1,130.0
TXN001943,2026-05-26,1,41,1,90.0
TXN001943,2026-05-26,1,36,2,210.0
TXN001943,2026-05-26,1,57,2,180.0
TXN001944,2026-05-26,1,18,2,40.0
TXN001945,2026-05-26,1,47,1,165.0
TXN001945,2026-05-26,1,24,1,50.0
TXN001945,2026-05-26,1,40,1,65.0
TXN001945,2026-05-26,1,50,1,260.0
TXN001946,2026-05-26,1,7,1,130.0
TXN001946,2026-05-26,1,47,2,330.0
TXN001947,2026-05-26,1,7,1,130.0
TXN001947,2026-05-26,1,9,2,80.0
TXN001948,2026-05-26,1,43,1,240.0
TXN001948,2026-05-26,1,59,1,35.0
TXN001948,2026-05-26,1,31,1,175.0
TXN001948,2026-05-26,1,14,1,80.0
TXN001948,2026-05-26,1,11,1,35.0
TXN001950,2026-05-26,1,5,2,190.0
TXN001950,2026-05-26,1,58,2,50.0
TXN001951,2026-05-26,1,33,1,85.0
TXN001951,2026-05-26,1,49,1,85.0
TXN001951,2026-05-26,1,8,2,168.0
TXN001952,2026-05-26,1,46,2,96.0
TXN001952,2026-05-26,1,31,1,175.0
TXN001952,2026-05-26,1,23,1,25.0
TXN001953,2026-05-26,1,11,1,35.0
TXN001954,2026-05-26,1,36,2,210.0
TXN001954,2026-05-26,1,29,1,95.0
TXN001954,2026-05-26,1,32,1,120.0
TXN001954,2026-05-26,1,45,1,135.0
TXN001955,2026-05-26,1,12,1,90.0
TXN001955,2026-05-26,1,2,2,70.0
TXN001956,2026-05-26,1,36,3,315.0
TXN001957,2026-05-26,1,24,1,50.0
TXN001958,2026-05-26,1,13,2,120.0
TXN001959,2026-05-26,1,1,3,192.0
TXN001960,2026-05-26,1,39,1,140.0
TXN001961,2026-05-26,1,42,1,620.0
TXN001961,2026-05-26,1,18,2,40.0
TXN001962,2026-05-26,1,41,1,90.0
TXN001962,2026-05-26,1,4,1,140.0
TXN001963,2026-05-26,1,30,1,40.0
TXN001963,2026-05-26,1,12,1,90.0
TXN001963,2026-05-26,1,31,1,175.0
TXN001964,2026-05-26,1,58,1,25.0
TXN001964,2026-05-26,1,46,2,96.0
TXN001964,2026-05-26,1,10,1,45.0
TXN001964,2026-05-26,1,48,1,24.0
TXN001964,2026-05-26,1,12,2,180.0
TXN001965,2026-05-26,1,29,1,95.0
TXN001966,2026-05-26,1,55,1,30.0
TXN001967,2026-05-26,1,18,1,20.0
TXN001967,2026-05-26,1,55,1,30.0
TXN001967,2026-05-26,1,40,1,65.0
TXN001968,2026-05-26,1,47,1,165.0
TXN001968,2026-05-26,1,1,3,192.0
TXN001968,2026-05-26,1,43,2,480.0
TXN001969,2026-05-26,1,10,2,90.0
TXN001969,2026-05-26,1,47,1,165.0
TXN001969,2026-05-26,1,18,1,20.0
TXN001969,2026-05-26,1,6,2,60.0
TXN001969,2026-05-26,1,12,2,180.0
TXN001970,2026-05-26,1,41,1,90.0
TXN001970,2026-05-26,1,48,1,24.0
TXN001971,2026-05-26,1,18,2,40.0
TXN001971,2026-05-26,1,36,2,210.0
TXN001971,2026-05-26,1,23,1,25.0
TXN001972,2026-05-26,1,6,1,30.0
TXN001972,2026-05-26,1,8,2,168.0
TXN001973,2026-05-26,1,51,1,180.0
TXN001973,2026-05-26,1,1,3,192.0
TXN001974,2026-05-26,1,57,1,90.0
TXN001975,2026-05-26,2,54,2,70.0
TXN001975,2026-05-26,2,42,1,620.0
TXN001976,2026-05-26,2,4,1,140.0
TXN001977,2026-05-26,2,21,1,310.0
TXN001977,2026-05-26,2,27,1,40.0
TXN001977,2026-05-26,2,15,1,110.0
TXN001977,2026-05-26,2,54,1,35.0
TXN001978,2026-05-26,2,17,2,90.0
TXN001978,2026-05-26,2,6,1,30.0
TXN001978,2026-05-26,2,32,1,120.0
TXN001979,2026-05-26,2,54,1,35.0
TXN001980,2026-05-26,2,14,1,80.0
TXN001980,2026-05-26,2,28,1,75.0
TXN001980,2026-05-26,2,23,1,25.0
TXN001980,2026-05-26,2,42,1,620.0
TXN001981,2026-05-26,2,6,1,30.0
TXN001981,2026-05-26,2,33,1,85.0
TXN001981,2026-05-26,2,50,1,260.0
TXN001982,2026-05-26,2,43,2,480.0
TXN001982,2026-05-26,2,12,1,90.0
TXN001982,2026-05-26,2,9,1,40.0
TXN001983,2026-05-26,2,41,2,180.0
TXN001984,2026-05-26,2,27,1,40.0
TXN001984,2026-05-26,2,31,1,175.0
TXN001985,2026-05-26,2,11,1,35.0
TXN001985,2026-05-26,2,30,1,40.0
TXN001986,2026-05-26,2,30,1,40.0
TXN001986,2026-05-26,2,45,1,135.0
TXN001987,2026-05-26,2,3,1,115.0
TXN001988,2026-05-26,2,7,2,260.0
TXN001988,2026-05-26,2,27,1,40.0
TXN001988,2026-05-26,2,28,1,75.0
TXN001988,2026-05-26,2,18,1,20.0
TXN001989,2026-05-26,2,45,2,270.0
TXN001989,2026-05-26,2,13,1,60.0
TXN001989,2026-05-26,2,37,1,160.0
TXN001989,2026-05-26,2,49,2,170.0
TXN001990,2026-05-26,2,52,2,100.0
TXN001990,2026-05-26,2,23,1,25.0
TXN001991,2026-05-26,2,43,1,240.0
TXN001992,2026-05-26,2,13,1,60.0
TXN001992,2026-05-26,2,57,1,90.0
TXN001993,2026-05-26,2,16,1,120.0
TXN001993,2026-05-26,2,55,1,30.0
TXN001994,2026-05-26,2,44,1,580.0
TXN001995,2026-05-26,2,23,1,25.0
TXN001996,2026-05-26,2,59,1,35.0
TXN001997,2026-05-26,2,46,1,48.0
TXN001997,2026-05-26,2,16,1,120.0
TXN001997,2026-05-26,2,49,1,85.0
TXN001998,2026-05-26,2,53,1,40.0
TXN001999,2026-05-26,2,32,1,120.0
TXN001999,2026-05-26,2,43,1,240.0
TXN001999,2026-05-26,2,48,1,24.0
TXN002000,2026-05-26,2,12,1,90.0
TXN002000,2026-05-26,2,50,1,260.0
TXN002000,2026-05-26,2,16,1,120.0
TXN002000,2026-05-26,2,22,1,30.0
TXN002001,2026-05-26,2,13,1,60.0
TXN002001,2026-05-26,2,14,1,80.0
TXN002002,2026-05-26,2,10,1,45.0
TXN002002,2026-05-26,2,25,1,280.0
TXN002003,2026-05-26,2,34,1,190.0
TXN002003,2026-05-26,2,54,1,35.0
TXN002003,2026-05-26,2,7,1,130.0
TXN002004,2026-05-26,2,52,1,50.0
TXN002004,2026-05-26,2,1,2,128.0
TXN002004,2026-05-26,2,11,1,35.0
TXN002004,2026-05-26,2,21,1,310.0
TXN002005,2026-05-26,2,28,1,75.0
TXN002005,2026-05-26,2,50,1,260.0
TXN002005,2026-05-26,2,4,1,140.0
TXN002006,2026-05-26,2,33,1,85.0
TXN002007,2026-05-26,3,35,1,145.0
TXN002008,2026-05-26,3,22,1,30.0
TXN002009,2026-05-26,3,17,2,90.0
TXN002009,2026-05-26,3,13,1,60.0
TXN002009,2026-05-26,3,53,1,40.0
TXN002010,2026-05-26,3,4,1,140.0
TXN002011,2026-05-26,3,50,1,260.0
TXN002012,2026-05-26,3,29,2,190.0
TXN002013,2026-05-26,3,41,1,90.0
TXN002013,2026-05-26,3,3,1,115.0
TXN002014,2026-05-26,3,16,2,240.0
TXN002014,2026-05-26,3,12,1,90.0
TXN002014,2026-05-26,3,6,1,30.0
TXN002015,2026-05-26,3,45,2,270.0
TXN002016,2026-05-26,3,3,1,115.0
TXN002016,2026-05-26,3,5,1,95.0
TXN002018,2026-05-26,3,60,1,40.0
TXN002018,2026-05-26,3,41,1,90.0
TXN002018,2026-05-26,3,48,1,24.0
TXN002019,2026-05-26,3,47,1,165.0
TXN002019,2026-05-26,3,42,2,1240.0
TXN002020,2026-05-26,3,8,1,84.0
TXN002020,2026-05-26,3,51,2,360.0
TXN002021,2026-05-26,3,45,2,270.0
TXN002021,2026-05-26,3,52,1,50.0
TXN002022,2026-05-26,3,60,1,40.0
TXN002024,2026-05-26,3,19,1,110.0
TXN002025,2026-05-26,3,51,1,180.0
TXN002026,2026-05-26,3,30,1,40.0
TXN002026,2026-05-26,3,39,1,140.0
TXN002026,2026-05-26,3,51,1,180.0
TXN002027,2026-05-26,3,15,1,110.0
TXN002027,2026-05-26,3,2,1,35.0
TXN002028,2026-05-26,3,46,1,48.0
TXN002028,2026-05-26,3,53,1,40.0
TXN002029,2026-05-26,3,1,1,64.0
TXN002029,2026-05-26,3,22,1,30.0
TXN002029,2026-05-26,3,21,1,310.0
TXN002029,2026-05-26,3,53,1,40.0
TXN002030,2026-05-27,1,43,2,480.0
TXN002030,2026-05-27,1,55,1,30.0
TXN002031,2026-05-27,1,6,2,60.0
TXN002031,2026-05-27,1,14,1,80.0
TXN002031,2026-05-27,1,48,2,48.0
TXN002032,2026-05-27,1,2,2,70.0
TXN002032,2026-05-27,1,10,1,45.0
TXN002032,2026-05-27,1,40,1,65.0
TXN002033,2026-05-27,1,49,2,170.0
TXN002034,2026-05-27,1,16,1,120.0
TXN002034,2026-05-27,1,25,2,560.0
TXN002034,2026-05-27,1,59,1,35.0
TXN002034,2026-05-27,1,35,1,145.0
TXN002035,2026-05-27,1,14,1,80.0
TXN002035,2026-05-27,1,8,1,84.0
TXN002036,2026-05-27,1,50,1,260.0
TXN002036,2026-05-27,1,48,2,48.0
TXN002037,2026-05-27,1,49,1,85.0
TXN002037,2026-05-27,1,14,1,80.0
TXN002037,2026-05-27,1,27,1,40.0
TXN002038,2026-05-27,1,41,2,180.0
TXN002038,2026-05-27,1,43,1,240.0
TXN002039,2026-05-27,1,15,1,110.0
TXN002039,2026-05-27,1,55,3,90.0
TXN002039,2026-05-27,1,32,2,240.0
TXN002040,2026-05-27,1,19,2,220.0
TXN002040,2026-05-27,1,1,2,128.0
TXN002040,2026-05-27,1,35,1,145.0
TXN002040,2026-05-27,1,54,2,70.0
TXN002041,2026-05-27,1,42,3,1860.0
TXN002041,2026-05-27,1,27,1,40.0
TXN002042,2026-05-27,1,33,1,85.0
TXN002042,2026-05-27,1,6,1,30.0
TXN002042,2026-05-27,1,39,1,140.0
TXN002042,2026-05-27,1,47,1,165.0
TXN002043,2026-05-27,1,24,2,100.0
TXN002044,2026-05-27,1,36,2,210.0
TXN002044,2026-05-27,1,33,1,85.0
TXN002045,2026-05-27,1,60,2,80.0
TXN002046,2026-05-27,1,9,4,160.0
TXN002047,2026-05-27,1,30,1,40.0
TXN002048,2026-05-27,1,51,1,180.0
TXN002048,2026-05-27,1,12,2,180.0
TXN002049,2026-05-27,1,52,1,50.0
TXN002050,2026-05-27,1,54,1,35.0
TXN002050,2026-05-27,1,22,2,60.0
TXN002050,2026-05-27,1,56,2,240.0
TXN002050,2026-05-27,1,59,1,35.0
TXN002051,2026-05-27,1,25,1,280.0
TXN002051,2026-05-27,1,5,2,190.0
TXN002051,2026-05-27,1,51,2,360.0
TXN002052,2026-05-27,1,46,2,96.0
TXN002052,2026-05-27,1,2,1,35.0
TXN002052,2026-05-27,1,29,1,95.0
TXN002052,2026-05-27,1,53,2,80.0
TXN002054,2026-05-27,1,7,1,130.0
TXN002055,2026-05-27,1,55,1,30.0
TXN002055,2026-05-27,1,17,2,90.0
TXN002056,2026-05-27,1,47,1,165.0
TXN002057,2026-05-27,1,10,2,90.0
TXN002057,2026-05-27,1,59,1,35.0
TXN002057,2026-05-27,1,16,1,120.0
TXN002058,2026-05-27,1,22,1,30.0
TXN002059,2026-05-27,1,49,1,85.0
TXN002059,2026-05-27,1,16,1,120.0
TXN002059,2026-05-27,1,17,3,135.0
TXN002059,2026-05-27,1,22,2,60.0
TXN002060,2026-05-27,1,39,1,140.0
TXN002060,2026-05-27,1,3,1,115.0
TXN002060,2026-05-27,1,49,1,85.0
TXN002060,2026-05-27,1,9,3,120.0
TXN002061,2026-05-27,1,46,2,96.0
TXN002062,2026-05-27,1,46,2,96.0
TXN002062,2026-05-27,1,29,2,190.0
TXN002062,2026-05-27,1,44,1,580.0
TXN002063,2026-05-27,1,15,2,220.0
TXN002063,2026-05-27,1,2,1,35.0
TXN002064,2026-05-27,1,1,2,128.0
TXN002066,2026-05-27,1,60,1,40.0
TXN002066,2026-05-27,1,32,1,120.0
TXN002067,2026-05-27,1,22,2,60.0
TXN002068,2026-05-27,1,20,1,220.0
TXN002068,2026-05-27,1,14,1,80.0
TXN002069,2026-05-27,2,23,2,50.0
TXN002070,2026-05-27,2,54,1,35.0
TXN002071,2026-05-27,2,48,2,48.0
TXN002071,2026-05-27,2,13,1,60.0
TXN002071,2026-05-27,2,24,1,50.0
TXN002072,2026-05-27,2,55,1,30.0
TXN002072,2026-05-27,2,48,2,48.0
TXN002072,2026-05-27,2,35,1,145.0
TXN002072,2026-05-27,2,6,1,30.0
TXN002073,2026-05-27,2,52,1,50.0
TXN002073,2026-05-27,2,48,1,24.0
TXN002073,2026-05-27,2,12,1,90.0
TXN002074,2026-05-27,2,12,2,180.0
TXN002074,2026-05-27,2,39,1,140.0
TXN002074,2026-05-27,2,18,1,20.0
TXN002075,2026-05-27,2,58,2,50.0
TXN002076,2026-05-27,2,34,1,190.0
TXN002076,2026-05-27,2,20,1,220.0
TXN002077,2026-05-27,2,30,1,40.0
TXN002077,2026-05-27,2,7,1,130.0
TXN002078,2026-05-27,2,31,1,175.0
TXN002079,2026-05-27,2,14,1,80.0
TXN002079,2026-05-27,2,32,1,120.0
TXN002079,2026-05-27,2,20,1,220.0
TXN002080,2026-05-27,2,50,1,260.0
TXN002080,2026-05-27,2,42,1,620.0
TXN002081,2026-05-27,2,18,1,20.0
TXN002081,2026-05-27,2,41,1,90.0
TXN002081,2026-05-27,2,12,1,90.0
TXN002081,2026-05-27,2,22,1,30.0
TXN002082,2026-05-27,2,22,1,30.0
TXN002082,2026-05-27,2,18,2,40.0
TXN002082,2026-05-27,2,44,1,580.0
TXN002082,2026-05-27,2,36,2,210.0
TXN002083,2026-05-27,2,21,1,310.0
TXN002084,2026-05-27,2,5,1,95.0
TXN002084,2026-05-27,2,49,1,85.0
TXN002085,2026-05-27,2,53,1,40.0
TXN002085,2026-05-27,2,12,1,90.0
TXN002085,2026-05-27,2,7,1,130.0
TXN002086,2026-05-27,2,7,1,130.0
TXN002086,2026-05-27,2,44,1,580.0
TXN002086,2026-05-27,2,60,1,40.0
TXN002087,2026-05-27,2,55,1,30.0
TXN002088,2026-05-27,2,42,1,620.0
TXN002088,2026-05-27,2,39,2,280.0
TXN002088,2026-05-27,2,27,1,40.0
TXN002089,2026-05-27,2,10,1,45.0
TXN002090,2026-05-27,2,28,1,75.0
TXN002090,2026-05-27,2,26,1,450.0
TXN002091,2026-05-27,2,23,2,50.0
TXN002091,2026-05-27,2,42,1,620.0
TXN002091,2026-05-27,2,52,2,100.0
TXN002091,2026-05-27,2,9,2,80.0
TXN002092,2026-05-27,2,43,1,240.0
TXN002092,2026-05-27,2,46,2,96.0
TXN002094,2026-05-27,2,36,2,210.0
TXN002094,2026-05-27,2,48,1,24.0
TXN002094,2026-05-27,2,52,1,50.0
TXN002094,2026-05-27,2,14,1,80.0
TXN002095,2026-05-27,2,47,1,165.0
TXN002096,2026-05-27,2,43,1,240.0
TXN002096,2026-05-27,2,25,1,280.0
TXN002097,2026-05-27,3,7,1,130.0
TXN002098,2026-05-27,3,24,1,50.0
TXN002098,2026-05-27,3,60,1,40.0
TXN002098,2026-05-27,3,19,1,110.0
TXN002098,2026-05-27,3,8,2,168.0
TXN002099,2026-05-27,3,10,1,45.0
TXN002100,2026-05-27,3,13,1,60.0
TXN002100,2026-05-27,3,6,1,30.0
TXN002100,2026-05-27,3,16,1,120.0
TXN002101,2026-05-27,3,9,2,80.0
TXN002102,2026-05-27,3,55,1,30.0
TXN002102,2026-05-27,3,24,1,50.0
TXN002103,2026-05-27,3,21,1,310.0
TXN002104,2026-05-27,3,13,1,60.0
TXN002104,2026-05-27,3,46,1,48.0
TXN002105,2026-05-27,3,52,1,50.0
TXN002105,2026-05-27,3,32,3,360.0
TXN002106,2026-05-27,3,2,2,70.0
TXN002107,2026-05-27,3,51,1,180.0
TXN002107,2026-05-27,3,35,1,145.0
TXN002107,2026-05-27,3,32,1,120.0
TXN002108,2026-05-27,3,36,1,105.0
TXN002109,2026-05-27,3,35,1,145.0
TXN002111,2026-05-27,3,42,2,1240.0
TXN002111,2026-05-27,3,49,1,85.0
TXN002111,2026-05-27,3,50,2,520.0
TXN002112,2026-05-27,3,22,2,60.0
TXN002113,2026-05-27,3,30,1,40.0
TXN002113,2026-05-27,3,50,1,260.0
TXN002116,2026-05-27,3,1,1,64.0
TXN002117,2026-05-27,3,21,1,310.0
TXN002118,2026-05-27,3,35,1,145.0
TXN002119,2026-05-27,3,60,1,40.0
TXN002119,2026-05-27,3,23,1,25.0
TXN002119,2026-05-27,3,58,1,25.0
TXN002119,2026-05-27,3,46,1,48.0
TXN002120,2026-05-27,3,55,1,30.0
TXN002120,2026-05-27,3,3,1,115.0
TXN002120,2026-05-27,3,50,2,520.0
TXN002120,2026-05-27,3,9,2,80.0
TXN002120,2026-05-27,3,35,1,145.0
TXN002121,2026-05-27,3,11,1,35.0
TXN002122,2026-05-27,3,23,2,50.0
TXN002123,2026-05-27,3,8,1,84.0
TXN002123,2026-05-27,3,25,1,280.0
TXN002123,2026-05-27,3,2,1,35.0
TXN002124,2026-05-27,3,14,2,160.0
TXN002125,2026-05-27,3,59,1,35.0
TXN002125,2026-05-27,3,47,2,330.0
TXN002125,2026-05-27,3,8,1,84.0
TXN002126,2026-05-27,3,27,1,40.0
TXN002126,2026-05-27,3,14,1,80.0
TXN002127,2026-05-27,3,8,2,168.0
TXN002127,2026-05-27,3,30,1,40.0
TXN002128,2026-05-28,1,55,2,60.0
TXN002128,2026-05-28,1,7,1,130.0
TXN002128,2026-05-28,1,24,1,50.0
TXN002129,2026-05-28,1,15,1,110.0
TXN002129,2026-05-28,1,45,1,135.0
TXN002129,2026-05-28,1,6,1,30.0
TXN002130,2026-05-28,1,47,1,165.0
TXN002130,2026-05-28,1,42,1,620.0
TXN002130,2026-05-28,1,58,1,25.0
TXN002131,2026-05-28,1,12,2,180.0
TXN002131,2026-05-28,1,37,1,160.0
TXN002132,2026-05-28,1,49,1,85.0
TXN002132,2026-05-28,1,3,1,115.0
TXN002132,2026-05-28,1,39,1,140.0
TXN002133,2026-05-28,1,53,1,40.0
TXN002133,2026-05-28,1,11,1,35.0
TXN002133,2026-05-28,1,27,2,80.0
TXN002133,2026-05-28,1,12,2,180.0
TXN002134,2026-05-28,1,24,2,100.0
TXN002134,2026-05-28,1,57,2,180.0
TXN002135,2026-05-28,1,32,1,120.0
TXN002137,2026-05-28,1,40,1,65.0
TXN002137,2026-05-28,1,2,1,35.0
TXN002138,2026-05-28,1,59,1,35.0
TXN002138,2026-05-28,1,27,2,80.0
TXN002139,2026-05-28,1,47,1,165.0
TXN002139,2026-05-28,1,11,1,35.0
TXN002139,2026-05-28,1,7,2,260.0
TXN002139,2026-05-28,1,1,4,256.0
TXN002140,2026-05-28,1,27,2,80.0
TXN002140,2026-05-28,1,58,1,25.0
TXN002140,2026-05-28,1,35,1,145.0
TXN002141,2026-05-28,1,31,1,175.0
TXN002141,2026-05-28,1,58,1,25.0
TXN002141,2026-05-28,1,17,1,45.0
TXN002141,2026-05-28,1,9,2,80.0
TXN002143,2026-05-28,1,13,1,60.0
TXN002143,2026-05-28,1,9,2,80.0
TXN002143,2026-05-28,1,15,1,110.0
TXN002143,2026-05-28,1,33,1,85.0
TXN002144,2026-05-28,1,16,2,240.0
TXN002145,2026-05-28,1,17,2,90.0
TXN002145,2026-05-28,1,12,1,90.0
TXN002146,2026-05-28,1,43,2,480.0
TXN002146,2026-05-28,1,37,1,160.0
TXN002147,2026-05-28,1,48,2,48.0
TXN002148,2026-05-28,1,48,2,48.0
TXN002149,2026-05-28,1,51,1,180.0
TXN002150,2026-05-28,1,12,1,90.0
TXN002150,2026-05-28,1,1,3,192.0
TXN002152,2026-05-28,1,13,1,60.0
TXN002152,2026-05-28,1,41,1,90.0
TXN002153,2026-05-28,1,14,1,80.0
TXN002153,2026-05-28,1,30,1,40.0
TXN002153,2026-05-28,1,17,3,135.0
TXN002154,2026-05-28,1,22,1,30.0
TXN002154,2026-05-28,1,58,2,50.0
TXN002155,2026-05-28,1,43,1,240.0
TXN002156,2026-05-28,1,49,2,170.0
TXN002156,2026-05-28,1,17,3,135.0
TXN002157,2026-05-28,1,9,3,120.0
TXN002157,2026-05-28,1,7,2,260.0
TXN002157,2026-05-28,1,15,1,110.0
TXN002157,2026-05-28,1,30,3,120.0
TXN002157,2026-05-28,1,54,1,35.0
TXN002158,2026-05-28,1,56,1,120.0
TXN002159,2026-05-28,1,12,1,90.0
TXN002159,2026-05-28,1,26,1,450.0
TXN002159,2026-05-28,1,53,3,120.0
TXN002159,2026-05-28,1,57,2,180.0
TXN002159,2026-05-28,1,33,1,85.0
TXN002160,2026-05-28,1,34,1,190.0
TXN002160,2026-05-28,1,39,1,140.0
TXN002160,2026-05-28,1,50,1,260.0
TXN002161,2026-05-28,1,24,1,50.0
TXN002161,2026-05-28,1,35,1,145.0
TXN002161,2026-05-28,1,15,1,110.0
TXN002161,2026-05-28,1,45,1,135.0
TXN002162,2026-05-28,1,54,1,35.0
TXN002162,2026-05-28,1,60,1,40.0
TXN002163,2026-05-28,1,28,2,150.0
TXN002163,2026-05-28,1,55,1,30.0
TXN002163,2026-05-28,1,18,2,40.0
TXN002163,2026-05-28,1,4,2,280.0
TXN002164,2026-05-28,1,21,1,310.0
TXN002164,2026-05-28,1,9,3,120.0
TXN002164,2026-05-28,1,47,1,165.0
TXN002165,2026-05-28,1,47,2,330.0
TXN002166,2026-05-28,1,31,1,175.0
TXN002166,2026-05-28,1,53,2,80.0
TXN002167,2026-05-28,1,26,1,450.0
TXN002167,2026-05-28,1,51,1,180.0
TXN002168,2026-05-28,1,54,2,70.0
TXN002168,2026-05-28,1,23,3,75.0
TXN002169,2026-05-28,1,9,3,120.0
TXN002169,2026-05-28,1,58,2,50.0
TXN002170,2026-05-28,1,14,2,160.0
TXN002170,2026-05-28,1,29,2,190.0
TXN002171,2026-05-28,1,1,3,192.0
TXN002171,2026-05-28,1,8,2,168.0
TXN002172,2026-05-28,1,43,1,240.0
TXN002172,2026-05-28,1,29,2,190.0
TXN002173,2026-05-28,2,3,2,230.0
TXN002173,2026-05-28,2,25,1,280.0
TXN002173,2026-05-28,2,54,1,35.0
TXN002174,2026-05-28,2,57,1,90.0
TXN002175,2026-05-28,2,6,2,60.0
TXN002175,2026-05-28,2,56,1,120.0
TXN002177,2026-05-28,2,54,2,70.0
TXN002177,2026-05-28,2,47,1,165.0
TXN002177,2026-05-28,2,18,1,20.0
TXN002178,2026-05-28,2,23,2,50.0
TXN002178,2026-05-28,2,6,2,60.0
TXN002178,2026-05-28,2,1,3,192.0
TXN002179,2026-05-28,2,32,1,120.0
TXN002180,2026-05-28,2,36,2,210.0
TXN002180,2026-05-28,2,54,2,70.0
TXN002181,2026-05-28,2,3,1,115.0
TXN002181,2026-05-28,2,7,1,130.0
TXN002182,2026-05-28,2,24,1,50.0
TXN002183,2026-05-28,2,27,2,80.0
TXN002183,2026-05-28,2,53,2,80.0
TXN002183,2026-05-28,2,48,2,48.0
TXN002185,2026-05-28,2,43,1,240.0
TXN002185,2026-05-28,2,59,1,35.0
TXN002185,2026-05-28,2,2,1,35.0
TXN002185,2026-05-28,2,14,1,80.0
TXN002186,2026-05-28,2,52,1,50.0
TXN002186,2026-05-28,2,2,1,35.0
TXN002186,2026-05-28,2,47,1,165.0
TXN002186,2026-05-28,2,30,1,40.0
TXN002187,2026-05-28,2,18,1,20.0
TXN002187,2026-05-28,2,29,1,95.0
TXN002188,2026-05-28,2,50,1,260.0
TXN002188,2026-05-28,2,51,2,360.0
TXN002189,2026-05-28,2,49,1,85.0
TXN002189,2026-05-28,2,23,1,25.0
TXN002189,2026-05-28,2,50,2,520.0
TXN002189,2026-05-28,2,53,2,80.0
TXN002190,2026-05-28,2,48,2,48.0
TXN002190,2026-05-28,2,52,1,50.0
TXN002190,2026-05-28,2,54,1,35.0
TXN002190,2026-05-28,2,15,1,110.0
TXN002191,2026-05-28,2,40,1,65.0
TXN002191,2026-05-28,2,32,2,240.0
TXN002192,2026-05-28,2,22,2,60.0
TXN002192,2026-05-28,2,52,2,100.0
TXN002192,2026-05-28,2,29,1,95.0
TXN002193,2026-05-28,2,21,1,310.0
TXN002193,2026-05-28,2,2,2,70.0
TXN002194,2026-05-28,2,45,1,135.0
TXN002194,2026-05-28,2,42,1,620.0
TXN002194,2026-05-28,2,36,1,105.0
TXN002194,2026-05-28,2,49,2,170.0
TXN002195,2026-05-28,2,55,2,60.0
TXN002195,2026-05-28,2,17,2,90.0
TXN002195,2026-05-28,2,10,1,45.0
TXN002195,2026-05-28,2,46,2,96.0
TXN002196,2026-05-28,2,40,1,65.0
TXN002196,2026-05-28,2,6,1,30.0
TXN002197,2026-05-28,2,36,3,315.0
TXN002197,2026-05-28,2,10,1,45.0
TXN002198,2026-05-28,2,15,1,110.0
TXN002198,2026-05-28,2,54,1,35.0
TXN002198,2026-05-28,2,45,1,135.0
TXN002198,2026-05-28,2,16,1,120.0
TXN002199,2026-05-28,2,16,1,120.0
TXN002200,2026-05-28,2,36,2,210.0
TXN002200,2026-05-28,2,13,1,60.0
TXN002201,2026-05-28,2,48,1,24.0
TXN002201,2026-05-28,2,17,3,135.0
TXN002201,2026-05-28,2,46,1,48.0
TXN002201,2026-05-28,2,51,1,180.0
TXN002202,2026-05-28,2,21,1,310.0
TXN002203,2026-05-28,2,21,2,620.0
TXN002203,2026-05-28,2,56,1,120.0
TXN002204,2026-05-28,2,9,1,40.0
TXN002204,2026-05-28,2,7,1,130.0
TXN002204,2026-05-28,2,51,2,360.0
TXN002205,2026-05-28,2,47,2,330.0
TXN002205,2026-05-28,2,23,1,25.0
TXN002206,2026-05-28,2,15,1,110.0
TXN002206,2026-05-28,2,30,1,40.0
TXN002206,2026-05-28,2,37,1,160.0
TXN002207,2026-05-28,2,2,1,35.0
TXN002207,2026-05-28,2,36,1,105.0
TXN002208,2026-05-28,3,46,1,48.0
TXN002208,2026-05-28,3,10,2,90.0
TXN002208,2026-05-28,3,5,1,95.0
TXN002209,2026-05-28,3,17,1,45.0
TXN002209,2026-05-28,3,47,1,165.0
TXN002209,2026-05-28,3,2,1,35.0
TXN002210,2026-05-28,3,35,1,145.0
TXN002210,2026-05-28,3,45,1,135.0
TXN002211,2026-05-28,3,27,1,40.0
TXN002211,2026-05-28,3,35,1,145.0
TXN002212,2026-05-28,3,8,1,84.0
TXN002212,2026-05-28,3,50,1,260.0
TXN002212,2026-05-28,3,5,1,95.0
TXN002212,2026-05-28,3,40,1,65.0
TXN002213,2026-05-28,3,54,2,70.0
TXN002213,2026-05-28,3,12,1,90.0
TXN002214,2026-05-28,3,22,2,60.0
TXN002215,2026-05-28,3,45,2,270.0
TXN002215,2026-05-28,3,52,1,50.0
TXN002215,2026-05-28,3,27,1,40.0
TXN002216,2026-05-28,3,46,1,48.0
TXN002217,2026-05-28,3,6,1,30.0
TXN002217,2026-05-28,3,12,1,90.0
TXN002217,2026-05-28,3,17,2,90.0
TXN002219,2026-05-28,3,36,2,210.0
TXN002219,2026-05-28,3,24,2,100.0
TXN002219,2026-05-28,3,7,2,260.0
TXN002220,2026-05-28,3,52,1,50.0
TXN002221,2026-05-28,3,37,1,160.0
TXN002221,2026-05-28,3,55,1,30.0
TXN002221,2026-05-28,3,5,1,95.0
TXN002221,2026-05-28,3,12,1,90.0
TXN002223,2026-05-28,3,33,1,85.0
TXN002224,2026-05-28,3,60,1,40.0
TXN002224,2026-05-28,3,51,2,360.0
TXN002225,2026-05-28,3,34,1,190.0
TXN002226,2026-05-28,3,39,2,280.0
TXN002226,2026-05-28,3,10,1,45.0
TXN002227,2026-05-28,3,43,1,240.0
TXN002227,2026-05-28,3,36,2,210.0
TXN002227,2026-05-28,3,54,1,35.0
TXN002228,2026-05-28,3,16,1,120.0
TXN002228,2026-05-28,3,24,2,100.0
TXN002228,2026-05-28,3,10,1,45.0
TXN002229,2026-05-28,3,4,1,140.0
TXN002230,2026-05-28,3,6,1,30.0
TXN002231,2026-05-28,3,42,1,620.0
TXN002231,2026-05-28,3,19,1,110.0
TXN002231,2026-05-28,3,21,1,310.0
TXN002231,2026-05-28,3,9,1,40.0
TXN002232,2026-05-28,3,32,1,120.0
TXN002234,2026-05-28,3,32,1,120.0
TXN002234,2026-05-28,3,51,1,180.0
TXN002234,2026-05-28,3,50,2,520.0
TXN002236,2026-05-28,3,6,2,60.0
TXN002237,2026-05-28,3,21,1,310.0
TXN002238,2026-05-29,1,25,1,280.0
TXN002238,2026-05-29,1,13,1,60.0
TXN002238,2026-05-29,1,23,1,25.0
TXN002239,2026-05-29,1,48,2,48.0
TXN002239,2026-05-29,1,33,1,85.0
TXN002239,2026-05-29,1,55,2,60.0
TXN002240,2026-05-29,1,58,1,25.0
TXN002240,2026-05-29,1,15,1,110.0
TXN002241,2026-05-29,1,32,1,120.0
TXN002243,2026-05-29,1,14,1,80.0
TXN002243,2026-05-29,1,58,1,25.0
TXN002243,2026-05-29,1,45,2,270.0
TXN002243,2026-05-29,1,8,3,252.0
TXN002244,2026-05-29,1,12,1,90.0
TXN002244,2026-05-29,1,25,3,840.0
TXN002244,2026-05-29,1,53,1,40.0
TXN002245,2026-05-29,1,16,2,240.0
TXN002245,2026-05-29,1,40,1,65.0
TXN002245,2026-05-29,1,43,1,240.0
TXN002245,2026-05-29,1,17,2,90.0
TXN002246,2026-05-29,1,14,1,80.0
TXN002246,2026-05-29,1,42,1,620.0
TXN002247,2026-05-29,1,25,1,280.0
TXN002247,2026-05-29,1,18,2,40.0
TXN002247,2026-05-29,1,54,2,70.0
TXN002247,2026-05-29,1,58,1,25.0
TXN002248,2026-05-29,1,3,1,115.0
TXN002248,2026-05-29,1,45,2,270.0
TXN002248,2026-05-29,1,50,2,520.0
TXN002248,2026-05-29,1,29,2,190.0
TXN002249,2026-05-29,1,58,1,25.0
TXN002249,2026-05-29,1,51,1,180.0
TXN002250,2026-05-29,1,11,1,35.0
TXN002250,2026-05-29,1,48,3,72.0
TXN002250,2026-05-29,1,17,2,90.0
TXN002251,2026-05-29,1,19,1,110.0
TXN002251,2026-05-29,1,35,2,290.0
TXN002251,2026-05-29,1,37,1,160.0
TXN002252,2026-05-29,1,36,2,210.0
TXN002253,2026-05-29,1,9,2,80.0
TXN002253,2026-05-29,1,3,1,115.0
TXN002254,2026-05-29,1,16,1,120.0
TXN002255,2026-05-29,1,40,1,65.0
TXN002255,2026-05-29,1,24,1,50.0
TXN002255,2026-05-29,1,29,3,285.0
TXN002255,2026-05-29,1,48,2,48.0
TXN002256,2026-05-29,1,50,1,260.0
TXN002256,2026-05-29,1,14,1,80.0
TXN002258,2026-05-29,1,23,2,50.0
TXN002258,2026-05-29,1,30,2,80.0
TXN002259,2026-05-29,1,25,2,560.0
TXN002259,2026-05-29,1,10,2,90.0
TXN002259,2026-05-29,1,19,1,110.0
TXN002259,2026-05-29,1,33,1,85.0
TXN002260,2026-05-29,1,2,2,70.0
TXN002260,2026-05-29,1,56,1,120.0
TXN002260,2026-05-29,1,29,1,95.0
TXN002260,2026-05-29,1,5,1,95.0
TXN002261,2026-05-29,1,21,1,310.0
TXN002261,2026-05-29,1,8,2,168.0
TXN002261,2026-05-29,1,5,2,190.0
TXN002262,2026-05-29,1,3,2,230.0
TXN002262,2026-05-29,1,10,1,45.0
TXN002262,2026-05-29,1,58,1,25.0
TXN002263,2026-05-29,1,1,2,128.0
TXN002263,2026-05-29,1,4,1,140.0
TXN002263,2026-05-29,1,53,2,80.0
TXN002264,2026-05-29,1,5,1,95.0
TXN002264,2026-05-29,1,2,1,35.0
TXN002264,2026-05-29,1,42,2,1240.0
TXN002264,2026-05-29,1,53,1,40.0
TXN002264,2026-05-29,1,59,1,35.0
TXN002265,2026-05-29,1,29,1,95.0
TXN002265,2026-05-29,1,48,1,24.0
TXN002265,2026-05-29,1,16,3,360.0
TXN002266,2026-05-29,1,59,1,35.0
TXN002266,2026-05-29,1,58,1,25.0
TXN002266,2026-05-29,1,10,1,45.0
TXN002267,2026-05-29,1,17,3,135.0
TXN002267,2026-05-29,1,57,1,90.0
TXN002267,2026-05-29,1,24,1,50.0
TXN002268,2026-05-29,1,46,2,96.0
TXN002268,2026-05-29,1,57,1,90.0
TXN002268,2026-05-29,1,35,1,145.0
TXN002268,2026-05-29,1,55,2,60.0
TXN002269,2026-05-29,2,30,2,80.0
TXN002270,2026-05-29,2,9,2,80.0
TXN002270,2026-05-29,2,47,1,165.0
TXN002270,2026-05-29,2,14,2,160.0
TXN002271,2026-05-29,2,24,1,50.0
TXN002271,2026-05-29,2,30,1,40.0
TXN002271,2026-05-29,2,36,1,105.0
TXN002271,2026-05-29,2,56,1,120.0
TXN002272,2026-05-29,2,58,1,25.0
TXN002272,2026-05-29,2,54,1,35.0
TXN002272,2026-05-29,2,50,1,260.0
TXN002273,2026-05-29,2,36,1,105.0
TXN002274,2026-05-29,2,45,2,270.0
TXN002275,2026-05-29,2,25,1,280.0
TXN002276,2026-05-29,2,50,1,260.0
TXN002276,2026-05-29,2,10,1,45.0
TXN002276,2026-05-29,2,42,1,620.0
TXN002277,2026-05-29,2,60,1,40.0
TXN002278,2026-05-29,2,48,1,24.0
TXN002278,2026-05-29,2,57,2,180.0
TXN002278,2026-05-29,2,3,1,115.0
TXN002279,2026-05-29,2,22,1,30.0
TXN002280,2026-05-29,2,48,2,48.0
TXN002280,2026-05-29,2,10,1,45.0
TXN002282,2026-05-29,2,31,1,175.0
TXN002282,2026-05-29,2,22,1,30.0
TXN002282,2026-05-29,2,46,2,96.0
TXN002282,2026-05-29,2,12,1,90.0
TXN002283,2026-05-29,2,11,2,70.0
TXN002283,2026-05-29,2,27,2,80.0
TXN002284,2026-05-29,2,36,1,105.0
TXN002284,2026-05-29,2,41,1,90.0
TXN002284,2026-05-29,2,31,1,175.0
TXN002285,2026-05-29,2,29,1,95.0
TXN002286,2026-05-29,2,31,1,175.0
TXN002286,2026-05-29,2,25,1,280.0
TXN002287,2026-05-29,2,12,2,180.0
TXN002287,2026-05-29,2,29,1,95.0
TXN002288,2026-05-29,2,6,1,30.0
TXN002288,2026-05-29,2,57,1,90.0
TXN002288,2026-05-29,2,24,1,50.0
TXN002289,2026-05-29,2,8,2,168.0
TXN002289,2026-05-29,2,60,1,40.0
TXN002290,2026-05-29,2,46,1,48.0
TXN002290,2026-05-29,2,51,1,180.0
TXN002291,2026-05-29,2,2,1,35.0
TXN002291,2026-05-29,2,40,1,65.0
TXN002292,2026-05-29,2,32,1,120.0
TXN002293,2026-05-29,2,4,1,140.0
TXN002294,2026-05-29,2,3,2,230.0
TXN002294,2026-05-29,2,18,2,40.0
TXN002294,2026-05-29,2,48,1,24.0
TXN002295,2026-05-29,2,22,1,30.0
TXN002296,2026-05-29,2,1,2,128.0
TXN002296,2026-05-29,2,2,2,70.0
TXN002296,2026-05-29,2,20,1,220.0
TXN002297,2026-05-29,2,45,1,135.0
TXN002297,2026-05-29,2,25,2,560.0
TXN002297,2026-05-29,2,22,2,60.0
TXN002298,2026-05-29,2,9,2,80.0
TXN002298,2026-05-29,2,23,1,25.0
TXN002298,2026-05-29,2,47,1,165.0
TXN002299,2026-05-29,2,6,1,30.0
TXN002299,2026-05-29,2,59,1,35.0
TXN002300,2026-05-29,2,8,1,84.0
TXN002300,2026-05-29,2,2,1,35.0
TXN002300,2026-05-29,2,52,2,100.0
TXN002300,2026-05-29,2,9,2,80.0
TXN002301,2026-05-29,2,37,1,160.0
TXN002301,2026-05-29,2,52,1,50.0
TXN002302,2026-05-29,2,48,2,48.0
TXN002303,2026-05-29,2,56,1,120.0
TXN002303,2026-05-29,2,59,1,35.0
TXN002303,2026-05-29,2,40,2,130.0
TXN002304,2026-05-29,2,51,1,180.0
TXN002304,2026-05-29,2,43,1,240.0
TXN002304,2026-05-29,2,7,1,130.0
TXN002305,2026-05-29,2,13,1,60.0
TXN002306,2026-05-29,3,1,1,64.0
TXN002307,2026-05-29,3,4,1,140.0
TXN002307,2026-05-29,3,46,1,48.0
TXN002308,2026-05-29,3,31,1,175.0
TXN002308,2026-05-29,3,53,1,40.0
TXN002308,2026-05-29,3,46,1,48.0
TXN002308,2026-05-29,3,32,2,240.0
TXN002309,2026-05-29,3,29,1,95.0
TXN002310,2026-05-29,3,13,1,60.0
TXN002310,2026-05-29,3,17,2,90.0
TXN002311,2026-05-29,3,37,1,160.0
TXN002311,2026-05-29,3,13,1,60.0
TXN002311,2026-05-29,3,8,3,252.0
TXN002311,2026-05-29,3,49,1,85.0
TXN002312,2026-05-29,3,19,1,110.0
TXN002312,2026-05-29,3,39,1,140.0
TXN002312,2026-05-29,3,33,1,85.0
TXN002313,2026-05-29,3,1,2,128.0
TXN002313,2026-05-29,3,42,1,620.0
TXN002313,2026-05-29,3,57,1,90.0
TXN002313,2026-05-29,3,17,2,90.0
TXN002315,2026-05-29,3,6,1,30.0
TXN002315,2026-05-29,3,49,1,85.0
TXN002315,2026-05-29,3,58,1,25.0
TXN002316,2026-05-29,3,45,1,135.0
TXN002316,2026-05-29,3,39,1,140.0
TXN002317,2026-05-29,3,29,1,95.0
TXN002317,2026-05-29,3,23,1,25.0
TXN002317,2026-05-29,3,48,1,24.0
TXN002318,2026-05-29,3,32,1,120.0
TXN002318,2026-05-29,3,21,1,310.0
TXN002319,2026-05-29,3,27,1,40.0
TXN002319,2026-05-29,3,57,1,90.0
TXN002320,2026-05-29,3,30,2,80.0
TXN002320,2026-05-29,3,56,1,120.0
TXN002320,2026-05-29,3,58,1,25.0
TXN002320,2026-05-29,3,29,2,190.0
TXN002321,2026-05-29,3,25,1,280.0
TXN002321,2026-05-29,3,56,1,120.0
TXN002321,2026-05-29,3,41,1,90.0
TXN002322,2026-05-29,3,51,1,180.0
TXN002322,2026-05-29,3,53,2,80.0
TXN002322,2026-05-29,3,43,1,240.0
TXN002322,2026-05-29,3,58,1,25.0
TXN002323,2026-05-29,3,31,1,175.0
TXN002323,2026-05-29,3,18,1,20.0
TXN002323,2026-05-29,3,22,2,60.0
TXN002325,2026-05-29,3,32,1,120.0
TXN002325,2026-05-29,3,43,2,480.0
TXN002326,2026-05-29,3,21,1,310.0
TXN002327,2026-05-29,3,19,1,110.0
TXN002327,2026-05-29,3,10,1,45.0
TXN002328,2026-05-30,1,41,1,90.0
TXN002329,2026-05-30,1,9,2,80.0
TXN002329,2026-05-30,1,34,1,190.0
TXN002329,2026-05-30,1,19,1,110.0
TXN002329,2026-05-30,1,22,1,30.0
TXN002329,2026-05-30,1,47,1,165.0
TXN002330,2026-05-30,1,29,1,95.0
TXN002331,2026-05-30,1,45,2,270.0
TXN002331,2026-05-30,1,15,2,220.0
TXN002332,2026-05-30,1,51,1,180.0
TXN002332,2026-05-30,1,18,1,20.0
TXN002332,2026-05-30,1,36,2,210.0
TXN002332,2026-05-30,1,22,2,60.0
TXN002333,2026-05-30,1,51,2,360.0
TXN002333,2026-05-30,1,41,1,90.0
TXN002334,2026-05-30,1,53,1,40.0
TXN002334,2026-05-30,1,16,2,240.0
TXN002335,2026-05-30,1,21,1,310.0
TXN002336,2026-05-30,1,40,1,65.0
TXN002336,2026-05-30,1,21,2,620.0
TXN002337,2026-05-30,1,58,1,25.0
TXN002337,2026-05-30,1,47,1,165.0
TXN002337,2026-05-30,1,18,2,40.0
TXN002337,2026-05-30,1,5,1,95.0
TXN002337,2026-05-30,1,29,1,95.0
TXN002338,2026-05-30,1,55,1,30.0
TXN002338,2026-05-30,1,50,2,520.0
TXN002338,2026-05-30,1,4,2,280.0
TXN002339,2026-05-30,1,36,2,210.0
TXN002339,2026-05-30,1,10,1,45.0
TXN002339,2026-05-30,1,51,2,360.0
TXN002339,2026-05-30,1,18,2,40.0
TXN002340,2026-05-30,1,60,1,40.0
TXN002340,2026-05-30,1,39,1,140.0
TXN002341,2026-05-30,1,48,2,48.0
TXN002342,2026-05-30,1,52,2,100.0
TXN002343,2026-05-30,1,20,1,220.0
TXN002344,2026-05-30,1,19,1,110.0
TXN002344,2026-05-30,1,2,2,70.0
TXN002345,2026-05-30,1,6,2,60.0
TXN002345,2026-05-30,1,24,1,50.0
TXN002345,2026-05-30,1,30,1,40.0
TXN002345,2026-05-30,1,50,1,260.0
TXN002346,2026-05-30,1,29,1,95.0
TXN002346,2026-05-30,1,49,1,85.0
TXN002346,2026-05-30,1,21,1,310.0
TXN002346,2026-05-30,1,7,1,130.0
TXN002347,2026-05-30,1,9,3,120.0
TXN002348,2026-05-30,1,36,2,210.0
TXN002348,2026-05-30,1,31,1,175.0
TXN002348,2026-05-30,1,24,1,50.0
TXN002350,2026-05-30,1,42,1,620.0
TXN002350,2026-05-30,1,21,2,620.0
TXN002350,2026-05-30,1,26,1,450.0
TXN002350,2026-05-30,1,12,1,90.0
TXN002351,2026-05-30,1,3,1,115.0
TXN002351,2026-05-30,1,57,1,90.0
TXN002351,2026-05-30,1,33,1,85.0
TXN002351,2026-05-30,1,4,1,140.0
TXN002351,2026-05-30,1,47,2,330.0
TXN002352,2026-05-30,1,7,2,260.0
TXN002352,2026-05-30,1,34,1,190.0
TXN002353,2026-05-30,1,23,2,50.0
TXN002353,2026-05-30,1,22,1,30.0
TXN002353,2026-05-30,1,6,2,60.0
TXN002354,2026-05-30,1,26,1,450.0
TXN002354,2026-05-30,1,35,1,145.0
TXN002355,2026-05-30,1,53,2,80.0
TXN002356,2026-05-30,1,15,2,220.0
TXN002356,2026-05-30,1,16,1,120.0
TXN002357,2026-05-30,1,42,2,1240.0
TXN002359,2026-05-30,1,49,3,255.0
TXN002359,2026-05-30,1,15,1,110.0
TXN002360,2026-05-30,1,33,1,85.0
TXN002360,2026-05-30,1,21,2,620.0
TXN002361,2026-05-30,1,2,1,35.0
TXN002361,2026-05-30,1,33,1,85.0
TXN002361,2026-05-30,1,49,1,85.0
TXN002363,2026-05-30,1,32,1,120.0
TXN002363,2026-05-30,1,1,2,128.0
TXN002363,2026-05-30,1,23,1,25.0
TXN002363,2026-05-30,1,45,2,270.0
TXN002363,2026-05-30,1,6,1,30.0
TXN002364,2026-05-30,1,10,2,90.0
TXN002364,2026-05-30,1,35,1,145.0
TXN002365,2026-05-30,1,18,2,40.0
TXN002365,2026-05-30,1,36,2,210.0
TXN002365,2026-05-30,1,24,1,50.0
TXN002365,2026-05-30,1,33,2,170.0
TXN002366,2026-05-30,1,8,3,252.0
TXN002366,2026-05-30,1,42,3,1860.0
TXN002366,2026-05-30,1,19,1,110.0
TXN002366,2026-05-30,1,29,1,95.0
TXN002367,2026-05-30,1,12,1,90.0
TXN002367,2026-05-30,1,8,2,168.0
TXN002367,2026-05-30,1,3,1,115.0
TXN002368,2026-05-30,1,48,2,48.0
TXN002368,2026-05-30,1,20,1,220.0
TXN002368,2026-05-30,1,54,1,35.0
TXN002368,2026-05-30,1,45,2,270.0
TXN002369,2026-05-30,1,57,1,90.0
TXN002370,2026-05-30,1,1,4,256.0
TXN002370,2026-05-30,1,14,1,80.0
TXN002370,2026-05-30,1,54,2,70.0
TXN002371,2026-05-30,2,47,1,165.0
TXN002371,2026-05-30,2,21,1,310.0
TXN002371,2026-05-30,2,30,1,40.0
TXN002371,2026-05-30,2,26,1,450.0
TXN002372,2026-05-30,2,5,1,95.0
TXN002372,2026-05-30,2,40,1,65.0
TXN002373,2026-05-30,2,40,1,65.0
TXN002374,2026-05-30,2,55,2,60.0
TXN002376,2026-05-30,2,11,1,35.0
TXN002376,2026-05-30,2,24,1,50.0
TXN002377,2026-05-30,2,27,1,40.0
TXN002377,2026-05-30,2,42,2,1240.0
TXN002377,2026-05-30,2,2,2,70.0
TXN002378,2026-05-30,2,60,1,40.0
TXN002378,2026-05-30,2,57,1,90.0
TXN002378,2026-05-30,2,52,3,150.0
TXN002378,2026-05-30,2,59,1,35.0
TXN002380,2026-05-30,2,12,1,90.0
TXN002380,2026-05-30,2,1,2,128.0
TXN002380,2026-05-30,2,8,2,168.0
TXN002380,2026-05-30,2,6,1,30.0
TXN002381,2026-05-30,2,18,1,20.0
TXN002381,2026-05-30,2,2,1,35.0
TXN002381,2026-05-30,2,45,1,135.0
TXN002382,2026-05-30,2,25,1,280.0
TXN002382,2026-05-30,2,2,2,70.0
TXN002384,2026-05-30,2,50,2,520.0
TXN002385,2026-05-30,2,52,1,50.0
TXN002385,2026-05-30,2,2,2,70.0
TXN002386,2026-05-30,2,42,2,1240.0
TXN002388,2026-05-30,2,45,1,135.0
TXN002388,2026-05-30,2,32,1,120.0
TXN002388,2026-05-30,2,51,1,180.0
TXN002388,2026-05-30,2,15,1,110.0
TXN002388,2026-05-30,2,46,2,96.0
TXN002389,2026-05-30,2,53,1,40.0
TXN002389,2026-05-30,2,35,2,290.0
TXN002390,2026-05-30,2,27,1,40.0
TXN002390,2026-05-30,2,12,1,90.0
TXN002391,2026-05-30,2,10,2,90.0
TXN002391,2026-05-30,2,53,2,80.0
TXN002392,2026-05-30,2,6,1,30.0
TXN002392,2026-05-30,2,39,1,140.0
TXN002393,2026-05-30,2,42,2,1240.0
TXN002393,2026-05-30,2,29,2,190.0
TXN002394,2026-05-30,2,59,1,35.0
TXN002394,2026-05-30,2,41,1,90.0
TXN002394,2026-05-30,2,10,1,45.0
TXN002395,2026-05-30,2,9,2,80.0
TXN002395,2026-05-30,2,53,2,80.0
TXN002395,2026-05-30,2,51,3,540.0
TXN002395,2026-05-30,2,45,1,135.0
TXN002396,2026-05-30,2,1,2,128.0
TXN002396,2026-05-30,2,17,3,135.0
TXN002396,2026-05-30,2,36,1,105.0
TXN002397,2026-05-30,2,8,2,168.0
TXN002397,2026-05-30,2,54,2,70.0
TXN002398,2026-05-30,2,37,1,160.0
TXN002398,2026-05-30,2,23,2,50.0
TXN002398,2026-05-30,2,48,1,24.0
TXN002399,2026-05-30,2,46,1,48.0
TXN002399,2026-05-30,2,1,4,256.0
TXN002402,2026-05-30,2,53,2,80.0
TXN002402,2026-05-30,2,14,1,80.0
TXN002402,2026-05-30,2,35,1,145.0
TXN002403,2026-05-30,2,12,1,90.0
TXN002403,2026-05-30,2,53,2,80.0
TXN002404,2026-05-30,2,29,1,95.0
TXN002404,2026-05-30,2,8,2,168.0
TXN002405,2026-05-30,2,45,1,135.0
TXN002406,2026-05-30,2,14,1,80.0
TXN002406,2026-05-30,2,28,1,75.0
TXN002407,2026-05-30,2,44,1,580.0
TXN002407,2026-05-30,2,32,1,120.0
TXN002407,2026-05-30,2,23,1,25.0
TXN002408,2026-05-30,2,28,1,75.0
TXN002409,2026-05-30,2,40,1,65.0
TXN002409,2026-05-30,2,57,1,90.0
TXN002409,2026-05-30,2,23,2,50.0
TXN002409,2026-05-30,2,44,1,580.0
TXN002409,2026-05-30,2,32,1,120.0
TXN002410,2026-05-30,2,35,1,145.0
TXN002410,2026-05-30,2,16,2,240.0
TXN002411,2026-05-30,2,16,1,120.0
TXN002411,2026-05-30,2,39,1,140.0
TXN002412,2026-05-30,2,14,1,80.0
TXN002412,2026-05-30,2,40,1,65.0
TXN002412,2026-05-30,2,27,2,80.0
TXN002412,2026-05-30,2,7,2,260.0
TXN002413,2026-05-30,2,29,1,95.0
TXN002413,2026-05-30,2,5,1,95.0
TXN002413,2026-05-30,2,33,2,170.0
TXN002413,2026-05-30,2,12,1,90.0
TXN002413,2026-05-30,2,30,1,40.0
TXN002414,2026-05-30,2,17,2,90.0
TXN002415,2026-05-30,2,12,1,90.0
TXN002415,2026-05-30,2,58,1,25.0
TXN002415,2026-05-30,2,29,1,95.0
TXN002416,2026-05-30,2,54,1,35.0
TXN002416,2026-05-30,2,5,1,95.0
TXN002417,2026-05-30,2,25,2,560.0
TXN002418,2026-05-30,2,50,2,520.0
TXN002418,2026-05-30,2,25,1,280.0
TXN002419,2026-05-30,3,55,2,60.0
TXN002419,2026-05-30,3,15,1,110.0
TXN002419,2026-05-30,3,46,1,48.0
TXN002419,2026-05-30,3,29,2,190.0
TXN002420,2026-05-30,3,2,2,70.0
TXN002420,2026-05-30,3,32,2,240.0
TXN002420,2026-05-30,3,24,1,50.0
TXN002421,2026-05-30,3,7,1,130.0
TXN002421,2026-05-30,3,31,1,175.0
TXN002421,2026-05-30,3,3,1,115.0
TXN002421,2026-05-30,3,18,2,40.0
TXN002422,2026-05-30,3,33,1,85.0
TXN002423,2026-05-30,3,8,2,168.0
TXN002423,2026-05-30,3,2,2,70.0
TXN002424,2026-05-30,3,29,2,190.0
TXN002424,2026-05-30,3,43,1,240.0
TXN002425,2026-05-30,3,51,1,180.0
TXN002426,2026-05-30,3,15,1,110.0
TXN002427,2026-05-30,3,1,3,192.0
TXN002427,2026-05-30,3,24,1,50.0
TXN002429,2026-05-30,3,59,1,35.0
TXN002430,2026-05-30,3,13,1,60.0
TXN002431,2026-05-30,3,12,1,90.0
TXN002432,2026-05-30,3,36,2,210.0
TXN002432,2026-05-30,3,35,1,145.0
TXN002432,2026-05-30,3,55,2,60.0
TXN002434,2026-05-30,3,37,1,160.0
TXN002435,2026-05-30,3,54,1,35.0
TXN002435,2026-05-30,3,24,1,50.0
TXN002435,2026-05-30,3,15,1,110.0
TXN002436,2026-05-30,3,50,1,260.0
TXN002436,2026-05-30,3,2,2,70.0
TXN002437,2026-05-30,3,39,1,140.0
TXN002437,2026-05-30,3,54,1,35.0
TXN002438,2026-05-30,3,42,2,1240.0
TXN002438,2026-05-30,3,56,1,120.0
TXN002438,2026-05-30,3,49,1,85.0
TXN002438,2026-05-30,3,41,2,180.0
TXN002439,2026-05-30,3,2,1,35.0
TXN002439,2026-05-30,3,27,1,40.0
TXN002440,2026-05-30,3,24,1,50.0
TXN002441,2026-05-30,3,54,2,70.0
TXN002441,2026-05-30,3,35,2,290.0
TXN002442,2026-05-30,3,32,2,240.0
TXN002443,2026-05-30,3,43,1,240.0
TXN002443,2026-05-30,3,51,1,180.0
TXN002443,2026-05-30,3,9,2,80.0
TXN002444,2026-05-30,3,17,3,135.0
TXN002445,2026-05-30,3,60,1,40.0
TXN002445,2026-05-30,3,18,2,40.0
TXN002446,2026-05-30,3,13,2,120.0
TXN002447,2026-05-30,3,53,1,40.0
TXN002447,2026-05-30,3,22,1,30.0
TXN002448,2026-05-30,3,50,2,520.0
TXN002448,2026-05-30,3,40,1,65.0
TXN002450,2026-05-30,3,12,1,90.0
TXN002450,2026-05-30,3,8,1,84.0
TXN002451,2026-05-30,3,12,1,90.0
TXN002451,2026-05-30,3,57,1,90.0
TXN002451,2026-05-30,3,42,1,620.0
TXN002452,2026-05-30,3,46,1,48.0
TXN002452,2026-05-30,3,18,1,20.0
TXN002453,2026-05-30,3,53,1,40.0
TXN002453,2026-05-30,3,36,2,210.0
TXN002453,2026-05-30,3,26,1,450.0
TXN002453,2026-05-30,3,1,2,128.0
TXN002454,2026-05-31,1,60,1,40.0
TXN002454,2026-05-31,1,36,3,315.0
TXN002454,2026-05-31,1,38,1,210.0
TXN002454,2026-05-31,1,53,2,80.0
TXN002455,2026-05-31,1,39,1,140.0
TXN002455,2026-05-31,1,7,1,130.0
TXN002455,2026-05-31,1,31,1,175.0
TXN002455,2026-05-31,1,28,1,75.0
TXN002456,2026-05-31,1,49,1,85.0
TXN002456,2026-05-31,1,52,2,100.0
TXN002456,2026-05-31,1,4,2,280.0
TXN002457,2026-05-31,1,51,2,360.0
TXN002457,2026-05-31,1,7,2,260.0
TXN002458,2026-05-31,1,58,1,25.0
TXN002459,2026-05-31,1,22,1,30.0
TXN002460,2026-05-31,1,47,2,330.0
TXN002460,2026-05-31,1,18,2,40.0
TXN002460,2026-05-31,1,16,1,120.0
TXN002461,2026-05-31,1,2,1,35.0
TXN002461,2026-05-31,1,36,1,105.0
TXN002462,2026-05-31,1,52,1,50.0
TXN002462,2026-05-31,1,53,1,40.0
TXN002463,2026-05-31,1,11,1,35.0
TXN002465,2026-05-31,1,52,2,100.0
TXN002465,2026-05-31,1,32,2,240.0
TXN002465,2026-05-31,1,8,2,168.0
TXN002466,2026-05-31,1,58,2,50.0
TXN002466,2026-05-31,1,12,2,180.0
TXN002467,2026-05-31,1,16,1,120.0
TXN002468,2026-05-31,1,38,1,210.0
TXN002469,2026-05-31,1,55,2,60.0
TXN002470,2026-05-31,1,10,2,90.0
TXN002470,2026-05-31,1,48,3,72.0
TXN002470,2026-05-31,1,25,3,840.0
TXN002471,2026-05-31,1,57,1,90.0
TXN002472,2026-05-31,1,22,1,30.0
TXN002472,2026-05-31,1,2,1,35.0
TXN002472,2026-05-31,1,32,1,120.0
TXN002472,2026-05-31,1,33,1,85.0
TXN002473,2026-05-31,1,51,2,360.0
TXN002473,2026-05-31,1,26,1,450.0
TXN002473,2026-05-31,1,14,2,160.0
TXN002474,2026-05-31,1,58,1,25.0
TXN002474,2026-05-31,1,15,1,110.0
TXN002474,2026-05-31,1,25,3,840.0
TXN002475,2026-05-31,1,42,2,1240.0
TXN002475,2026-05-31,1,45,3,405.0
TXN002476,2026-05-31,1,25,2,560.0
TXN002477,2026-05-31,1,23,1,25.0
TXN002477,2026-05-31,1,24,1,50.0
TXN002477,2026-05-31,1,25,1,280.0
TXN002477,2026-05-31,1,2,2,70.0
TXN002477,2026-05-31,1,32,1,120.0
TXN002478,2026-05-31,1,11,1,35.0
TXN002478,2026-05-31,1,15,1,110.0
TXN002479,2026-05-31,1,55,1,30.0
TXN002479,2026-05-31,1,3,1,115.0
TXN002480,2026-05-31,1,6,2,60.0
TXN002480,2026-05-31,1,46,2,96.0
TXN002481,2026-05-31,1,4,1,140.0
TXN002481,2026-05-31,1,17,3,135.0
TXN002481,2026-05-31,1,6,2,60.0
TXN002481,2026-05-31,1,34,1,190.0
TXN002482,2026-05-31,1,15,2,220.0
TXN002482,2026-05-31,1,27,2,80.0
TXN002483,2026-05-31,1,56,1,120.0
TXN002483,2026-05-31,1,6,1,30.0
TXN002484,2026-05-31,1,36,1,105.0
TXN002485,2026-05-31,1,16,2,240.0
TXN002485,2026-05-31,1,2,2,70.0
TXN002486,2026-05-31,1,5,1,95.0
TXN002487,2026-05-31,1,18,2,40.0
TXN002488,2026-05-31,1,50,1,260.0
TXN002489,2026-05-31,1,36,2,210.0
TXN002489,2026-05-31,1,49,2,170.0
TXN002489,2026-05-31,1,24,1,50.0
TXN002489,2026-05-31,1,47,2,330.0
TXN002490,2026-05-31,1,55,2,60.0
TXN002490,2026-05-31,1,11,2,70.0
TXN002491,2026-05-31,1,9,3,120.0
TXN002491,2026-05-31,1,11,1,35.0
TXN002491,2026-05-31,1,4,1,140.0
TXN002492,2026-05-31,1,51,1,180.0
TXN002492,2026-05-31,1,18,2,40.0
TXN002493,2026-05-31,1,11,1,35.0
TXN002493,2026-05-31,1,41,1,90.0
TXN002494,2026-05-31,1,9,2,80.0
TXN002494,2026-05-31,1,1,3,192.0
TXN002494,2026-05-31,1,19,1,110.0
TXN002494,2026-05-31,1,30,1,40.0
TXN002495,2026-05-31,1,57,2,180.0
TXN002495,2026-05-31,1,30,1,40.0
TXN002495,2026-05-31,1,42,2,1240.0
TXN002496,2026-05-31,1,34,1,190.0
TXN002496,2026-05-31,1,27,2,80.0
TXN002497,2026-05-31,1,14,1,80.0
TXN002498,2026-05-31,1,39,2,280.0
TXN002499,2026-05-31,1,39,1,140.0
TXN002500,2026-05-31,1,25,1,280.0
TXN002500,2026-05-31,1,20,1,220.0
TXN002500,2026-05-31,1,24,1,50.0
TXN002500,2026-05-31,1,2,1,35.0
TXN002501,2026-05-31,1,29,2,190.0
TXN002502,2026-05-31,1,42,1,620.0
TXN002502,2026-05-31,1,51,2,360.0
TXN002503,2026-05-31,1,58,2,50.0
TXN002504,2026-05-31,1,58,1,25.0
TXN002504,2026-05-31,1,29,2,190.0
TXN002505,2026-05-31,1,24,2,100.0
TXN002505,2026-05-31,1,57,2,180.0
TXN002505,2026-05-31,1,14,1,80.0
TXN002505,2026-05-31,1,30,2,80.0
TXN002507,2026-05-31,1,57,1,90.0
TXN002507,2026-05-31,1,42,2,1240.0
TXN002507,2026-05-31,1,56,1,120.0
TXN002507,2026-05-31,1,28,1,75.0
TXN002509,2026-05-31,1,5,1,95.0
TXN002509,2026-05-31,1,23,2,50.0
TXN002509,2026-05-31,1,22,2,60.0
TXN002509,2026-05-31,1,13,1,60.0
TXN002510,2026-05-31,1,18,1,20.0
TXN002510,2026-05-31,1,4,1,140.0
TXN002510,2026-05-31,1,2,1,35.0
TXN002510,2026-05-31,1,33,1,85.0
TXN002510,2026-05-31,1,14,1,80.0
TXN002511,2026-05-31,2,4,1,140.0
TXN002511,2026-05-31,2,52,1,50.0
TXN002512,2026-05-31,2,49,2,170.0
TXN002512,2026-05-31,2,32,2,240.0
TXN002513,2026-05-31,2,10,2,90.0
TXN002514,2026-05-31,2,47,1,165.0
TXN002514,2026-05-31,2,41,2,180.0
TXN002514,2026-05-31,2,18,2,40.0
TXN002514,2026-05-31,2,10,2,90.0
TXN002515,2026-05-31,2,15,1,110.0
TXN002515,2026-05-31,2,3,1,115.0
TXN002515,2026-05-31,2,1,2,128.0
TXN002516,2026-05-31,2,52,1,50.0
TXN002516,2026-05-31,2,53,2,80.0
TXN002516,2026-05-31,2,57,1,90.0
TXN002516,2026-05-31,2,10,1,45.0
TXN002517,2026-05-31,2,11,1,35.0
TXN002518,2026-05-31,2,51,1,180.0
TXN002518,2026-05-31,2,5,1,95.0
TXN002518,2026-05-31,2,15,1,110.0
TXN002518,2026-05-31,2,30,1,40.0
TXN002519,2026-05-31,2,52,1,50.0
TXN002519,2026-05-31,2,58,1,25.0
TXN002519,2026-05-31,2,22,1,30.0
TXN002520,2026-05-31,2,36,2,210.0
TXN002520,2026-05-31,2,58,2,50.0
TXN002520,2026-05-31,2,53,1,40.0
TXN002520,2026-05-31,2,48,2,48.0
TXN002521,2026-05-31,2,44,1,580.0
TXN002521,2026-05-31,2,18,1,20.0
TXN002521,2026-05-31,2,52,1,50.0
TXN002521,2026-05-31,2,39,1,140.0
TXN002522,2026-05-31,2,32,3,360.0
TXN002522,2026-05-31,2,47,2,330.0
TXN002523,2026-05-31,2,7,2,260.0
TXN002523,2026-05-31,2,10,1,45.0
TXN002524,2026-05-31,2,16,1,120.0
TXN002525,2026-05-31,2,45,1,135.0
TXN002526,2026-05-31,2,27,1,40.0
TXN002526,2026-05-31,2,37,1,160.0
TXN002526,2026-05-31,2,22,2,60.0
TXN002527,2026-05-31,2,50,2,520.0
TXN002528,2026-05-31,2,57,1,90.0
TXN002528,2026-05-31,2,4,1,140.0
TXN002529,2026-05-31,2,22,2,60.0
TXN002530,2026-05-31,2,16,2,240.0
TXN002531,2026-05-31,2,14,1,80.0
TXN002531,2026-05-31,2,26,1,450.0
TXN002531,2026-05-31,2,28,1,75.0
TXN002533,2026-05-31,2,6,2,60.0
TXN002534,2026-05-31,2,35,1,145.0
TXN002535,2026-05-31,2,4,1,140.0
TXN002535,2026-05-31,2,1,2,128.0
TXN002536,2026-05-31,2,54,1,35.0
TXN002537,2026-05-31,2,3,1,115.0
TXN002537,2026-05-31,2,11,1,35.0
TXN002538,2026-05-31,2,51,1,180.0
TXN002538,2026-05-31,2,11,2,70.0
TXN002539,2026-05-31,2,7,1,130.0
TXN002539,2026-05-31,2,18,1,20.0
TXN002540,2026-05-31,2,9,2,80.0
TXN002540,2026-05-31,2,5,1,95.0
TXN002540,2026-05-31,2,30,1,40.0
TXN002541,2026-05-31,2,32,1,120.0
TXN002542,2026-05-31,2,15,2,220.0
TXN002542,2026-05-31,2,45,1,135.0
TXN002542,2026-05-31,2,26,1,450.0
TXN002543,2026-05-31,2,19,1,110.0
TXN002543,2026-05-31,2,42,1,620.0
TXN002543,2026-05-31,2,46,2,96.0
TXN002543,2026-05-31,2,53,2,80.0
TXN002544,2026-05-31,2,14,1,80.0
TXN002544,2026-05-31,2,16,2,240.0
TXN002544,2026-05-31,2,30,2,80.0
TXN002545,2026-05-31,2,10,2,90.0
TXN002546,2026-05-31,2,29,2,190.0
TXN002547,2026-05-31,2,50,2,520.0
TXN002547,2026-05-31,2,22,1,30.0
TXN002547,2026-05-31,2,45,2,270.0
TXN002548,2026-05-31,2,8,1,84.0
TXN002548,2026-05-31,2,60,1,40.0
TXN002549,2026-05-31,2,58,1,25.0
TXN002550,2026-05-31,2,4,1,140.0
TXN002551,2026-05-31,2,12,1,90.0
TXN002551,2026-05-31,2,53,1,40.0
TXN002551,2026-05-31,2,32,1,120.0
TXN002551,2026-05-31,2,30,1,40.0
TXN002552,2026-05-31,2,53,2,80.0
TXN002553,2026-05-31,3,56,1,120.0
TXN002553,2026-05-31,3,45,2,270.0
TXN002553,2026-05-31,3,12,2,180.0
TXN002553,2026-05-31,3,1,3,192.0
TXN002553,2026-05-31,3,51,1,180.0
TXN002554,2026-05-31,3,16,1,120.0
TXN002556,2026-05-31,3,46,2,96.0
TXN002556,2026-05-31,3,22,1,30.0
TXN002556,2026-05-31,3,52,1,50.0
TXN002558,2026-05-31,3,22,1,30.0
TXN002559,2026-05-31,3,40,2,130.0
TXN002559,2026-05-31,3,50,1,260.0
TXN002560,2026-05-31,3,49,2,170.0
TXN002560,2026-05-31,3,30,1,40.0
TXN002560,2026-05-31,3,3,1,115.0
TXN002560,2026-05-31,3,22,1,30.0
TXN002561,2026-05-31,3,57,1,90.0
TXN002561,2026-05-31,3,39,1,140.0
TXN002562,2026-05-31,3,17,3,135.0
TXN002562,2026-05-31,3,42,1,620.0
TXN002564,2026-05-31,3,53,1,40.0
TXN002564,2026-05-31,3,29,1,95.0
TXN002565,2026-05-31,3,5,1,95.0
TXN002566,2026-05-31,3,53,1,40.0
TXN002567,2026-05-31,3,50,1,260.0
TXN002567,2026-05-31,3,39,3,420.0
TXN002567,2026-05-31,3,43,2,480.0
TXN002568,2026-05-31,3,43,1,240.0
TXN002569,2026-05-31,3,25,1,280.0
TXN002570,2026-05-31,3,42,2,1240.0
TXN002570,2026-05-31,3,13,1,60.0
TXN002570,2026-05-31,3,1,2,128.0
TXN002570,2026-05-31,3,44,1,580.0
TXN002571,2026-05-31,3,11,1,35.0
TXN002571,2026-05-31,3,43,1,240.0
TXN002572,2026-05-31,3,14,2,160.0
TXN002572,2026-05-31,3,47,2,330.0
TXN002572,2026-05-31,3,24,1,50.0
TXN002573,2026-05-31,3,41,1,90.0
TXN002573,2026-05-31,3,5,1,95.0
TXN002573,2026-05-31,3,10,1,45.0
TXN002573,2026-05-31,3,56,2,240.0
TXN002573,2026-05-31,3,8,2,168.0
TXN002574,2026-05-31,3,49,1,85.0
TXN002575,2026-05-31,3,30,1,40.0
TXN002575,2026-05-31,3,8,1,84.0
TXN002575,2026-05-31,3,43,1,240.0
TXN002576,2026-05-31,3,35,1,145.0
TXN002576,2026-05-31,3,17,2,90.0
TXN002577,2026-05-31,3,51,2,360.0
TXN002577,2026-05-31,3,50,1,260.0
TXN002577,2026-05-31,3,5,1,95.0
TXN002579,2026-05-31,3,51,2,360.0
TXN002579,2026-05-31,3,49,1,85.0
TXN002579,2026-05-31,3,28,1,75.0
TXN002581,2026-05-31,3,48,2,48.0
TXN002582,2026-05-31,3,36,2,210.0
TXN002582,2026-05-31,3,50,1,260.0
TXN002582,2026-05-31,3,30,2,80.0
TXN002582,2026-05-31,3,25,1,280.0
TXN002583,2026-05-31,3,1,2,128.0
TXN002584,2026-05-31,3,42,1,620.0
TXN002584,2026-05-31,3,22,1,30.0
TXN002584,2026-05-31,3,27,1,40.0
TXN002585,2026-05-31,3,54,2,70.0
TXN002585,2026-05-31,3,7,1,130.0
TXN002586,2026-05-31,3,38,1,210.0
TXN002587,2026-05-31,3,36,1,105.0
TXN002587,2026-05-31,3,47,2,330.0
TXN002587,2026-05-31,3,49,2,170.0
TXN002587,2026-05-31,3,22,1,30.0
TXN002588,2026-06-01,1,53,1,40.0
TXN002588,2026-06-01,1,28,2,150.0
TXN002590,2026-06-01,1,45,2,270.0
TXN002591,2026-06-01,1,22,3,90.0
TXN002591,2026-06-01,1,55,1,30.0
TXN002591,2026-06-01,1,27,1,40.0
TXN002592,2026-06-01,1,27,2,80.0
TXN002592,2026-06-01,1,2,1,35.0
TXN002592,2026-06-01,1,19,1,110.0
TXN002594,2026-06-01,1,17,2,90.0
TXN002595,2026-06-01,1,21,1,310.0
TXN002595,2026-06-01,1,57,1,90.0
TXN002595,2026-06-01,1,8,2,168.0
TXN002596,2026-06-01,1,54,1,35.0
TXN002597,2026-06-01,1,60,1,40.0
TXN002597,2026-06-01,1,37,1,160.0
TXN002597,2026-06-01,1,45,1,135.0
TXN002597,2026-06-01,1,35,2,290.0
TXN002599,2026-06-01,1,6,1,30.0
TXN002599,2026-06-01,1,43,1,240.0
TXN002599,2026-06-01,1,22,1,30.0
TXN002599,2026-06-01,1,18,2,40.0
TXN002600,2026-06-01,1,7,2,260.0
TXN002601,2026-06-01,1,31,1,175.0
TXN002601,2026-06-01,1,52,1,50.0
TXN002601,2026-06-01,1,24,2,100.0
TXN002602,2026-06-01,1,6,1,30.0
TXN002602,2026-06-01,1,22,2,60.0
TXN002603,2026-06-01,1,45,2,270.0
TXN002603,2026-06-01,1,56,1,120.0
TXN002603,2026-06-01,1,7,1,130.0
TXN002603,2026-06-01,1,41,1,90.0
TXN002603,2026-06-01,1,52,1,50.0
TXN002604,2026-06-01,1,16,2,240.0
TXN002604,2026-06-01,1,27,1,40.0
TXN002604,2026-06-01,1,1,2,128.0
TXN002605,2026-06-01,1,40,1,65.0
TXN002605,2026-06-01,1,43,2,480.0
TXN002605,2026-06-01,1,25,1,280.0
TXN002606,2026-06-01,1,27,2,80.0
TXN002606,2026-06-01,1,59,1,35.0
TXN002606,2026-06-01,1,38,1,210.0
TXN002606,2026-06-01,1,19,2,220.0
TXN002607,2026-06-01,1,1,3,192.0
TXN002607,2026-06-01,1,8,2,168.0
TXN002607,2026-06-01,1,26,1,450.0
TXN002607,2026-06-01,1,38,1,210.0
TXN002608,2026-06-01,1,8,2,168.0
TXN002608,2026-06-01,1,43,3,720.0
TXN002608,2026-06-01,1,16,2,240.0
TXN002608,2026-06-01,1,9,2,80.0
TXN002609,2026-06-01,1,9,2,80.0
TXN002609,2026-06-01,1,18,1,20.0
TXN002610,2026-06-01,1,27,2,80.0
TXN002611,2026-06-01,1,10,1,45.0
TXN002611,2026-06-01,1,47,1,165.0
TXN002612,2026-06-01,1,21,1,310.0
TXN002612,2026-06-01,1,27,1,40.0
TXN002613,2026-06-01,1,43,2,480.0
TXN002613,2026-06-01,1,13,1,60.0
TXN002613,2026-06-01,1,55,2,60.0
TXN002613,2026-06-01,1,41,2,180.0
TXN002614,2026-06-01,1,32,1,120.0
TXN002614,2026-06-01,1,18,1,20.0
TXN002615,2026-06-01,1,30,2,80.0
TXN002615,2026-06-01,1,11,1,35.0
TXN002615,2026-06-01,1,51,2,360.0
TXN002616,2026-06-01,1,8,2,168.0
TXN002616,2026-06-01,1,57,1,90.0
TXN002616,2026-06-01,1,19,1,110.0
TXN002617,2026-06-01,1,30,1,40.0
TXN002617,2026-06-01,1,23,1,25.0
TXN002618,2026-06-01,1,15,2,220.0
TXN002619,2026-06-01,1,2,1,35.0
TXN002619,2026-06-01,1,50,2,520.0
TXN002620,2026-06-01,1,36,1,105.0
TXN002620,2026-06-01,1,33,1,85.0
TXN002621,2026-06-01,1,47,1,165.0
TXN002621,2026-06-01,1,24,1,50.0
TXN002622,2026-06-01,1,52,3,150.0
TXN002622,2026-06-01,1,20,1,220.0
TXN002622,2026-06-01,1,48,2,48.0
TXN002622,2026-06-01,1,2,1,35.0
TXN002623,2026-06-01,1,55,2,60.0
TXN002623,2026-06-01,1,52,1,50.0
TXN002623,2026-06-01,1,60,1,40.0
TXN002624,2026-06-01,1,21,1,310.0
TXN002625,2026-06-01,1,27,2,80.0
TXN002625,2026-06-01,1,37,1,160.0
TXN002625,2026-06-01,1,22,2,60.0
TXN002625,2026-06-01,1,1,2,128.0
TXN002626,2026-06-01,2,43,1,240.0
TXN002626,2026-06-01,2,54,1,35.0
TXN002626,2026-06-01,2,39,1,140.0
TXN002627,2026-06-01,2,16,2,240.0
TXN002628,2026-06-01,2,16,1,120.0
TXN002629,2026-06-01,2,2,1,35.0
TXN002629,2026-06-01,2,45,1,135.0
TXN002629,2026-06-01,2,5,1,95.0
TXN002629,2026-06-01,2,7,1,130.0
TXN002631,2026-06-01,2,9,2,80.0
TXN002631,2026-06-01,2,15,2,220.0
TXN002631,2026-06-01,2,48,2,48.0
TXN002632,2026-06-01,2,27,1,40.0
TXN002632,2026-06-01,2,8,2,168.0
TXN002632,2026-06-01,2,42,2,1240.0
TXN002633,2026-06-01,2,52,2,100.0
TXN002634,2026-06-01,2,51,1,180.0
TXN002634,2026-06-01,2,35,1,145.0
TXN002635,2026-06-01,2,35,1,145.0
TXN002635,2026-06-01,2,11,1,35.0
TXN002636,2026-06-01,2,53,2,80.0
TXN002636,2026-06-01,2,14,1,80.0
TXN002636,2026-06-01,2,51,1,180.0
TXN002636,2026-06-01,2,27,1,40.0
TXN002637,2026-06-01,2,18,2,40.0
TXN002637,2026-06-01,2,1,2,128.0
TXN002637,2026-06-01,2,45,2,270.0
TXN002637,2026-06-01,2,23,2,50.0
TXN002638,2026-06-01,2,2,1,35.0
TXN002638,2026-06-01,2,43,1,240.0
TXN002638,2026-06-01,2,18,1,20.0
TXN002638,2026-06-01,2,13,1,60.0
TXN002638,2026-06-01,2,12,1,90.0
TXN002639,2026-06-01,2,30,1,40.0
TXN002639,2026-06-01,2,43,1,240.0
TXN002640,2026-06-01,2,8,1,84.0
TXN002641,2026-06-01,2,49,1,85.0
TXN002642,2026-06-01,2,10,2,90.0
TXN002642,2026-06-01,2,45,1,135.0
TXN002642,2026-06-01,2,5,1,95.0
TXN002642,2026-06-01,2,54,1,35.0
TXN002643,2026-06-01,2,12,2,180.0
TXN002643,2026-06-01,2,44,1,580.0
TXN002643,2026-06-01,2,54,2,70.0
TXN002643,2026-06-01,2,58,1,25.0
TXN002643,2026-06-01,2,27,1,40.0
TXN002644,2026-06-01,2,45,2,270.0
TXN002644,2026-06-01,2,53,2,80.0
TXN002646,2026-06-01,2,35,1,145.0
TXN002646,2026-06-01,2,14,1,80.0
TXN002646,2026-06-01,2,29,1,95.0
TXN002647,2026-06-01,2,60,1,40.0
TXN002647,2026-06-01,2,47,1,165.0
TXN002649,2026-06-01,2,30,2,80.0
TXN002649,2026-06-01,2,60,1,40.0
TXN002649,2026-06-01,2,6,2,60.0
TXN002651,2026-06-01,2,46,1,48.0
TXN002651,2026-06-01,2,48,1,24.0
TXN002651,2026-06-01,2,53,1,40.0
TXN002651,2026-06-01,2,9,2,80.0
TXN002651,2026-06-01,2,4,1,140.0
TXN002652,2026-06-01,2,33,1,85.0
TXN002653,2026-06-01,2,16,1,120.0
TXN002654,2026-06-01,2,36,2,210.0
TXN002654,2026-06-01,2,6,1,30.0
TXN002654,2026-06-01,2,34,1,190.0
TXN002655,2026-06-01,2,55,1,30.0
TXN002655,2026-06-01,2,54,1,35.0
TXN002655,2026-06-01,2,9,1,40.0
TXN002656,2026-06-01,2,28,1,75.0
TXN002656,2026-06-01,2,47,1,165.0
TXN002656,2026-06-01,2,41,1,90.0
TXN002658,2026-06-01,3,50,1,260.0
TXN002659,2026-06-01,3,6,1,30.0
TXN002660,2026-06-01,3,49,1,85.0
TXN002660,2026-06-01,3,48,1,24.0
TXN002661,2026-06-01,3,31,1,175.0
TXN002661,2026-06-01,3,52,1,50.0
TXN002662,2026-06-01,3,51,1,180.0
TXN002663,2026-06-01,3,25,2,560.0
TXN002664,2026-06-01,3,17,3,135.0
TXN002664,2026-06-01,3,6,2,60.0
TXN002665,2026-06-01,3,19,1,110.0
TXN002665,2026-06-01,3,32,2,240.0
TXN002665,2026-06-01,3,59,1,35.0
TXN002666,2026-06-01,3,51,2,360.0
TXN002666,2026-06-01,3,3,1,115.0
TXN002666,2026-06-01,3,21,1,310.0
TXN002666,2026-06-01,3,25,1,280.0
TXN002666,2026-06-01,3,31,1,175.0
TXN002667,2026-06-01,3,25,1,280.0
TXN002667,2026-06-01,3,23,1,25.0
TXN002668,2026-06-01,3,18,1,20.0
TXN002668,2026-06-01,3,10,1,45.0
TXN002668,2026-06-01,3,26,1,450.0
TXN002668,2026-06-01,3,25,1,280.0
TXN002670,2026-06-01,3,51,1,180.0
TXN002671,2026-06-01,3,4,1,140.0
TXN002671,2026-06-01,3,14,1,80.0
TXN002672,2026-06-01,3,50,1,260.0
TXN002673,2026-06-01,3,50,1,260.0
TXN002673,2026-06-01,3,41,1,90.0
TXN002673,2026-06-01,3,55,1,30.0
TXN002673,2026-06-01,3,60,1,40.0
TXN002674,2026-06-01,3,8,1,84.0
TXN002674,2026-06-01,3,57,1,90.0
TXN002674,2026-06-01,3,36,1,105.0
TXN002676,2026-06-01,3,46,1,48.0
TXN002676,2026-06-01,3,13,1,60.0
TXN002677,2026-06-01,3,45,1,135.0
TXN002679,2026-06-01,3,2,1,35.0
TXN002679,2026-06-01,3,16,2,240.0
TXN002680,2026-06-01,3,47,1,165.0
TXN002682,2026-06-01,3,6,2,60.0
TXN002682,2026-06-01,3,30,1,40.0
TXN002683,2026-06-01,3,23,1,25.0
TXN002683,2026-06-01,3,49,1,85.0
TXN002684,2026-06-01,3,22,1,30.0
TXN002684,2026-06-01,3,35,1,145.0
TXN002685,2026-06-01,3,43,1,240.0
TXN002686,2026-06-02,1,25,1,280.0
TXN002686,2026-06-02,1,27,2,80.0
TXN002686,2026-06-02,1,51,2,360.0
TXN002687,2026-06-02,1,50,1,260.0
TXN002688,2026-06-02,1,47,1,165.0
TXN002688,2026-06-02,1,7,2,260.0
TXN002689,2026-06-02,1,12,2,180.0
TXN002689,2026-06-02,1,54,2,70.0
TXN002689,2026-06-02,1,18,1,20.0
TXN002691,2026-06-02,1,59,1,35.0
TXN002691,2026-06-02,1,14,2,160.0
TXN002692,2026-06-02,1,13,1,60.0
TXN002692,2026-06-02,1,54,2,70.0
TXN002693,2026-06-02,1,47,1,165.0
TXN002693,2026-06-02,1,15,1,110.0
TXN002693,2026-06-02,1,52,1,50.0
TXN002693,2026-06-02,1,10,1,45.0
TXN002694,2026-06-02,1,57,1,90.0
TXN002694,2026-06-02,1,51,2,360.0
TXN002694,2026-06-02,1,8,2,168.0
TXN002695,2026-06-02,1,32,2,240.0
TXN002695,2026-06-02,1,14,1,80.0
TXN002696,2026-06-02,1,57,1,90.0
TXN002697,2026-06-02,1,6,2,60.0
TXN002698,2026-06-02,1,32,1,120.0
TXN002698,2026-06-02,1,21,1,310.0
TXN002698,2026-06-02,1,25,1,280.0
TXN002698,2026-06-02,1,7,2,260.0
TXN002699,2026-06-02,1,58,2,50.0
TXN002699,2026-06-02,1,1,1,64.0
TXN002699,2026-06-02,1,59,1,35.0
TXN002699,2026-06-02,1,12,1,90.0
TXN002699,2026-06-02,1,14,1,80.0
TXN002700,2026-06-02,1,54,1,35.0
TXN002700,2026-06-02,1,39,1,140.0
TXN002701,2026-06-02,1,22,1,30.0
TXN002701,2026-06-02,1,41,1,90.0
TXN002702,2026-06-02,1,8,2,168.0
TXN002702,2026-06-02,1,47,1,165.0
TXN002702,2026-06-02,1,27,2,80.0
TXN002702,2026-06-02,1,1,2,128.0
TXN002704,2026-06-02,1,56,2,240.0
TXN002705,2026-06-02,1,50,1,260.0
TXN002705,2026-06-02,1,7,2,260.0
TXN002706,2026-06-02,1,9,3,120.0
TXN002706,2026-06-02,1,49,1,85.0
TXN002706,2026-06-02,1,27,2,80.0
TXN002706,2026-06-02,1,13,1,60.0
TXN002706,2026-06-02,1,11,1,35.0
TXN002707,2026-06-02,1,22,2,60.0
TXN002707,2026-06-02,1,27,3,120.0
TXN002707,2026-06-02,1,5,2,190.0
TXN002708,2026-06-02,1,9,2,80.0
TXN002708,2026-06-02,1,35,1,145.0
TXN002709,2026-06-02,1,50,1,260.0
TXN002710,2026-06-02,1,51,1,180.0
TXN002710,2026-06-02,1,48,2,48.0
TXN002710,2026-06-02,1,3,1,115.0
TXN002712,2026-06-02,1,4,1,140.0
TXN002713,2026-06-02,1,57,1,90.0
TXN002713,2026-06-02,1,6,1,30.0
TXN002714,2026-06-02,1,7,1,130.0
TXN002714,2026-06-02,1,12,1,90.0
TXN002715,2026-06-02,1,23,1,25.0
TXN002715,2026-06-02,1,53,2,80.0
TXN002716,2026-06-02,1,7,1,130.0
TXN002716,2026-06-02,1,32,2,240.0
TXN002716,2026-06-02,1,41,1,90.0
TXN002717,2026-06-02,1,54,1,35.0
TXN002717,2026-06-02,1,17,3,135.0
TXN002717,2026-06-02,1,19,1,110.0
TXN002717,2026-06-02,1,48,1,24.0
TXN002718,2026-06-02,2,22,1,30.0
TXN002719,2026-06-02,2,9,3,120.0
TXN002719,2026-06-02,2,27,1,40.0
TXN002719,2026-06-02,2,14,1,80.0
TXN002719,2026-06-02,2,15,1,110.0
TXN002720,2026-06-02,2,29,1,95.0
TXN002720,2026-06-02,2,45,1,135.0
TXN002720,2026-06-02,2,2,1,35.0
TXN002721,2026-06-02,2,52,2,100.0
TXN002722,2026-06-02,2,19,1,110.0
TXN002722,2026-06-02,2,12,1,90.0
TXN002724,2026-06-02,2,40,1,65.0
TXN002724,2026-06-02,2,37,1,160.0
TXN002725,2026-06-02,2,48,1,24.0
TXN002725,2026-06-02,2,49,1,85.0
TXN002725,2026-06-02,2,55,1,30.0
TXN002726,2026-06-02,2,16,1,120.0
TXN002726,2026-06-02,2,10,1,45.0
TXN002727,2026-06-02,2,57,1,90.0
TXN002727,2026-06-02,2,20,1,220.0
TXN002727,2026-06-02,2,37,1,160.0
TXN002727,2026-06-02,2,40,1,65.0
TXN002727,2026-06-02,2,51,2,360.0
TXN002728,2026-06-02,2,19,1,110.0
TXN002728,2026-06-02,2,50,2,520.0
TXN002729,2026-06-02,2,36,3,315.0
TXN002729,2026-06-02,2,4,2,280.0
TXN002729,2026-06-02,2,27,1,40.0
TXN002730,2026-06-02,2,26,1,450.0
TXN002730,2026-06-02,2,41,1,90.0
TXN002732,2026-06-02,2,48,1,24.0
TXN002732,2026-06-02,2,14,1,80.0
TXN002733,2026-06-02,2,59,1,35.0
TXN002733,2026-06-02,2,24,1,50.0
TXN002733,2026-06-02,2,42,1,620.0
TXN002733,2026-06-02,2,16,2,240.0
TXN002734,2026-06-02,2,53,1,40.0
TXN002734,2026-06-02,2,1,3,192.0
TXN002735,2026-06-02,2,22,1,30.0
TXN002735,2026-06-02,2,36,1,105.0
TXN002736,2026-06-02,2,28,1,75.0
TXN002737,2026-06-02,2,25,2,560.0
TXN002737,2026-06-02,2,37,1,160.0
TXN002737,2026-06-02,2,23,1,25.0
TXN002737,2026-06-02,2,27,1,40.0
TXN002737,2026-06-02,2,41,1,90.0
TXN002738,2026-06-02,2,50,1,260.0
TXN002739,2026-06-02,2,60,1,40.0
TXN002739,2026-06-02,2,49,1,85.0
TXN002739,2026-06-02,2,8,1,84.0
TXN002740,2026-06-02,2,51,2,360.0
TXN002741,2026-06-02,2,18,2,40.0
TXN002741,2026-06-02,2,41,1,90.0
TXN002741,2026-06-02,2,3,1,115.0
TXN002741,2026-06-02,2,55,2,60.0
TXN002742,2026-06-02,2,39,1,140.0
TXN002742,2026-06-02,2,59,1,35.0
TXN002742,2026-06-02,2,57,1,90.0
TXN002743,2026-06-02,2,6,3,90.0
TXN002744,2026-06-02,2,4,1,140.0
TXN002747,2026-06-02,2,56,1,120.0
TXN002748,2026-06-02,2,42,1,620.0
TXN002748,2026-06-02,2,27,2,80.0
TXN002748,2026-06-02,2,41,1,90.0
TXN002748,2026-06-02,2,10,1,45.0
TXN002749,2026-06-02,2,29,1,95.0
TXN002749,2026-06-02,2,39,1,140.0
TXN002749,2026-06-02,2,19,1,110.0
TXN002750,2026-06-02,2,47,1,165.0
TXN002750,2026-06-02,2,26,1,450.0
TXN002751,2026-06-02,2,2,1,35.0
TXN002752,2026-06-02,2,47,1,165.0
TXN002752,2026-06-02,2,41,2,180.0
TXN002752,2026-06-02,2,53,1,40.0
TXN002753,2026-06-02,2,45,1,135.0
TXN002753,2026-06-02,2,60,1,40.0
TXN002753,2026-06-02,2,39,2,280.0
TXN002753,2026-06-02,2,50,1,260.0
TXN002754,2026-06-02,2,13,2,120.0
TXN002754,2026-06-02,2,30,1,40.0
TXN002755,2026-06-02,2,23,2,50.0
TXN002755,2026-06-02,2,46,1,48.0
TXN002755,2026-06-02,2,60,1,40.0
TXN002756,2026-06-02,2,7,1,130.0
TXN002756,2026-06-02,2,30,1,40.0
TXN002756,2026-06-02,2,35,1,145.0
TXN002757,2026-06-02,3,6,1,30.0
TXN002758,2026-06-02,3,15,1,110.0
TXN002759,2026-06-02,3,16,1,120.0
TXN002759,2026-06-02,3,53,2,80.0
TXN002760,2026-06-02,3,8,2,168.0
TXN002760,2026-06-02,3,13,1,60.0
TXN002760,2026-06-02,3,14,1,80.0
TXN002760,2026-06-02,3,29,1,95.0
TXN002761,2026-06-02,3,56,1,120.0
TXN002762,2026-06-02,3,19,1,110.0
TXN002762,2026-06-02,3,33,1,85.0
TXN002762,2026-06-02,3,3,1,115.0
TXN002762,2026-06-02,3,53,2,80.0
TXN002763,2026-06-02,3,17,2,90.0
TXN002764,2026-06-02,3,31,1,175.0
TXN002764,2026-06-02,3,7,1,130.0
TXN002765,2026-06-02,3,1,2,128.0
TXN002766,2026-06-02,3,53,1,40.0
TXN002767,2026-06-02,3,27,2,80.0
TXN002768,2026-06-02,3,53,1,40.0
TXN002770,2026-06-02,3,27,1,40.0
TXN002770,2026-06-02,3,2,1,35.0
TXN002770,2026-06-02,3,22,2,60.0
TXN002771,2026-06-02,3,32,1,120.0
TXN002773,2026-06-02,3,58,1,25.0
TXN002774,2026-06-02,3,56,1,120.0
TXN002774,2026-06-02,3,51,1,180.0
TXN002775,2026-06-02,3,43,1,240.0
TXN002776,2026-06-02,3,44,1,580.0
TXN002776,2026-06-02,3,11,1,35.0
TXN002777,2026-06-02,3,1,1,64.0
TXN002777,2026-06-02,3,50,1,260.0
TXN002777,2026-06-02,3,22,1,30.0
TXN002778,2026-06-02,3,10,1,45.0
TXN002778,2026-06-02,3,47,1,165.0
TXN002778,2026-06-02,3,42,2,1240.0
TXN002779,2026-06-02,3,49,1,85.0
TXN002779,2026-06-02,3,3,1,115.0
TXN002779,2026-06-02,3,36,1,105.0
TXN002780,2026-06-02,3,39,2,280.0
TXN002780,2026-06-02,3,19,1,110.0
TXN002781,2026-06-02,3,55,1,30.0
TXN002782,2026-06-03,1,28,1,75.0
TXN002782,2026-06-03,1,47,1,165.0
TXN002782,2026-06-03,1,39,3,420.0
TXN002782,2026-06-03,1,46,1,48.0
TXN002782,2026-06-03,1,45,1,135.0
TXN002783,2026-06-03,1,22,1,30.0
TXN002783,2026-06-03,1,55,1,30.0
TXN002783,2026-06-03,1,48,2,48.0
TXN002783,2026-06-03,1,40,1,65.0
TXN002784,2026-06-03,1,45,1,135.0
TXN002785,2026-06-03,1,6,1,30.0
TXN002785,2026-06-03,1,23,2,50.0
TXN002785,2026-06-03,1,12,1,90.0
TXN002786,2026-06-03,1,50,1,260.0
TXN002786,2026-06-03,1,43,1,240.0
TXN002786,2026-06-03,1,12,1,90.0
TXN002786,2026-06-03,1,60,2,80.0
TXN002787,2026-06-03,1,32,2,240.0
TXN002787,2026-06-03,1,25,1,280.0
TXN002788,2026-06-03,1,46,1,48.0
TXN002788,2026-06-03,1,55,2,60.0
TXN002788,2026-06-03,1,10,1,45.0
TXN002788,2026-06-03,1,54,1,35.0
TXN002789,2026-06-03,1,51,1,180.0
TXN002790,2026-06-03,1,1,2,128.0
TXN002791,2026-06-03,1,43,2,480.0
TXN002792,2026-06-03,1,25,1,280.0
TXN002792,2026-06-03,1,47,1,165.0
TXN002792,2026-06-03,1,22,2,60.0
TXN002793,2026-06-03,1,58,1,25.0
TXN002793,2026-06-03,1,35,1,145.0
TXN002793,2026-06-03,1,12,1,90.0
TXN002794,2026-06-03,1,18,2,40.0
TXN002794,2026-06-03,1,17,2,90.0
TXN002794,2026-06-03,1,12,1,90.0
TXN002795,2026-06-03,1,53,1,40.0
TXN002795,2026-06-03,1,40,1,65.0
TXN002795,2026-06-03,1,19,1,110.0
TXN002796,2026-06-03,1,35,1,145.0
TXN002798,2026-06-03,1,7,1,130.0
TXN002798,2026-06-03,1,22,2,60.0
TXN002798,2026-06-03,1,11,1,35.0
TXN002799,2026-06-03,1,12,2,180.0
TXN002799,2026-06-03,1,59,1,35.0
TXN002799,2026-06-03,1,22,2,60.0
TXN002799,2026-06-03,1,25,1,280.0
TXN002800,2026-06-03,1,22,2,60.0
TXN002801,2026-06-03,1,7,2,260.0
TXN002801,2026-06-03,1,15,1,110.0
TXN002802,2026-06-03,1,2,1,35.0
TXN002802,2026-06-03,1,32,1,120.0
TXN002803,2026-06-03,1,21,1,310.0
TXN002803,2026-06-03,1,2,1,35.0
TXN002803,2026-06-03,1,40,1,65.0
TXN002803,2026-06-03,1,49,1,85.0
TXN002803,2026-06-03,1,32,1,120.0
TXN002804,2026-06-03,1,53,2,80.0
TXN002804,2026-06-03,1,37,1,160.0
TXN002804,2026-06-03,1,60,1,40.0
TXN002804,2026-06-03,1,54,2,70.0
TXN002805,2026-06-03,1,16,2,240.0
TXN002805,2026-06-03,1,18,2,40.0
TXN002806,2026-06-03,1,6,2,60.0
TXN002806,2026-06-03,1,21,1,310.0
TXN002806,2026-06-03,1,19,1,110.0
TXN002807,2026-06-03,1,14,1,80.0
TXN002808,2026-06-03,1,53,1,40.0
TXN002809,2026-06-03,1,7,2,260.0
TXN002809,2026-06-03,1,16,1,120.0
TXN002809,2026-06-03,1,52,1,50.0
TXN002809,2026-06-03,1,28,1,75.0
TXN002809,2026-06-03,1,29,1,95.0
TXN002810,2026-06-03,1,45,1,135.0
TXN002811,2026-06-03,1,3,1,115.0
TXN002812,2026-06-03,1,8,1,84.0
TXN002812,2026-06-03,1,45,2,270.0
TXN002813,2026-06-03,1,49,2,170.0
TXN002813,2026-06-03,1,31,1,175.0
TXN002814,2026-06-03,1,36,2,210.0
TXN002814,2026-06-03,1,55,2,60.0
TXN002815,2026-06-03,1,27,1,40.0
TXN002815,2026-06-03,1,4,1,140.0
TXN002815,2026-06-03,1,56,1,120.0
TXN002816,2026-06-03,1,18,1,20.0
TXN002816,2026-06-03,1,20,1,220.0
TXN002817,2026-06-03,1,35,1,145.0
TXN002817,2026-06-03,1,22,1,30.0
TXN002818,2026-06-03,1,19,2,220.0
TXN002818,2026-06-03,1,12,2,180.0
TXN002818,2026-06-03,1,33,1,85.0
TXN002818,2026-06-03,1,9,3,120.0
TXN002819,2026-06-03,1,2,1,35.0
TXN002819,2026-06-03,1,9,3,120.0
TXN002820,2026-06-03,2,52,1,50.0
TXN002821,2026-06-03,2,5,1,95.0
TXN002821,2026-06-03,2,16,2,240.0
TXN002822,2026-06-03,2,52,2,100.0
TXN002823,2026-06-03,2,56,1,120.0
TXN002823,2026-06-03,2,21,1,310.0
TXN002824,2026-06-03,2,36,1,105.0
TXN002824,2026-06-03,2,48,2,48.0
TXN002824,2026-06-03,2,12,1,90.0
TXN002825,2026-06-03,2,40,2,130.0
TXN002825,2026-06-03,2,25,2,560.0
TXN002825,2026-06-03,2,46,2,96.0
TXN002825,2026-06-03,2,32,1,120.0
TXN002826,2026-06-03,2,47,1,165.0
TXN002826,2026-06-03,2,19,1,110.0
TXN002826,2026-06-03,2,42,1,620.0
TXN002826,2026-06-03,2,27,2,80.0
TXN002827,2026-06-03,2,24,2,100.0
TXN002829,2026-06-03,2,46,1,48.0
TXN002830,2026-06-03,2,13,1,60.0
TXN002830,2026-06-03,2,54,1,35.0
TXN002832,2026-06-03,2,6,2,60.0
TXN002832,2026-06-03,2,48,2,48.0
TXN002832,2026-06-03,2,1,2,128.0
TXN002833,2026-06-03,2,2,2,70.0
TXN002833,2026-06-03,2,35,1,145.0
TXN002835,2026-06-03,2,31,1,175.0
TXN002835,2026-06-03,2,30,1,40.0
TXN002835,2026-06-03,2,21,1,310.0
TXN002836,2026-06-03,2,31,1,175.0
TXN002836,2026-06-03,2,9,2,80.0
TXN002836,2026-06-03,2,25,1,280.0
TXN002837,2026-06-03,2,40,1,65.0
TXN002838,2026-06-03,2,25,1,280.0
TXN002838,2026-06-03,2,58,1,25.0
TXN002838,2026-06-03,2,43,1,240.0
TXN002838,2026-06-03,2,36,3,315.0
TXN002839,2026-06-03,2,8,2,168.0
TXN002839,2026-06-03,2,42,2,1240.0
TXN002839,2026-06-03,2,31,1,175.0
TXN002839,2026-06-03,2,12,1,90.0
TXN002842,2026-06-03,2,10,1,45.0
TXN002843,2026-06-03,2,14,2,160.0
TXN002843,2026-06-03,2,48,1,24.0
TXN002843,2026-06-03,2,27,2,80.0
TXN002844,2026-06-03,2,36,1,105.0
TXN002844,2026-06-03,2,10,1,45.0
TXN002845,2026-06-03,2,45,2,270.0
TXN002845,2026-06-03,2,51,1,180.0
TXN002846,2026-06-03,3,36,1,105.0
TXN002846,2026-06-03,3,18,1,20.0
TXN002847,2026-06-03,3,52,2,100.0
TXN002847,2026-06-03,3,26,1,450.0
TXN002848,2026-06-03,3,52,1,50.0
TXN002848,2026-06-03,3,50,1,260.0
TXN002849,2026-06-03,3,39,1,140.0
TXN002849,2026-06-03,3,53,1,40.0
TXN002849,2026-06-03,3,56,1,120.0
TXN002850,2026-06-03,3,16,1,120.0
TXN002851,2026-06-03,3,47,1,165.0
TXN002851,2026-06-03,3,14,2,160.0
TXN002851,2026-06-03,3,32,2,240.0
TXN002852,2026-06-03,3,10,1,45.0
TXN002852,2026-06-03,3,2,1,35.0
TXN002852,2026-06-03,3,52,1,50.0
TXN002854,2026-06-03,3,12,1,90.0
TXN002855,2026-06-03,3,52,1,50.0
TXN002855,2026-06-03,3,57,1,90.0
TXN002856,2026-06-03,3,43,1,240.0
TXN002856,2026-06-03,3,33,1,85.0
TXN002856,2026-06-03,3,23,1,25.0
TXN002857,2026-06-03,3,13,1,60.0
TXN002858,2026-06-03,3,16,1,120.0
TXN002859,2026-06-03,3,21,1,310.0
TXN002859,2026-06-03,3,8,1,84.0
TXN002859,2026-06-03,3,30,1,40.0
TXN002859,2026-06-03,3,5,2,190.0
TXN002859,2026-06-03,3,23,2,50.0
TXN002861,2026-06-03,3,42,2,1240.0
TXN002862,2026-06-03,3,43,2,480.0
TXN002862,2026-06-03,3,2,1,35.0
TXN002862,2026-06-03,3,6,2,60.0
TXN002863,2026-06-03,3,13,1,60.0
TXN002863,2026-06-03,3,40,1,65.0
TXN002863,2026-06-03,3,53,1,40.0
TXN002864,2026-06-03,3,39,1,140.0
TXN002865,2026-06-03,3,41,1,90.0
TXN002866,2026-06-03,3,8,1,84.0
TXN002866,2026-06-03,3,14,1,80.0
TXN002867,2026-06-03,3,27,2,80.0
TXN002867,2026-06-03,3,30,1,40.0
TXN002867,2026-06-03,3,49,1,85.0
TXN002867,2026-06-03,3,43,1,240.0
TXN002869,2026-06-03,3,26,1,450.0
TXN002869,2026-06-03,3,7,2,260.0
TXN002869,2026-06-03,3,9,2,80.0
TXN002869,2026-06-03,3,59,1,35.0
TXN002870,2026-06-03,3,48,1,24.0
TXN002870,2026-06-03,3,60,1,40.0
TXN002872,2026-06-04,1,35,2,290.0
TXN002872,2026-06-04,1,1,2,128.0
TXN002873,2026-06-04,1,50,1,260.0
TXN002873,2026-06-04,1,34,1,190.0
TXN002873,2026-06-04,1,7,1,130.0
TXN002875,2026-06-04,1,51,1,180.0
TXN002876,2026-06-04,1,9,2,80.0
TXN002876,2026-06-04,1,22,1,30.0
TXN002876,2026-06-04,1,56,1,120.0
TXN002876,2026-06-04,1,1,3,192.0
TXN002877,2026-06-04,1,9,2,80.0
TXN002877,2026-06-04,1,2,1,35.0
TXN002877,2026-06-04,1,53,3,120.0
TXN002878,2026-06-04,1,54,1,35.0
TXN002878,2026-06-04,1,51,1,180.0
TXN002878,2026-06-04,1,5,1,95.0
TXN002878,2026-06-04,1,52,1,50.0
TXN002879,2026-06-04,1,23,1,25.0
TXN002879,2026-06-04,1,9,2,80.0
TXN002879,2026-06-04,1,50,1,260.0
TXN002879,2026-06-04,1,45,1,135.0
TXN002880,2026-06-04,1,28,1,75.0
TXN002880,2026-06-04,1,60,1,40.0
TXN002881,2026-06-04,1,25,2,560.0
TXN002881,2026-06-04,1,49,1,85.0
TXN002882,2026-06-04,1,57,1,90.0
TXN002883,2026-06-04,1,2,3,105.0
TXN002883,2026-06-04,1,10,1,45.0
TXN002884,2026-06-04,1,8,1,84.0
TXN002884,2026-06-04,1,24,1,50.0
TXN002884,2026-06-04,1,40,1,65.0
TXN002884,2026-06-04,1,11,1,35.0
TXN002885,2026-06-04,1,29,2,190.0
TXN002885,2026-06-04,1,47,1,165.0
TXN002885,2026-06-04,1,6,2,60.0
TXN002885,2026-06-04,1,28,1,75.0
TXN002886,2026-06-04,1,22,1,30.0
TXN002887,2026-06-04,1,17,3,135.0
TXN002888,2026-06-04,1,16,2,240.0
TXN002888,2026-06-04,1,4,1,140.0
TXN002889,2026-06-04,1,32,1,120.0
TXN002889,2026-06-04,1,50,1,260.0
TXN002890,2026-06-04,1,50,1,260.0
TXN002890,2026-06-04,1,23,1,25.0
TXN002891,2026-06-04,1,54,2,70.0
TXN002891,2026-06-04,1,7,1,130.0
TXN002891,2026-06-04,1,9,3,120.0
TXN002891,2026-06-04,1,52,2,100.0
TXN002892,2026-06-04,1,52,2,100.0
TXN002893,2026-06-04,1,8,3,252.0
TXN002893,2026-06-04,1,14,1,80.0
TXN002893,2026-06-04,1,2,1,35.0
TXN002894,2026-06-04,1,32,2,240.0
TXN002895,2026-06-04,1,28,1,75.0
TXN002895,2026-06-04,1,34,1,190.0
TXN002896,2026-06-04,1,29,2,190.0
TXN002897,2026-06-04,1,22,1,30.0
TXN002899,2026-06-04,1,30,2,80.0
TXN002900,2026-06-04,1,22,2,60.0
TXN002900,2026-06-04,1,6,1,30.0
TXN002901,2026-06-04,1,18,1,20.0
TXN002902,2026-06-04,1,46,1,48.0
TXN002903,2026-06-04,1,12,1,90.0
TXN002903,2026-06-04,1,23,1,25.0
TXN002903,2026-06-04,1,35,1,145.0
TXN002904,2026-06-04,1,32,2,240.0
TXN002904,2026-06-04,1,2,1,35.0
TXN002904,2026-06-04,1,14,1,80.0
TXN002905,2026-06-04,1,43,2,480.0
TXN002905,2026-06-04,1,52,1,50.0
TXN002906,2026-06-04,1,11,2,70.0
TXN002906,2026-06-04,1,53,1,40.0
TXN002906,2026-06-04,1,52,2,100.0
TXN002907,2026-06-04,1,53,1,40.0
TXN002907,2026-06-04,1,10,1,45.0
TXN002907,2026-06-04,1,6,2,60.0
TXN002908,2026-06-04,1,2,1,35.0
TXN002908,2026-06-04,1,3,1,115.0
TXN002908,2026-06-04,1,4,1,140.0
TXN002908,2026-06-04,1,18,2,40.0
TXN002909,2026-06-04,1,2,2,70.0
TXN002909,2026-06-04,1,49,1,85.0
TXN002909,2026-06-04,1,5,1,95.0
TXN002909,2026-06-04,1,51,1,180.0
TXN002909,2026-06-04,1,8,2,168.0
TXN002910,2026-06-04,1,16,1,120.0
TXN002911,2026-06-04,1,49,1,85.0
TXN002911,2026-06-04,1,45,1,135.0
TXN002911,2026-06-04,1,55,1,30.0
TXN002911,2026-06-04,1,46,1,48.0
TXN002911,2026-06-04,1,41,2,180.0
TXN002912,2026-06-04,1,21,1,310.0
TXN002913,2026-06-04,1,39,1,140.0
TXN002913,2026-06-04,1,33,1,85.0
TXN002913,2026-06-04,1,3,2,230.0
TXN002913,2026-06-04,1,52,2,100.0
TXN002914,2026-06-04,2,5,1,95.0
TXN002915,2026-06-04,2,53,2,80.0
TXN002916,2026-06-04,2,25,1,280.0
TXN002916,2026-06-04,2,39,1,140.0
TXN002916,2026-06-04,2,36,1,105.0
TXN002916,2026-06-04,2,48,2,48.0
TXN002917,2026-06-04,2,32,2,240.0
TXN002918,2026-06-04,2,18,1,20.0
TXN002918,2026-06-04,2,15,1,110.0
TXN002918,2026-06-04,2,54,2,70.0
TXN002919,2026-06-04,2,38,1,210.0
TXN002922,2026-06-04,2,14,1,80.0
TXN002923,2026-06-04,2,55,1,30.0
TXN002923,2026-06-04,2,11,1,35.0
TXN002923,2026-06-04,2,7,1,130.0
TXN002923,2026-06-04,2,6,1,30.0
TXN002923,2026-06-04,2,27,2,80.0
TXN002925,2026-06-04,2,52,1,50.0
TXN002925,2026-06-04,2,24,1,50.0
TXN002926,2026-06-04,2,29,3,285.0
TXN002926,2026-06-04,2,58,1,25.0
TXN002926,2026-06-04,2,10,1,45.0
TXN002926,2026-06-04,2,8,1,84.0
TXN002927,2026-06-04,2,53,2,80.0
TXN002927,2026-06-04,2,55,1,30.0
TXN002927,2026-06-04,2,5,1,95.0
TXN002927,2026-06-04,2,35,1,145.0
TXN002928,2026-06-04,2,29,2,190.0
TXN002929,2026-06-04,2,48,3,72.0
TXN002929,2026-06-04,2,60,1,40.0
TXN002930,2026-06-04,2,52,2,100.0
TXN002931,2026-06-04,2,17,1,45.0
TXN002932,2026-06-04,2,43,1,240.0
TXN002932,2026-06-04,2,6,1,30.0
TXN002933,2026-06-04,2,6,2,60.0
TXN002933,2026-06-04,2,39,1,140.0
TXN002933,2026-06-04,2,49,1,85.0
TXN002934,2026-06-04,2,51,2,360.0
TXN002934,2026-06-04,2,11,1,35.0
TXN002934,2026-06-04,2,39,2,280.0
TXN002935,2026-06-04,2,43,2,480.0
TXN002935,2026-06-04,2,41,1,90.0
TXN002935,2026-06-04,2,4,1,140.0
TXN002935,2026-06-04,2,18,1,20.0
TXN002936,2026-06-04,2,51,1,180.0
TXN002937,2026-06-04,2,8,1,84.0
TXN002937,2026-06-04,2,23,1,25.0
TXN002937,2026-06-04,2,32,2,240.0
TXN002938,2026-06-04,2,36,1,105.0
TXN002938,2026-06-04,2,15,2,220.0
TXN002938,2026-06-04,2,47,1,165.0
TXN002938,2026-06-04,2,25,1,280.0
TXN002939,2026-06-04,2,19,2,220.0
TXN002940,2026-06-04,2,25,1,280.0
TXN002940,2026-06-04,2,35,1,145.0
TXN002940,2026-06-04,2,16,1,120.0
TXN002940,2026-06-04,2,47,1,165.0
TXN002940,2026-06-04,2,17,3,135.0
TXN002941,2026-06-04,2,5,1,95.0
TXN002941,2026-06-04,2,29,1,95.0
TXN002942,2026-06-04,2,25,2,560.0
TXN002943,2026-06-04,2,49,2,170.0
TXN002944,2026-06-04,2,1,2,128.0
TXN002944,2026-06-04,2,33,2,170.0
TXN002945,2026-06-04,2,18,1,20.0
TXN002946,2026-06-04,2,40,1,65.0
TXN002946,2026-06-04,2,3,1,115.0
TXN002947,2026-06-04,2,10,1,45.0
TXN002948,2026-06-04,2,39,2,280.0
TXN002948,2026-06-04,2,37,1,160.0
TXN002948,2026-06-04,2,5,1,95.0
TXN002948,2026-06-04,2,28,1,75.0
TXN002950,2026-06-04,2,23,1,25.0
TXN002951,2026-06-04,2,53,1,40.0
TXN002951,2026-06-04,2,56,1,120.0
TXN002953,2026-06-04,2,59,1,35.0
TXN002954,2026-06-04,3,22,2,60.0
TXN002954,2026-06-04,3,50,1,260.0
TXN002954,2026-06-04,3,54,1,35.0
TXN002954,2026-06-04,3,45,1,135.0
TXN002955,2026-06-04,3,32,1,120.0
TXN002955,2026-06-04,3,10,1,45.0
TXN002955,2026-06-04,3,17,2,90.0
TXN002956,2026-06-04,3,42,1,620.0
TXN002956,2026-06-04,3,3,1,115.0
TXN002957,2026-06-04,3,55,1,30.0
TXN002957,2026-06-04,3,5,1,95.0
TXN002959,2026-06-04,3,49,2,170.0
TXN002960,2026-06-04,3,10,1,45.0
TXN002960,2026-06-04,3,7,1,130.0
TXN002960,2026-06-04,3,18,2,40.0
TXN002960,2026-06-04,3,6,2,60.0
TXN002960,2026-06-04,3,29,1,95.0
TXN002961,2026-06-04,3,40,1,65.0
TXN002961,2026-06-04,3,59,1,35.0
TXN002962,2026-06-04,3,52,1,50.0
TXN002962,2026-06-04,3,59,1,35.0
TXN002962,2026-06-04,3,45,1,135.0
TXN002963,2026-06-04,3,25,1,280.0
TXN002963,2026-06-04,3,45,1,135.0
TXN002963,2026-06-04,3,58,1,25.0
TXN002964,2026-06-04,3,40,1,65.0
TXN002965,2026-06-04,3,12,1,90.0
TXN002965,2026-06-04,3,55,2,60.0
TXN002966,2026-06-04,3,8,2,168.0
TXN002966,2026-06-04,3,5,1,95.0
TXN002966,2026-06-04,3,31,1,175.0
TXN002967,2026-06-04,3,35,1,145.0
TXN002967,2026-06-04,3,50,1,260.0
TXN002967,2026-06-04,3,36,1,105.0
TXN002967,2026-06-04,3,52,3,150.0
TXN002969,2026-06-04,3,32,1,120.0
TXN002969,2026-06-04,3,1,2,128.0
TXN002971,2026-06-04,3,51,1,180.0
TXN002972,2026-06-04,3,4,1,140.0
TXN002972,2026-06-04,3,21,1,310.0
TXN002972,2026-06-04,3,51,1,180.0
TXN002973,2026-06-04,3,29,2,190.0
TXN002974,2026-06-04,3,29,1,95.0
TXN002974,2026-06-04,3,51,1,180.0
TXN002975,2026-06-04,3,51,2,360.0
TXN002976,2026-06-04,3,51,1,180.0
TXN002976,2026-06-04,3,9,2,80.0
TXN002976,2026-06-04,3,55,1,30.0
TXN002976,2026-06-04,3,41,1,90.0
TXN002977,2026-06-05,1,39,1,140.0
TXN002977,2026-06-05,1,23,3,75.0
TXN002977,2026-06-05,1,15,1,110.0
TXN002977,2026-06-05,1,4,1,140.0
TXN002978,2026-06-05,1,12,1,90.0
TXN002979,2026-06-05,1,28,1,75.0
TXN002979,2026-06-05,1,57,1,90.0
TXN002979,2026-06-05,1,31,1,175.0
TXN002979,2026-06-05,1,45,1,135.0
TXN002980,2026-06-05,1,40,1,65.0
TXN002980,2026-06-05,1,5,1,95.0
TXN002980,2026-06-05,1,25,1,280.0
TXN002981,2026-06-05,1,24,3,150.0
TXN002982,2026-06-05,1,17,1,45.0
TXN002982,2026-06-05,1,35,2,290.0
TXN002982,2026-06-05,1,52,1,50.0
TXN002984,2026-06-05,1,31,1,175.0
TXN002984,2026-06-05,1,46,2,96.0
TXN002984,2026-06-05,1,32,1,120.0
TXN002985,2026-06-05,1,51,2,360.0
TXN002985,2026-06-05,1,58,1,25.0
TXN002985,2026-06-05,1,1,3,192.0
TXN002986,2026-06-05,1,55,2,60.0
TXN002986,2026-06-05,1,11,1,35.0
TXN002987,2026-06-05,1,59,1,35.0
TXN002988,2026-06-05,1,15,2,220.0
TXN002988,2026-06-05,1,48,2,48.0
TXN002988,2026-06-05,1,49,1,85.0
TXN002989,2026-06-05,1,45,2,270.0
TXN002989,2026-06-05,1,38,1,210.0
TXN002990,2026-06-05,1,17,3,135.0
TXN002991,2026-06-05,1,8,1,84.0
TXN002992,2026-06-05,1,57,1,90.0
TXN002992,2026-06-05,1,17,1,45.0
TXN002992,2026-06-05,1,24,2,100.0
TXN002992,2026-06-05,1,52,2,100.0
TXN002993,2026-06-05,1,17,2,90.0
TXN002993,2026-06-05,1,42,2,1240.0
TXN002993,2026-06-05,1,24,2,100.0
TXN002994,2026-06-05,1,8,1,84.0
TXN002995,2026-06-05,1,13,2,120.0
TXN002996,2026-06-05,1,50,1,260.0
TXN002997,2026-06-05,1,29,2,190.0
TXN002998,2026-06-05,1,58,1,25.0
TXN002998,2026-06-05,1,50,2,520.0
TXN002998,2026-06-05,1,49,1,85.0
TXN002999,2026-06-05,1,2,1,35.0
TXN002999,2026-06-05,1,13,1,60.0
TXN003000,2026-06-05,1,53,2,80.0
TXN003000,2026-06-05,1,5,1,95.0
TXN003001,2026-06-05,1,4,1,140.0
TXN003001,2026-06-05,1,55,2,60.0
TXN003001,2026-06-05,1,39,1,140.0
TXN003002,2026-06-05,1,39,1,140.0
TXN003002,2026-06-05,1,51,1,180.0
TXN003002,2026-06-05,1,21,1,310.0
TXN003003,2026-06-05,1,22,2,60.0
TXN003003,2026-06-05,1,55,1,30.0
TXN003004,2026-06-05,1,55,2,60.0
TXN003005,2026-06-05,1,33,2,170.0
TXN003006,2026-06-05,1,31,1,175.0
TXN003006,2026-06-05,1,33,1,85.0
TXN003006,2026-06-05,1,58,2,50.0
TXN003007,2026-06-05,1,17,3,135.0
TXN003007,2026-06-05,1,59,1,35.0
TXN003008,2026-06-05,1,53,2,80.0
TXN003008,2026-06-05,1,35,1,145.0
TXN003009,2026-06-05,1,29,2,190.0
TXN003010,2026-06-05,1,16,1,120.0
TXN003010,2026-06-05,1,42,2,1240.0
TXN003010,2026-06-05,1,39,1,140.0
TXN003011,2026-06-05,1,33,1,85.0
TXN003011,2026-06-05,1,17,2,90.0
TXN003012,2026-06-05,1,49,1,85.0
TXN003013,2026-06-05,1,31,1,175.0
TXN003013,2026-06-05,1,45,1,135.0
TXN003014,2026-06-05,1,54,2,70.0
TXN003014,2026-06-05,1,29,2,190.0
TXN003014,2026-06-05,1,44,1,580.0
TXN003015,2026-06-05,1,56,1,120.0
TXN003016,2026-06-05,1,46,1,48.0
TXN003016,2026-06-05,1,17,3,135.0
TXN003016,2026-06-05,1,12,1,90.0
TXN003016,2026-06-05,1,18,1,20.0
TXN003017,2026-06-05,1,11,1,35.0
TXN003017,2026-06-05,1,16,2,240.0
TXN003018,2026-06-05,1,32,2,240.0
TXN003018,2026-06-05,1,2,2,70.0
TXN003018,2026-06-05,1,26,1,450.0
TXN003018,2026-06-05,1,59,2,70.0
TXN003018,2026-06-05,1,53,2,80.0
TXN003019,2026-06-05,2,36,2,210.0
TXN003019,2026-06-05,2,60,2,80.0
TXN003019,2026-06-05,2,14,1,80.0
TXN003019,2026-06-05,2,11,1,35.0
TXN003019,2026-06-05,2,10,1,45.0
TXN003020,2026-06-05,2,2,2,70.0
TXN003021,2026-06-05,2,25,1,280.0
TXN003022,2026-06-05,2,52,1,50.0
TXN003022,2026-06-05,2,44,1,580.0
TXN003022,2026-06-05,2,31,1,175.0
TXN003023,2026-06-05,2,4,2,280.0
TXN003023,2026-06-05,2,59,1,35.0
TXN003023,2026-06-05,2,47,2,330.0
TXN003024,2026-06-05,2,16,1,120.0
TXN003024,2026-06-05,2,6,1,30.0
TXN003025,2026-06-05,2,42,1,620.0
TXN003025,2026-06-05,2,9,1,40.0
TXN003025,2026-06-05,2,13,1,60.0
TXN003025,2026-06-05,2,20,1,220.0
TXN003026,2026-06-05,2,13,1,60.0
TXN003027,2026-06-05,2,30,1,40.0
TXN003028,2026-06-05,2,1,1,64.0
TXN003028,2026-06-05,2,24,1,50.0
TXN003029,2026-06-05,2,48,1,24.0
TXN003029,2026-06-05,2,25,1,280.0
TXN003030,2026-06-05,2,28,1,75.0
TXN003031,2026-06-05,2,28,1,75.0
TXN003031,2026-06-05,2,18,1,20.0
TXN003032,2026-06-05,2,56,1,120.0
TXN003032,2026-06-05,2,6,2,60.0
TXN003032,2026-06-05,2,46,2,96.0
TXN003033,2026-06-05,2,1,2,128.0
TXN003033,2026-06-05,2,52,1,50.0
TXN003033,2026-06-05,2,29,1,95.0
TXN003034,2026-06-05,2,53,1,40.0
TXN003034,2026-06-05,2,18,1,20.0
TXN003035,2026-06-05,2,27,1,40.0
TXN003036,2026-06-05,2,47,1,165.0
TXN003036,2026-06-05,2,26,1,450.0
TXN003036,2026-06-05,2,11,1,35.0
TXN003037,2026-06-05,2,36,1,105.0
TXN003038,2026-06-05,2,2,1,35.0
TXN003038,2026-06-05,2,52,2,100.0
TXN003039,2026-06-05,2,45,1,135.0
TXN003040,2026-06-05,2,16,2,240.0
TXN003040,2026-06-05,2,9,1,40.0
TXN003040,2026-06-05,2,6,2,60.0
TXN003041,2026-06-05,2,36,3,315.0
TXN003041,2026-06-05,2,54,1,35.0
TXN003041,2026-06-05,2,12,1,90.0
TXN003041,2026-06-05,2,25,2,560.0
TXN003042,2026-06-05,2,9,2,80.0
TXN003043,2026-06-05,2,30,1,40.0
TXN003043,2026-06-05,2,32,2,240.0
TXN003045,2026-06-05,3,46,1,48.0
TXN003046,2026-06-05,3,39,1,140.0
TXN003047,2026-06-05,3,5,2,190.0
TXN003047,2026-06-05,3,4,1,140.0
TXN003047,2026-06-05,3,52,2,100.0
TXN003047,2026-06-05,3,46,1,48.0
TXN003048,2026-06-05,3,23,1,25.0
TXN003048,2026-06-05,3,19,1,110.0
TXN003048,2026-06-05,3,32,1,120.0
TXN003049,2026-06-05,3,55,1,30.0
TXN003050,2026-06-05,3,32,1,120.0
TXN003050,2026-06-05,3,54,1,35.0
TXN003050,2026-06-05,3,1,2,128.0
TXN003052,2026-06-05,3,27,1,40.0
TXN003052,2026-06-05,3,4,1,140.0
TXN003053,2026-06-05,3,18,2,40.0
TXN003054,2026-06-05,3,36,1,105.0
TXN003054,2026-06-05,3,21,1,310.0
TXN003055,2026-06-05,3,12,1,90.0
TXN003055,2026-06-05,3,45,1,135.0
TXN003055,2026-06-05,3,17,3,135.0
TXN003055,2026-06-05,3,46,2,96.0
TXN003056,2026-06-05,3,51,1,180.0
TXN003056,2026-06-05,3,24,1,50.0
TXN003056,2026-06-05,3,1,1,64.0
TXN003058,2026-06-05,3,1,2,128.0
TXN003058,2026-06-05,3,55,1,30.0
TXN003059,2026-06-05,3,6,1,30.0
TXN003059,2026-06-05,3,48,1,24.0
TXN003059,2026-06-05,3,57,1,90.0
TXN003059,2026-06-05,3,3,1,115.0
TXN003060,2026-06-05,3,9,1,40.0
TXN003060,2026-06-05,3,30,1,40.0
TXN003060,2026-06-05,3,5,1,95.0
TXN003061,2026-06-05,3,17,2,90.0
TXN003061,2026-06-05,3,58,1,25.0
TXN003061,2026-06-05,3,54,1,35.0
TXN003062,2026-06-05,3,46,1,48.0
TXN003062,2026-06-05,3,15,1,110.0
TXN003063,2026-06-05,3,14,1,80.0
TXN003063,2026-06-05,3,55,1,30.0
TXN003063,2026-06-05,3,27,1,40.0
TXN003065,2026-06-05,3,10,2,90.0
TXN003065,2026-06-05,3,31,1,175.0
TXN003065,2026-06-05,3,52,1,50.0
TXN003066,2026-06-05,3,10,1,45.0
TXN003066,2026-06-05,3,23,1,25.0
TXN003067,2026-06-05,3,30,1,40.0
TXN003068,2026-06-05,3,29,1,95.0
TXN003068,2026-06-05,3,17,2,90.0
TXN003069,2026-06-06,1,56,1,120.0
TXN003070,2026-06-06,1,38,1,210.0
TXN003070,2026-06-06,1,36,2,210.0
TXN003071,2026-06-06,1,58,1,25.0
TXN003071,2026-06-06,1,20,1,220.0
TXN003071,2026-06-06,1,60,1,40.0
TXN003072,2026-06-06,1,21,1,310.0
TXN003072,2026-06-06,1,52,3,150.0
TXN003073,2026-06-06,1,59,1,35.0
TXN003073,2026-06-06,1,9,3,120.0
TXN003074,2026-06-06,1,60,1,40.0
TXN003074,2026-06-06,1,18,2,40.0
TXN003074,2026-06-06,1,46,2,96.0
TXN003074,2026-06-06,1,4,1,140.0
TXN003075,2026-06-06,1,11,1,35.0
TXN003075,2026-06-06,1,14,1,80.0
TXN003075,2026-06-06,1,37,1,160.0
TXN003075,2026-06-06,1,12,2,180.0
TXN003076,2026-06-06,1,7,1,130.0
TXN003076,2026-06-06,1,32,1,120.0
TXN003077,2026-06-06,1,43,2,480.0
TXN003078,2026-06-06,1,7,2,260.0
TXN003078,2026-06-06,1,6,2,60.0
TXN003079,2026-06-06,1,25,1,280.0
TXN003079,2026-06-06,1,7,2,260.0
TXN003079,2026-06-06,1,39,2,280.0
TXN003079,2026-06-06,1,2,1,35.0
TXN003080,2026-06-06,1,11,1,35.0
TXN003080,2026-06-06,1,41,2,180.0
TXN003081,2026-06-06,1,59,1,35.0
TXN003081,2026-06-06,1,15,2,220.0
TXN003082,2026-06-06,1,44,1,580.0
TXN003083,2026-06-06,1,58,1,25.0
TXN003084,2026-06-06,1,58,1,25.0
TXN003084,2026-06-06,1,51,3,540.0
TXN003084,2026-06-06,1,37,1,160.0
TXN003085,2026-06-06,1,49,2,170.0
TXN003085,2026-06-06,1,52,2,100.0
TXN003085,2026-06-06,1,45,1,135.0
TXN003085,2026-06-06,1,59,2,70.0
TXN003086,2026-06-06,1,57,2,180.0
TXN003087,2026-06-06,1,17,3,135.0
TXN003087,2026-06-06,1,29,2,190.0
TXN003087,2026-06-06,1,41,2,180.0
TXN003087,2026-06-06,1,57,1,90.0
TXN003087,2026-06-06,1,40,1,65.0
TXN003088,2026-06-06,1,55,2,60.0
TXN003088,2026-06-06,1,9,2,80.0
TXN003089,2026-06-06,1,46,2,96.0
TXN003089,2026-06-06,1,48,2,48.0
TXN003091,2026-06-06,1,26,1,450.0
TXN003092,2026-06-06,1,14,1,80.0
TXN003092,2026-06-06,1,20,1,220.0
TXN003092,2026-06-06,1,50,3,780.0
TXN003092,2026-06-06,1,47,1,165.0
TXN003092,2026-06-06,1,1,3,192.0
TXN003093,2026-06-06,1,57,1,90.0
TXN003094,2026-06-06,1,45,2,270.0
TXN003094,2026-06-06,1,49,1,85.0
TXN003094,2026-06-06,1,19,2,220.0
TXN003094,2026-06-06,1,5,1,95.0
TXN003094,2026-06-06,1,35,1,145.0
TXN003095,2026-06-06,1,57,1,90.0
TXN003095,2026-06-06,1,40,1,65.0
TXN003095,2026-06-06,1,58,1,25.0
TXN003096,2026-06-06,1,44,1,580.0
TXN003096,2026-06-06,1,37,1,160.0
TXN003096,2026-06-06,1,22,2,60.0
TXN003097,2026-06-06,1,3,2,230.0
TXN003098,2026-06-06,1,1,3,192.0
TXN003098,2026-06-06,1,42,3,1860.0
TXN003098,2026-06-06,1,2,1,35.0
TXN003100,2026-06-06,1,3,1,115.0
TXN003100,2026-06-06,1,50,3,780.0
TXN003100,2026-06-06,1,45,1,135.0
TXN003101,2026-06-06,1,18,2,40.0
TXN003101,2026-06-06,1,45,2,270.0
TXN003101,2026-06-06,1,44,1,580.0
TXN003101,2026-06-06,1,9,3,120.0
TXN003101,2026-06-06,1,46,1,48.0
TXN003102,2026-06-06,1,56,1,120.0
TXN003102,2026-06-06,1,15,1,110.0
TXN003102,2026-06-06,1,2,1,35.0
TXN003103,2026-06-06,1,22,2,60.0
TXN003103,2026-06-06,1,21,1,310.0
TXN003104,2026-06-06,1,54,2,70.0
TXN003104,2026-06-06,1,1,1,64.0
TXN003104,2026-06-06,1,5,1,95.0
TXN003105,2026-06-06,1,17,2,90.0
TXN003105,2026-06-06,1,9,3,120.0
TXN003105,2026-06-06,1,58,1,25.0
TXN003106,2026-06-06,1,4,1,140.0
TXN003106,2026-06-06,1,41,1,90.0
TXN003106,2026-06-06,1,12,1,90.0
TXN003106,2026-06-06,1,43,2,480.0
TXN003107,2026-06-06,1,1,2,128.0
TXN003108,2026-06-06,1,37,1,160.0
TXN003109,2026-06-06,1,54,2,70.0
TXN003109,2026-06-06,1,3,2,230.0
TXN003109,2026-06-06,1,23,1,25.0
TXN003110,2026-06-06,2,1,2,128.0
TXN003110,2026-06-06,2,10,1,45.0
TXN003111,2026-06-06,2,26,1,450.0
TXN003111,2026-06-06,2,29,1,95.0
TXN003111,2026-06-06,2,15,2,220.0
TXN003111,2026-06-06,2,51,1,180.0
TXN003112,2026-06-06,2,59,2,70.0
TXN003113,2026-06-06,2,29,1,95.0
TXN003113,2026-06-06,2,21,1,310.0
TXN003113,2026-06-06,2,55,2,60.0
TXN003113,2026-06-06,2,56,1,120.0
TXN003114,2026-06-06,2,54,2,70.0
TXN003114,2026-06-06,2,16,1,120.0
TXN003115,2026-06-06,2,30,1,40.0
TXN003115,2026-06-06,2,24,1,50.0
TXN003116,2026-06-06,2,30,2,80.0
TXN003116,2026-06-06,2,57,1,90.0
TXN003116,2026-06-06,2,2,1,35.0
TXN003117,2026-06-06,2,8,2,168.0
TXN003117,2026-06-06,2,6,1,30.0
TXN003117,2026-06-06,2,52,1,50.0
TXN003117,2026-06-06,2,23,1,25.0
TXN003118,2026-06-06,2,28,1,75.0
TXN003118,2026-06-06,2,45,1,135.0
TXN003119,2026-06-06,2,47,2,330.0
TXN003119,2026-06-06,2,43,1,240.0
TXN003119,2026-06-06,2,11,1,35.0
TXN003119,2026-06-06,2,5,1,95.0
TXN003119,2026-06-06,2,23,1,25.0
TXN003120,2026-06-06,2,37,1,160.0
TXN003120,2026-06-06,2,7,1,130.0
TXN003120,2026-06-06,2,28,1,75.0
TXN003121,2026-06-06,2,24,1,50.0
TXN003121,2026-06-06,2,22,1,30.0
TXN003121,2026-06-06,2,36,1,105.0
TXN003121,2026-06-06,2,6,1,30.0
TXN003122,2026-06-06,2,46,2,96.0
TXN003122,2026-06-06,2,45,1,135.0
TXN003123,2026-06-06,2,16,1,120.0
TXN003124,2026-06-06,2,5,2,190.0
TXN003124,2026-06-06,2,36,2,210.0
TXN003126,2026-06-06,2,18,1,20.0
TXN003126,2026-06-06,2,22,1,30.0
TXN003126,2026-06-06,2,56,1,120.0
TXN003127,2026-06-06,2,1,3,192.0
TXN003127,2026-06-06,2,4,1,140.0
TXN003128,2026-06-06,2,35,2,290.0
TXN003128,2026-06-06,2,9,2,80.0
TXN003128,2026-06-06,2,41,2,180.0
TXN003129,2026-06-06,2,17,3,135.0
TXN003130,2026-06-06,2,18,1,20.0
TXN003131,2026-06-06,2,47,3,495.0
TXN003131,2026-06-06,2,9,3,120.0
TXN003133,2026-06-06,2,24,1,50.0
TXN003133,2026-06-06,2,37,1,160.0
TXN003133,2026-06-06,2,39,1,140.0
TXN003133,2026-06-06,2,46,1,48.0
TXN003134,2026-06-06,2,41,1,90.0
TXN003135,2026-06-06,2,4,2,280.0
TXN003135,2026-06-06,2,18,1,20.0
TXN003136,2026-06-06,2,55,2,60.0
TXN003136,2026-06-06,2,9,3,120.0
TXN003137,2026-06-06,2,55,1,30.0
TXN003137,2026-06-06,2,60,1,40.0
TXN003137,2026-06-06,2,9,2,80.0
TXN003138,2026-06-06,2,33,1,85.0
TXN003139,2026-06-06,2,17,3,135.0
TXN003139,2026-06-06,2,13,1,60.0
TXN003139,2026-06-06,2,1,2,128.0
TXN003140,2026-06-06,2,15,1,110.0
TXN003140,2026-06-06,2,60,1,40.0
TXN003140,2026-06-06,2,54,1,35.0
TXN003140,2026-06-06,2,29,1,95.0
TXN003140,2026-06-06,2,30,2,80.0
TXN003141,2026-06-06,2,42,3,1860.0
TXN003142,2026-06-06,2,6,2,60.0
TXN003143,2026-06-06,2,31,1,175.0
TXN003144,2026-06-06,2,3,1,115.0
TXN003144,2026-06-06,2,56,1,120.0
TXN003144,2026-06-06,2,11,1,35.0
TXN003144,2026-06-06,2,48,2,48.0
TXN003145,2026-06-06,2,53,1,40.0
TXN003145,2026-06-06,2,18,1,20.0
TXN003145,2026-06-06,2,5,2,190.0
TXN003145,2026-06-06,2,40,1,65.0
TXN003145,2026-06-06,2,25,2,560.0
TXN003146,2026-06-06,2,33,1,85.0
TXN003148,2026-06-06,2,54,2,70.0
TXN003148,2026-06-06,2,59,2,70.0
TXN003148,2026-06-06,2,26,1,450.0
TXN003148,2026-06-06,2,30,1,40.0
TXN003149,2026-06-06,3,10,1,45.0
TXN003149,2026-06-06,3,6,1,30.0
TXN003149,2026-06-06,3,37,1,160.0
TXN003150,2026-06-06,3,42,2,1240.0
TXN003151,2026-06-06,3,39,2,280.0
TXN003151,2026-06-06,3,50,1,260.0
TXN003152,2026-06-06,3,1,2,128.0
TXN003152,2026-06-06,3,20,1,220.0
TXN003152,2026-06-06,3,42,1,620.0
TXN003153,2026-06-06,3,9,2,80.0
TXN003154,2026-06-06,3,19,1,110.0
TXN003155,2026-06-06,3,43,1,240.0
TXN003155,2026-06-06,3,9,2,80.0
TXN003155,2026-06-06,3,54,1,35.0
TXN003156,2026-06-06,3,7,1,130.0
TXN003157,2026-06-06,3,57,1,90.0
TXN003157,2026-06-06,3,3,1,115.0
TXN003157,2026-06-06,3,48,1,24.0
TXN003158,2026-06-06,3,16,1,120.0
TXN003160,2026-06-06,3,37,1,160.0
TXN003160,2026-06-06,3,25,1,280.0
TXN003160,2026-06-06,3,17,2,90.0
TXN003160,2026-06-06,3,15,3,330.0
TXN003161,2026-06-06,3,12,1,90.0
TXN003161,2026-06-06,3,57,1,90.0
TXN003161,2026-06-06,3,24,1,50.0
TXN003161,2026-06-06,3,43,1,240.0
TXN003162,2026-06-06,3,53,2,80.0
TXN003162,2026-06-06,3,3,1,115.0
TXN003163,2026-06-06,3,46,1,48.0
TXN003164,2026-06-06,3,55,1,30.0
TXN003164,2026-06-06,3,43,1,240.0
TXN003165,2026-06-06,3,24,1,50.0
TXN003165,2026-06-06,3,30,1,40.0
TXN003166,2026-06-06,3,30,1,40.0
TXN003167,2026-06-06,3,47,1,165.0
TXN003167,2026-06-06,3,50,1,260.0
TXN003167,2026-06-06,3,58,1,25.0
TXN003168,2026-06-06,3,24,2,100.0
TXN003168,2026-06-06,3,37,1,160.0
TXN003168,2026-06-06,3,55,1,30.0
TXN003169,2026-06-06,3,5,1,95.0
TXN003169,2026-06-06,3,28,1,75.0
TXN003169,2026-06-06,3,14,1,80.0
TXN003170,2026-06-06,3,24,1,50.0
TXN003170,2026-06-06,3,2,1,35.0
TXN003171,2026-06-06,3,59,2,70.0
TXN003171,2026-06-06,3,33,1,85.0
TXN003171,2026-06-06,3,53,1,40.0
TXN003172,2026-06-06,3,25,2,560.0
TXN003172,2026-06-06,3,26,1,450.0
TXN003172,2026-06-06,3,55,1,30.0
TXN003172,2026-06-06,3,29,2,190.0
TXN003173,2026-06-06,3,9,2,80.0
TXN003173,2026-06-06,3,24,1,50.0
TXN003174,2026-06-06,3,60,1,40.0
TXN003175,2026-06-06,3,17,2,90.0
TXN003176,2026-06-06,3,53,3,120.0
TXN003176,2026-06-06,3,8,1,84.0
TXN003176,2026-06-06,3,50,1,260.0
TXN003177,2026-06-06,3,29,1,95.0
TXN003178,2026-06-06,3,15,1,110.0
TXN003178,2026-06-06,3,7,1,130.0
TXN003179,2026-06-06,3,32,2,240.0
TXN003180,2026-06-06,3,10,1,45.0
TXN003180,2026-06-06,3,60,1,40.0
TXN003181,2026-06-07,1,59,1,35.0
TXN003182,2026-06-07,1,18,2,40.0
TXN003182,2026-06-07,1,11,1,35.0
TXN003182,2026-06-07,1,14,1,80.0
TXN003182,2026-06-07,1,24,2,100.0
TXN003183,2026-06-07,1,17,2,90.0
TXN003183,2026-06-07,1,18,1,20.0
TXN003183,2026-06-07,1,55,1,30.0
TXN003183,2026-06-07,1,44,1,580.0
TXN003184,2026-06-07,1,42,1,620.0
TXN003184,2026-06-07,1,11,2,70.0
TXN003184,2026-06-07,1,56,1,120.0
TXN003185,2026-06-07,1,57,2,180.0
TXN003185,2026-06-07,1,48,3,72.0
TXN003185,2026-06-07,1,53,2,80.0
TXN003186,2026-06-07,1,26,1,450.0
TXN003186,2026-06-07,1,21,1,310.0
TXN003186,2026-06-07,1,27,3,120.0
TXN003187,2026-06-07,1,60,2,80.0
TXN003188,2026-06-07,1,53,2,80.0
TXN003188,2026-06-07,1,10,1,45.0
TXN003188,2026-06-07,1,29,2,190.0
TXN003189,2026-06-07,1,43,1,240.0
TXN003189,2026-06-07,1,2,2,70.0
TXN003189,2026-06-07,1,59,1,35.0
TXN003189,2026-06-07,1,10,1,45.0
TXN003191,2026-06-07,1,28,1,75.0
TXN003192,2026-06-07,1,45,2,270.0
TXN003192,2026-06-07,1,51,2,360.0
TXN003192,2026-06-07,1,8,3,252.0
TXN003192,2026-06-07,1,50,2,520.0
TXN003193,2026-06-07,1,11,1,35.0
TXN003193,2026-06-07,1,59,1,35.0
TXN003193,2026-06-07,1,13,2,120.0
TXN003194,2026-06-07,1,50,2,520.0
TXN003194,2026-06-07,1,12,1,90.0
TXN003194,2026-06-07,1,47,1,165.0
TXN003195,2026-06-07,1,23,1,25.0
TXN003195,2026-06-07,1,9,1,40.0
TXN003196,2026-06-07,1,53,2,80.0
TXN003196,2026-06-07,1,58,1,25.0
TXN003196,2026-06-07,1,56,1,120.0
TXN003197,2026-06-07,1,15,2,220.0
TXN003197,2026-06-07,1,45,2,270.0
TXN003197,2026-06-07,1,13,1,60.0
TXN003198,2026-06-07,1,45,2,270.0
TXN003198,2026-06-07,1,54,2,70.0
TXN003198,2026-06-07,1,51,2,360.0
TXN003199,2026-06-07,1,6,2,60.0
TXN003199,2026-06-07,1,33,1,85.0
TXN003199,2026-06-07,1,23,1,25.0
TXN003199,2026-06-07,1,3,2,230.0
TXN003200,2026-06-07,1,33,2,170.0
TXN003201,2026-06-07,1,39,1,140.0
TXN003202,2026-06-07,1,52,1,50.0
TXN003202,2026-06-07,1,11,1,35.0
TXN003202,2026-06-07,1,54,1,35.0
TXN003202,2026-06-07,1,55,2,60.0
TXN003202,2026-06-07,1,13,1,60.0
TXN003203,2026-06-07,1,15,2,220.0
TXN003203,2026-06-07,1,58,2,50.0
TXN003203,2026-06-07,1,36,2,210.0
TXN003204,2026-06-07,1,60,1,40.0
TXN003204,2026-06-07,1,46,1,48.0
TXN003204,2026-06-07,1,49,1,85.0
TXN003204,2026-06-07,1,17,3,135.0
TXN003205,2026-06-07,1,49,1,85.0
TXN003205,2026-06-07,1,17,3,135.0
TXN003205,2026-06-07,1,9,4,160.0
TXN003205,2026-06-07,1,10,2,90.0
TXN003206,2026-06-07,1,10,2,90.0
TXN003206,2026-06-07,1,11,1,35.0
TXN003207,2026-06-07,1,49,1,85.0
TXN003208,2026-06-07,1,19,2,220.0
TXN003208,2026-06-07,1,17,3,135.0
TXN003208,2026-06-07,1,10,1,45.0
TXN003208,2026-06-07,1,23,1,25.0
TXN003208,2026-06-07,1,36,2,210.0
TXN003209,2026-06-07,1,47,2,330.0
TXN003210,2026-06-07,1,12,1,90.0
TXN003210,2026-06-07,1,53,2,80.0
TXN003210,2026-06-07,1,57,1,90.0
TXN003210,2026-06-07,1,40,1,65.0
TXN003211,2026-06-07,1,16,2,240.0
TXN003211,2026-06-07,1,54,2,70.0
TXN003211,2026-06-07,1,41,1,90.0
TXN003212,2026-06-07,1,35,1,145.0
TXN003213,2026-06-07,1,18,1,20.0
TXN003214,2026-06-07,1,7,2,260.0
TXN003214,2026-06-07,1,53,3,120.0
TXN003214,2026-06-07,1,16,2,240.0
TXN003215,2026-06-07,1,55,3,90.0
TXN003215,2026-06-07,1,36,2,210.0
TXN003216,2026-06-07,1,21,2,620.0
TXN003216,2026-06-07,1,10,2,90.0
TXN003216,2026-06-07,1,1,3,192.0
TXN003216,2026-06-07,1,57,2,180.0
TXN003216,2026-06-07,1,43,1,240.0
TXN003217,2026-06-07,1,15,1,110.0
TXN003217,2026-06-07,1,54,1,35.0
TXN003217,2026-06-07,1,47,2,330.0
TXN003218,2026-06-07,1,51,2,360.0
TXN003218,2026-06-07,1,31,1,175.0
TXN003218,2026-06-07,1,3,1,115.0
TXN003219,2026-06-07,1,60,1,40.0
TXN003220,2026-06-07,1,47,2,330.0
TXN003220,2026-06-07,1,18,1,20.0
TXN003220,2026-06-07,1,5,1,95.0
TXN003222,2026-06-07,1,14,1,80.0
TXN003222,2026-06-07,1,21,1,310.0
TXN003222,2026-06-07,1,29,2,190.0
TXN003222,2026-06-07,1,36,2,210.0
TXN003223,2026-06-07,1,17,2,90.0
TXN003224,2026-06-07,1,28,1,75.0
TXN003224,2026-06-07,1,11,1,35.0
TXN003225,2026-06-07,1,7,2,260.0
TXN003225,2026-06-07,1,9,3,120.0
TXN003225,2026-06-07,1,47,2,330.0
TXN003225,2026-06-07,1,43,1,240.0
TXN003226,2026-06-07,1,40,1,65.0
TXN003226,2026-06-07,1,26,1,450.0
TXN003226,2026-06-07,1,30,1,40.0
TXN003227,2026-06-07,1,5,1,95.0
TXN003228,2026-06-07,1,6,2,60.0
TXN003228,2026-06-07,1,52,1,50.0
TXN003229,2026-06-07,1,29,1,95.0
TXN003229,2026-06-07,1,42,1,620.0
TXN003230,2026-06-07,1,22,2,60.0
TXN003230,2026-06-07,1,45,1,135.0
TXN003231,2026-06-07,1,41,1,90.0
TXN003232,2026-06-07,1,13,2,120.0
TXN003232,2026-06-07,1,8,2,168.0
TXN003232,2026-06-07,1,39,1,140.0
TXN003233,2026-06-07,1,44,1,580.0
TXN003233,2026-06-07,1,47,2,330.0
TXN003233,2026-06-07,1,51,2,360.0
TXN003233,2026-06-07,1,38,1,210.0
TXN003233,2026-06-07,1,41,1,90.0
TXN003234,2026-06-07,1,23,2,50.0
TXN003234,2026-06-07,1,54,1,35.0
TXN003234,2026-06-07,1,2,2,70.0
TXN003234,2026-06-07,1,50,1,260.0
TXN003235,2026-06-07,1,31,1,175.0
TXN003235,2026-06-07,1,1,2,128.0
TXN003235,2026-06-07,1,46,3,144.0
TXN003236,2026-06-07,1,35,2,290.0
TXN003236,2026-06-07,1,43,1,240.0
TXN003237,2026-06-07,2,57,1,90.0
TXN003237,2026-06-07,2,6,2,60.0
TXN003237,2026-06-07,2,27,1,40.0
TXN003238,2026-06-07,2,28,1,75.0
TXN003238,2026-06-07,2,45,2,270.0
TXN003238,2026-06-07,2,3,1,115.0
TXN003239,2026-06-07,2,45,2,270.0
TXN003239,2026-06-07,2,15,1,110.0
TXN003240,2026-06-07,2,37,1,160.0
TXN003240,2026-06-07,2,28,1,75.0
TXN003241,2026-06-07,2,42,2,1240.0
TXN003241,2026-06-07,2,23,1,25.0
TXN003241,2026-06-07,2,9,3,120.0
TXN003241,2026-06-07,2,37,1,160.0
TXN003241,2026-06-07,2,45,1,135.0
TXN003242,2026-06-07,2,12,2,180.0
TXN003243,2026-06-07,2,23,1,25.0
TXN003243,2026-06-07,2,8,1,84.0
TXN003244,2026-06-07,2,6,1,30.0
TXN003244,2026-06-07,2,55,1,30.0
TXN003245,2026-06-07,2,40,1,65.0
TXN003245,2026-06-07,2,55,1,30.0
TXN003245,2026-06-07,2,36,1,105.0
TXN003245,2026-06-07,2,54,1,35.0
TXN003246,2026-06-07,2,22,2,60.0
TXN003247,2026-06-07,2,48,1,24.0
TXN003248,2026-06-07,2,8,1,84.0
TXN003248,2026-06-07,2,26,1,450.0
TXN003249,2026-06-07,2,16,1,120.0
TXN003249,2026-06-07,2,54,2,70.0
TXN003249,2026-06-07,2,46,2,96.0
TXN003249,2026-06-07,2,55,3,90.0
TXN003249,2026-06-07,2,17,3,135.0
TXN003250,2026-06-07,2,49,1,85.0
TXN003250,2026-06-07,2,54,1,35.0
TXN003250,2026-06-07,2,43,1,240.0
TXN003250,2026-06-07,2,45,1,135.0
TXN003251,2026-06-07,2,47,2,330.0
TXN003251,2026-06-07,2,14,1,80.0
TXN003252,2026-06-07,2,7,1,130.0
TXN003252,2026-06-07,2,16,1,120.0
TXN003252,2026-06-07,2,11,1,35.0
TXN003253,2026-06-07,2,45,2,270.0
TXN003254,2026-06-07,2,31,1,175.0
TXN003255,2026-06-07,2,23,2,50.0
TXN003255,2026-06-07,2,13,1,60.0
TXN003255,2026-06-07,2,46,2,96.0
TXN003256,2026-06-07,2,3,1,115.0
TXN003256,2026-06-07,2,16,1,120.0
TXN003257,2026-06-07,2,28,1,75.0
TXN003257,2026-06-07,2,55,2,60.0
TXN003257,2026-06-07,2,20,1,220.0
TXN003257,2026-06-07,2,25,1,280.0
TXN003257,2026-06-07,2,60,1,40.0
TXN003258,2026-06-07,2,7,2,260.0
TXN003258,2026-06-07,2,9,3,120.0
TXN003259,2026-06-07,2,46,2,96.0
TXN003259,2026-06-07,2,39,1,140.0
TXN003260,2026-06-07,2,1,3,192.0
TXN003260,2026-06-07,2,36,2,210.0
TXN003260,2026-06-07,2,28,1,75.0
TXN003260,2026-06-07,2,52,1,50.0
TXN003261,2026-06-07,2,36,2,210.0
TXN003261,2026-06-07,2,20,1,220.0
TXN003262,2026-06-07,2,5,1,95.0
TXN003263,2026-06-07,2,60,1,40.0
TXN003263,2026-06-07,2,35,1,145.0
TXN003264,2026-06-07,2,19,1,110.0
TXN003264,2026-06-07,2,57,2,180.0
TXN003265,2026-06-07,2,60,1,40.0
TXN003265,2026-06-07,2,43,1,240.0
TXN003267,2026-06-07,2,2,1,35.0
TXN003268,2026-06-07,2,15,1,110.0
TXN003268,2026-06-07,2,43,1,240.0
TXN003268,2026-06-07,2,29,1,95.0
TXN003269,2026-06-07,2,51,1,180.0
TXN003269,2026-06-07,2,53,2,80.0
TXN003269,2026-06-07,2,35,1,145.0
TXN003269,2026-06-07,2,54,2,70.0
TXN003270,2026-06-07,2,46,1,48.0
TXN003270,2026-06-07,2,10,1,45.0
TXN003271,2026-06-07,2,4,2,280.0
TXN003271,2026-06-07,2,10,2,90.0
TXN003271,2026-06-07,2,52,1,50.0
TXN003271,2026-06-07,2,42,2,1240.0
TXN003272,2026-06-07,2,20,1,220.0
TXN003273,2026-06-07,2,4,1,140.0
TXN003273,2026-06-07,2,15,1,110.0
TXN003274,2026-06-07,2,53,1,40.0
TXN003275,2026-06-07,2,49,1,85.0
TXN003275,2026-06-07,2,22,1,30.0
TXN003275,2026-06-07,2,56,1,120.0
TXN003276,2026-06-07,2,40,1,65.0
TXN003276,2026-06-07,2,51,2,360.0
TXN003277,2026-06-07,2,22,2,60.0
TXN003278,2026-06-07,2,14,1,80.0
TXN003279,2026-06-07,2,15,1,110.0
TXN003280,2026-06-07,2,17,2,90.0
TXN003280,2026-06-07,2,27,2,80.0
TXN003281,2026-06-07,2,43,2,480.0
TXN003282,2026-06-07,2,53,1,40.0
TXN003282,2026-06-07,2,1,3,192.0
TXN003283,2026-06-07,3,40,1,65.0
TXN003283,2026-06-07,3,23,2,50.0
TXN003283,2026-06-07,3,49,1,85.0
TXN003283,2026-06-07,3,53,2,80.0
TXN003283,2026-06-07,3,21,1,310.0
TXN003284,2026-06-07,3,59,1,35.0
TXN003284,2026-06-07,3,15,1,110.0
TXN003285,2026-06-07,3,53,1,40.0
TXN003285,2026-06-07,3,32,1,120.0
TXN003285,2026-06-07,3,11,1,35.0
TXN003286,2026-06-07,3,9,2,80.0
TXN003287,2026-06-07,3,52,2,100.0
TXN003287,2026-06-07,3,48,2,48.0
TXN003287,2026-06-07,3,59,1,35.0
TXN003287,2026-06-07,3,50,1,260.0
TXN003287,2026-06-07,3,2,1,35.0
TXN003288,2026-06-07,3,4,1,140.0
TXN003288,2026-06-07,3,29,2,190.0
TXN003288,2026-06-07,3,53,1,40.0
TXN003289,2026-06-07,3,57,1,90.0
TXN003289,2026-06-07,3,35,2,290.0
TXN003290,2026-06-07,3,21,1,310.0
TXN003290,2026-06-07,3,53,2,80.0
TXN003290,2026-06-07,3,17,3,135.0
TXN003291,2026-06-07,3,25,1,280.0
TXN003292,2026-06-07,3,10,1,45.0
TXN003292,2026-06-07,3,51,1,180.0
TXN003292,2026-06-07,3,31,1,175.0
TXN003293,2026-06-07,3,21,2,620.0
TXN003293,2026-06-07,3,39,1,140.0
TXN003294,2026-06-07,3,49,1,85.0
TXN003295,2026-06-07,3,16,1,120.0
TXN003295,2026-06-07,3,32,2,240.0
TXN003296,2026-06-07,3,50,1,260.0
TXN003296,2026-06-07,3,5,1,95.0
TXN003296,2026-06-07,3,51,2,360.0
TXN003296,2026-06-07,3,12,1,90.0
TXN003296,2026-06-07,3,7,1,130.0
TXN003297,2026-06-07,3,45,1,135.0
TXN003297,2026-06-07,3,36,2,210.0
TXN003298,2026-06-07,3,43,2,480.0
TXN003300,2026-06-07,3,56,1,120.0
TXN003301,2026-06-07,3,52,1,50.0
TXN003302,2026-06-07,3,10,2,90.0
TXN003303,2026-06-07,3,17,1,45.0
TXN003303,2026-06-07,3,45,2,270.0
TXN003303,2026-06-07,3,23,1,25.0
TXN003303,2026-06-07,3,12,1,90.0
TXN003304,2026-06-07,3,25,1,280.0
TXN003304,2026-06-07,3,48,2,48.0
TXN003304,2026-06-07,3,17,3,135.0
TXN003304,2026-06-07,3,16,1,120.0
TXN003305,2026-06-07,3,10,1,45.0
TXN003305,2026-06-07,3,8,2,168.0
TXN003305,2026-06-07,3,25,2,560.0
TXN003306,2026-06-07,3,57,2,180.0
TXN003306,2026-06-07,3,42,1,620.0
TXN003307,2026-06-07,3,45,1,135.0
TXN003308,2026-06-07,3,29,2,190.0
TXN003309,2026-06-07,3,32,1,120.0
TXN003309,2026-06-07,3,33,1,85.0
TXN003309,2026-06-07,3,39,1,140.0
TXN003309,2026-06-07,3,38,1,210.0
TXN003309,2026-06-07,3,60,1,40.0
TXN003310,2026-06-07,3,44,1,580.0
TXN003310,2026-06-07,3,25,2,560.0
TXN003310,2026-06-07,3,50,1,260.0
TXN003310,2026-06-07,3,23,1,25.0
TXN003311,2026-06-07,3,45,2,270.0
TXN003311,2026-06-07,3,58,1,25.0
TXN003313,2026-06-07,3,12,1,90.0
TXN003314,2026-06-07,3,51,1,180.0
TXN003314,2026-06-07,3,11,1,35.0
TXN003315,2026-06-07,3,35,1,145.0
TXN003315,2026-06-07,3,6,1,30.0
TXN003315,2026-06-07,3,10,1,45.0
TXN003316,2026-06-07,3,37,1,160.0
TXN003316,2026-06-07,3,47,1,165.0
TXN003316,2026-06-07,3,60,1,40.0
TXN003317,2026-06-07,3,60,1,40.0
TXN003317,2026-06-07,3,56,1,120.0
TXN003317,2026-06-07,3,50,1,260.0
TXN003318,2026-06-07,3,15,1,110.0
TXN003318,2026-06-07,3,16,1,120.0
TXN003318,2026-06-07,3,30,1,40.0
TXN003319,2026-06-07,3,47,2,330.0
TXN003319,2026-06-07,3,19,1,110.0
TXN003319,2026-06-07,3,43,1,240.0
TXN003319,2026-06-07,3,49,1,85.0
TXN003320,2026-06-07,3,22,1,30.0
TXN003320,2026-06-07,3,7,2,260.0
TXN003320,2026-06-07,3,13,1,60.0
TXN003320,2026-06-07,3,14,1,80.0
TXN003320,2026-06-07,3,47,1,165.0
TXN003321,2026-06-07,3,35,1,145.0
TXN003321,2026-06-07,3,55,1,30.0
TXN003322,2026-06-07,3,12,1,90.0
TXN003323,2026-06-08,1,24,1,50.0
TXN003324,2026-06-08,1,33,2,170.0
TXN003324,2026-06-08,1,43,1,240.0
TXN003325,2026-06-08,1,27,1,40.0
TXN003325,2026-06-08,1,35,1,145.0
TXN003325,2026-06-08,1,32,1,120.0
TXN003326,2026-06-08,1,35,2,290.0
TXN003326,2026-06-08,1,4,1,140.0
TXN003328,2026-06-08,1,12,2,180.0
TXN003329,2026-06-08,1,21,1,310.0
TXN003329,2026-06-08,1,48,3,72.0
TXN003329,2026-06-08,1,25,1,280.0
TXN003329,2026-06-08,1,41,1,90.0
TXN003330,2026-06-08,1,39,1,140.0
TXN003331,2026-06-08,1,43,1,240.0
TXN003331,2026-06-08,1,8,1,84.0
TXN003332,2026-06-08,1,52,1,50.0
TXN003332,2026-06-08,1,10,1,45.0
TXN003332,2026-06-08,1,12,1,90.0
TXN003332,2026-06-08,1,5,1,95.0
TXN003333,2026-06-08,1,17,2,90.0
TXN003335,2026-06-08,1,45,2,270.0
TXN003335,2026-06-08,1,8,2,168.0
TXN003335,2026-06-08,1,6,2,60.0
TXN003336,2026-06-08,1,39,1,140.0
TXN003336,2026-06-08,1,18,1,20.0
TXN003336,2026-06-08,1,45,1,135.0
TXN003337,2026-06-08,1,4,1,140.0
TXN003338,2026-06-08,1,2,2,70.0
TXN003338,2026-06-08,1,48,2,48.0
TXN003338,2026-06-08,1,45,1,135.0
TXN003339,2026-06-08,1,35,1,145.0
TXN003339,2026-06-08,1,22,2,60.0
TXN003340,2026-06-08,1,1,3,192.0
TXN003341,2026-06-08,1,41,1,90.0
TXN003341,2026-06-08,1,21,2,620.0
TXN003342,2026-06-08,1,46,1,48.0
TXN003342,2026-06-08,1,1,2,128.0
TXN003342,2026-06-08,1,23,2,50.0
TXN003342,2026-06-08,1,36,1,105.0
TXN003343,2026-06-08,1,50,1,260.0
TXN003343,2026-06-08,1,40,1,65.0
TXN003343,2026-06-08,1,4,1,140.0
TXN003343,2026-06-08,1,29,1,95.0
TXN003344,2026-06-08,1,55,1,30.0
TXN003345,2026-06-08,1,40,1,65.0
TXN003345,2026-06-08,1,58,1,25.0
TXN003345,2026-06-08,1,25,1,280.0
TXN003345,2026-06-08,1,51,1,180.0
TXN003346,2026-06-08,1,22,2,60.0
TXN003346,2026-06-08,1,8,2,168.0
TXN003347,2026-06-08,1,20,1,220.0
TXN003347,2026-06-08,1,50,1,260.0
TXN003347,2026-06-08,1,7,1,130.0
TXN003347,2026-06-08,1,1,1,64.0
TXN003347,2026-06-08,1,5,1,95.0
TXN003348,2026-06-08,1,10,2,90.0
TXN003348,2026-06-08,1,35,1,145.0
TXN003348,2026-06-08,1,55,2,60.0
TXN003351,2026-06-08,1,32,2,240.0
TXN003351,2026-06-08,1,25,2,560.0
TXN003351,2026-06-08,1,7,2,260.0
TXN003351,2026-06-08,1,42,1,620.0
TXN003352,2026-06-08,1,1,1,64.0
TXN003352,2026-06-08,1,41,1,90.0
TXN003353,2026-06-08,1,55,1,30.0
TXN003354,2026-06-08,1,16,1,120.0
TXN003354,2026-06-08,1,50,1,260.0
TXN003355,2026-06-08,1,59,1,35.0
TXN003355,2026-06-08,1,45,2,270.0
TXN003355,2026-06-08,1,8,1,84.0
TXN003356,2026-06-08,1,45,1,135.0
TXN003357,2026-06-08,1,48,3,72.0
TXN003357,2026-06-08,1,44,1,580.0
TXN003358,2026-06-08,1,45,1,135.0
TXN003359,2026-06-08,2,40,1,65.0
TXN003360,2026-06-08,2,21,2,620.0
TXN003360,2026-06-08,2,29,1,95.0
TXN003361,2026-06-08,2,37,1,160.0
TXN003361,2026-06-08,2,58,2,50.0
TXN003361,2026-06-08,2,22,2,60.0
TXN003362,2026-06-08,2,9,2,80.0
TXN003363,2026-06-08,2,10,1,45.0
TXN003363,2026-06-08,2,40,1,65.0
TXN003363,2026-06-08,2,27,1,40.0
TXN003364,2026-06-08,2,40,2,130.0
TXN003364,2026-06-08,2,26,1,450.0
TXN003364,2026-06-08,2,32,1,120.0
TXN003364,2026-06-08,2,36,1,105.0
TXN003365,2026-06-08,2,55,3,90.0
TXN003365,2026-06-08,2,37,1,160.0
TXN003366,2026-06-08,2,52,1,50.0
TXN003366,2026-06-08,2,33,1,85.0
TXN003366,2026-06-08,2,55,2,60.0
TXN003366,2026-06-08,2,8,1,84.0
TXN003367,2026-06-08,2,47,1,165.0
TXN003368,2026-06-08,2,50,1,260.0
TXN003368,2026-06-08,2,38,1,210.0
TXN003368,2026-06-08,2,35,1,145.0
TXN003369,2026-06-08,2,43,1,240.0
TXN003369,2026-06-08,2,41,1,90.0
TXN003369,2026-06-08,2,33,1,85.0
TXN003369,2026-06-08,2,52,1,50.0
TXN003370,2026-06-08,2,9,2,80.0
TXN003370,2026-06-08,2,30,1,40.0
TXN003370,2026-06-08,2,3,1,115.0
TXN003371,2026-06-08,2,54,1,35.0
TXN003372,2026-06-08,2,23,1,25.0
TXN003372,2026-06-08,2,7,2,260.0
TXN003373,2026-06-08,2,36,1,105.0
TXN003373,2026-06-08,2,13,1,60.0
TXN003373,2026-06-08,2,56,1,120.0
TXN003373,2026-06-08,2,43,1,240.0
TXN003374,2026-06-08,2,40,1,65.0
TXN003376,2026-06-08,2,1,3,192.0
TXN003376,2026-06-08,2,10,2,90.0
TXN003377,2026-06-08,2,1,2,128.0
TXN003377,2026-06-08,2,4,1,140.0
TXN003378,2026-06-08,2,47,1,165.0
TXN003378,2026-06-08,2,25,1,280.0
TXN003378,2026-06-08,2,49,2,170.0
TXN003379,2026-06-08,2,42,1,620.0
TXN003379,2026-06-08,2,14,2,160.0
TXN003380,2026-06-08,2,19,1,110.0
TXN003380,2026-06-08,2,7,1,130.0
TXN003380,2026-06-08,2,36,1,105.0
TXN003380,2026-06-08,2,17,2,90.0
TXN003381,2026-06-08,2,28,1,75.0
TXN003381,2026-06-08,2,29,1,95.0
TXN003383,2026-06-08,2,42,2,1240.0
TXN003383,2026-06-08,2,52,1,50.0
TXN003383,2026-06-08,2,3,1,115.0
TXN003384,2026-06-08,2,4,1,140.0
TXN003385,2026-06-08,2,18,1,20.0
TXN003385,2026-06-08,2,59,2,70.0
TXN003386,2026-06-08,2,9,2,80.0
TXN003386,2026-06-08,2,39,1,140.0
TXN003387,2026-06-08,2,53,2,80.0
TXN003387,2026-06-08,2,59,1,35.0
TXN003387,2026-06-08,2,24,1,50.0
TXN003387,2026-06-08,2,11,1,35.0
TXN003388,2026-06-08,2,21,1,310.0
TXN003389,2026-06-08,2,40,1,65.0
TXN003389,2026-06-08,2,39,1,140.0
TXN003390,2026-06-08,2,12,1,90.0
TXN003390,2026-06-08,2,55,2,60.0
TXN003391,2026-06-08,2,16,1,120.0
TXN003391,2026-06-08,2,60,1,40.0
TXN003392,2026-06-08,2,31,1,175.0
TXN003392,2026-06-08,2,58,1,25.0
TXN003392,2026-06-08,2,25,1,280.0
TXN003393,2026-06-08,2,28,1,75.0
TXN003394,2026-06-08,2,55,1,30.0
TXN003395,2026-06-08,2,1,2,128.0
TXN003396,2026-06-08,3,22,1,30.0
TXN003396,2026-06-08,3,47,1,165.0
TXN003396,2026-06-08,3,23,1,25.0
TXN003397,2026-06-08,3,4,1,140.0
TXN003397,2026-06-08,3,1,2,128.0
TXN003397,2026-06-08,3,48,2,48.0
TXN003397,2026-06-08,3,16,2,240.0
TXN003398,2026-06-08,3,16,2,240.0
TXN003398,2026-06-08,3,60,2,80.0
TXN003398,2026-06-08,3,41,1,90.0
TXN003399,2026-06-08,3,47,1,165.0
TXN003399,2026-06-08,3,16,1,120.0
TXN003399,2026-06-08,3,23,2,50.0
TXN003399,2026-06-08,3,36,2,210.0
TXN003400,2026-06-08,3,11,1,35.0
TXN003400,2026-06-08,3,54,2,70.0
TXN003401,2026-06-08,3,7,1,130.0
TXN003401,2026-06-08,3,8,1,84.0
TXN003402,2026-06-08,3,29,2,190.0
TXN003404,2026-06-08,3,24,1,50.0
TXN003405,2026-06-08,3,6,1,30.0
TXN003405,2026-06-08,3,17,1,45.0
TXN003406,2026-06-08,3,23,1,25.0
TXN003406,2026-06-08,3,50,1,260.0
TXN003407,2026-06-08,3,47,1,165.0
TXN003407,2026-06-08,3,48,2,48.0
TXN003407,2026-06-08,3,19,1,110.0
TXN003408,2026-06-08,3,30,1,40.0
TXN003408,2026-06-08,3,17,2,90.0
TXN003408,2026-06-08,3,55,2,60.0
TXN003409,2026-06-08,3,2,1,35.0
TXN003409,2026-06-08,3,15,1,110.0
TXN003409,2026-06-08,3,8,1,84.0
TXN003410,2026-06-08,3,33,1,85.0
TXN003411,2026-06-08,3,23,1,25.0
TXN003412,2026-06-08,3,1,1,64.0
TXN003412,2026-06-08,3,19,1,110.0
TXN003412,2026-06-08,3,53,1,40.0
TXN003413,2026-06-08,3,29,1,95.0
TXN003414,2026-06-08,3,54,1,35.0
TXN003415,2026-06-08,3,7,1,130.0
TXN003415,2026-06-08,3,33,1,85.0
TXN003415,2026-06-08,3,56,1,120.0
TXN003416,2026-06-08,3,6,1,30.0
TXN003416,2026-06-08,3,48,2,48.0
TXN003418,2026-06-08,3,9,3,120.0
TXN003418,2026-06-08,3,37,1,160.0
TXN003419,2026-06-08,3,4,1,140.0
TXN003421,2026-06-09,1,15,1,110.0
TXN003421,2026-06-09,1,2,2,70.0
TXN003422,2026-06-09,1,11,1,35.0
TXN003422,2026-06-09,1,7,2,260.0
TXN003422,2026-06-09,1,46,1,48.0
TXN003423,2026-06-09,1,42,1,620.0
TXN003423,2026-06-09,1,19,1,110.0
TXN003424,2026-06-09,1,50,2,520.0
TXN003424,2026-06-09,1,49,1,85.0
TXN003425,2026-06-09,1,53,2,80.0
TXN003425,2026-06-09,1,57,1,90.0
TXN003426,2026-06-09,1,23,2,50.0
TXN003426,2026-06-09,1,49,2,170.0
TXN003426,2026-06-09,1,34,1,190.0
TXN003426,2026-06-09,1,9,3,120.0
TXN003426,2026-06-09,1,48,2,48.0
TXN003427,2026-06-09,1,47,2,330.0
TXN003427,2026-06-09,1,39,2,280.0
TXN003428,2026-06-09,1,35,1,145.0
TXN003429,2026-06-09,1,30,2,80.0
TXN003430,2026-06-09,1,20,1,220.0
TXN003430,2026-06-09,1,59,1,35.0
TXN003430,2026-06-09,1,17,2,90.0
TXN003430,2026-06-09,1,60,2,80.0
TXN003431,2026-06-09,1,32,1,120.0
TXN003431,2026-06-09,1,49,1,85.0
TXN003431,2026-06-09,1,11,1,35.0
TXN003432,2026-06-09,1,41,1,90.0
TXN003432,2026-06-09,1,2,2,70.0
TXN003433,2026-06-09,1,55,2,60.0
TXN003433,2026-06-09,1,35,1,145.0
TXN003433,2026-06-09,1,8,2,168.0
TXN003433,2026-06-09,1,50,1,260.0
TXN003434,2026-06-09,1,6,3,90.0
TXN003434,2026-06-09,1,18,1,20.0
TXN003434,2026-06-09,1,59,1,35.0
TXN003435,2026-06-09,1,55,2,60.0
TXN003435,2026-06-09,1,54,1,35.0
TXN003435,2026-06-09,1,7,2,260.0
TXN003436,2026-06-09,1,15,2,220.0
TXN003436,2026-06-09,1,53,2,80.0
TXN003436,2026-06-09,1,51,1,180.0
TXN003436,2026-06-09,1,24,1,50.0
TXN003437,2026-06-09,1,49,1,85.0
TXN003439,2026-06-09,1,9,3,120.0
TXN003439,2026-06-09,1,44,1,580.0
TXN003440,2026-06-09,1,16,1,120.0
TXN003440,2026-06-09,1,51,3,540.0
TXN003440,2026-06-09,1,38,1,210.0
TXN003440,2026-06-09,1,6,1,30.0
TXN003440,2026-06-09,1,1,2,128.0
TXN003441,2026-06-09,1,42,1,620.0
TXN003441,2026-06-09,1,56,1,120.0
TXN003442,2026-06-09,1,4,1,140.0
TXN003442,2026-06-09,1,45,2,270.0
TXN003444,2026-06-09,1,4,1,140.0
TXN003444,2026-06-09,1,57,2,180.0
TXN003444,2026-06-09,1,9,2,80.0
TXN003445,2026-06-09,1,60,1,40.0
TXN003445,2026-06-09,1,45,2,270.0
TXN003445,2026-06-09,1,51,1,180.0
TXN003446,2026-06-09,1,49,1,85.0
TXN003446,2026-06-09,1,26,1,450.0
TXN003446,2026-06-09,1,9,3,120.0
TXN003446,2026-06-09,1,59,1,35.0
TXN003447,2026-06-09,1,23,1,25.0
TXN003448,2026-06-09,1,41,2,180.0
TXN003449,2026-06-09,1,35,2,290.0
TXN003449,2026-06-09,1,21,1,310.0
TXN003450,2026-06-09,1,29,2,190.0
TXN003450,2026-06-09,1,43,2,480.0
TXN003450,2026-06-09,1,16,2,240.0
TXN003451,2026-06-09,2,16,1,120.0
TXN003451,2026-06-09,2,32,2,240.0
TXN003451,2026-06-09,2,37,1,160.0
TXN003453,2026-06-09,2,32,1,120.0
TXN003453,2026-06-09,2,12,1,90.0
TXN003453,2026-06-09,2,30,1,40.0
TXN003454,2026-06-09,2,27,2,80.0
TXN003454,2026-06-09,2,1,2,128.0
TXN003454,2026-06-09,2,22,1,30.0
TXN003454,2026-06-09,2,59,2,70.0
TXN003455,2026-06-09,2,5,1,95.0
TXN003455,2026-06-09,2,53,1,40.0
TXN003455,2026-06-09,2,46,1,48.0
TXN003456,2026-06-09,2,40,1,65.0
TXN003457,2026-06-09,2,41,1,90.0
TXN003457,2026-06-09,2,14,2,160.0
TXN003458,2026-06-09,2,27,2,80.0
TXN003458,2026-06-09,2,54,1,35.0
TXN003458,2026-06-09,2,17,2,90.0
TXN003459,2026-06-09,2,35,1,145.0
TXN003459,2026-06-09,2,1,2,128.0
TXN003459,2026-06-09,2,9,2,80.0
TXN003459,2026-06-09,2,32,1,120.0
TXN003459,2026-06-09,2,14,1,80.0
TXN003460,2026-06-09,2,7,1,130.0
TXN003460,2026-06-09,2,17,2,90.0
TXN003461,2026-06-09,2,2,1,35.0
TXN003462,2026-06-09,2,27,1,40.0
TXN003463,2026-06-09,2,41,1,90.0
TXN003463,2026-06-09,2,45,2,270.0
TXN003463,2026-06-09,2,59,1,35.0
TXN003463,2026-06-09,2,1,2,128.0
TXN003464,2026-06-09,2,18,1,20.0
TXN003464,2026-06-09,2,21,1,310.0
TXN003465,2026-06-09,2,58,1,25.0
TXN003466,2026-06-09,2,30,1,40.0
TXN003467,2026-06-09,2,52,1,50.0
TXN003467,2026-06-09,2,36,2,210.0
TXN003467,2026-06-09,2,8,2,168.0
TXN003467,2026-06-09,2,51,2,360.0
TXN003469,2026-06-09,2,14,1,80.0
TXN003471,2026-06-09,2,47,1,165.0
TXN003471,2026-06-09,2,15,1,110.0
TXN003472,2026-06-09,2,29,2,190.0
TXN003472,2026-06-09,2,1,3,192.0
TXN003472,2026-06-09,2,54,2,70.0
TXN003472,2026-06-09,2,17,1,45.0
TXN003474,2026-06-09,2,53,1,40.0
TXN003476,2026-06-09,2,17,2,90.0
TXN003476,2026-06-09,2,51,3,540.0
TXN003477,2026-06-09,2,42,2,1240.0
TXN003479,2026-06-09,2,29,1,95.0
TXN003479,2026-06-09,2,30,2,80.0
TXN003479,2026-06-09,2,9,2,80.0
TXN003480,2026-06-09,2,2,2,70.0
TXN003481,2026-06-09,2,54,1,35.0
TXN003481,2026-06-09,2,46,1,48.0
TXN003481,2026-06-09,2,18,1,20.0
TXN003481,2026-06-09,2,7,2,260.0
TXN003482,2026-06-09,2,4,1,140.0
TXN003483,2026-06-09,2,46,1,48.0
TXN003483,2026-06-09,2,7,1,130.0
TXN003484,2026-06-09,2,10,1,45.0
TXN003484,2026-06-09,2,48,1,24.0
TXN003484,2026-06-09,2,25,1,280.0
TXN003484,2026-06-09,2,17,2,90.0
TXN003485,2026-06-09,2,54,1,35.0
TXN003485,2026-06-09,2,20,1,220.0
TXN003485,2026-06-09,2,51,2,360.0
TXN003485,2026-06-09,2,10,1,45.0
TXN003486,2026-06-09,2,12,1,90.0
TXN003486,2026-06-09,2,27,2,80.0
TXN003487,2026-06-09,2,20,1,220.0
TXN003487,2026-06-09,2,25,1,280.0
TXN003488,2026-06-09,3,45,1,135.0
TXN003488,2026-06-09,3,42,1,620.0
TXN003488,2026-06-09,3,11,1,35.0
TXN003491,2026-06-09,3,1,2,128.0
TXN003492,2026-06-09,3,30,1,40.0
TXN003492,2026-06-09,3,39,1,140.0
TXN003493,2026-06-09,3,22,1,30.0
TXN003493,2026-06-09,3,52,1,50.0
TXN003494,2026-06-09,3,14,1,80.0
TXN003494,2026-06-09,3,30,2,80.0
TXN003494,2026-06-09,3,6,1,30.0
TXN003495,2026-06-09,3,35,1,145.0
TXN003495,2026-06-09,3,53,1,40.0
TXN003496,2026-06-09,3,57,1,90.0
TXN003496,2026-06-09,3,5,1,95.0
TXN003496,2026-06-09,3,42,1,620.0
TXN003496,2026-06-09,3,25,1,280.0
TXN003497,2026-06-09,3,48,1,24.0
TXN003497,2026-06-09,3,27,2,80.0
TXN003497,2026-06-09,3,51,2,360.0
TXN003498,2026-06-09,3,36,1,105.0
TXN003498,2026-06-09,3,52,1,50.0
TXN003498,2026-06-09,3,31,1,175.0
TXN003499,2026-06-09,3,49,2,170.0
TXN003500,2026-06-09,3,12,1,90.0
TXN003500,2026-06-09,3,24,1,50.0
TXN003501,2026-06-09,3,10,1,45.0
TXN003502,2026-06-09,3,18,1,20.0
TXN003502,2026-06-09,3,49,1,85.0
TXN003502,2026-06-09,3,6,1,30.0
TXN003502,2026-06-09,3,10,1,45.0
TXN003502,2026-06-09,3,47,1,165.0
TXN003503,2026-06-09,3,52,1,50.0
TXN003503,2026-06-09,3,54,2,70.0
TXN003503,2026-06-09,3,31,1,175.0
TXN003503,2026-06-09,3,57,1,90.0
TXN003504,2026-06-09,3,21,1,310.0
TXN003504,2026-06-09,3,7,2,260.0
TXN003504,2026-06-09,3,15,1,110.0
TXN003506,2026-06-09,3,2,1,35.0
TXN003506,2026-06-09,3,9,1,40.0
TXN003506,2026-06-09,3,18,1,20.0
TXN003506,2026-06-09,3,23,1,25.0
TXN003507,2026-06-09,3,7,1,130.0
TXN003508,2026-06-09,3,8,1,84.0
TXN003508,2026-06-09,3,21,1,310.0
TXN003508,2026-06-09,3,60,1,40.0
TXN003508,2026-06-09,3,35,2,290.0
TXN003509,2026-06-09,3,52,1,50.0
TXN003510,2026-06-09,3,36,2,210.0
TXN003510,2026-06-09,3,51,1,180.0
TXN003510,2026-06-09,3,57,1,90.0
TXN003511,2026-06-09,3,59,1,35.0
TXN003512,2026-06-09,3,18,1,20.0
TXN003512,2026-06-09,3,30,1,40.0
TXN003512,2026-06-09,3,17,3,135.0
TXN003512,2026-06-09,3,2,1,35.0
TXN003513,2026-06-09,3,8,1,84.0
TXN003513,2026-06-09,3,32,1,120.0
TXN003513,2026-06-09,3,19,1,110.0
TXN003514,2026-06-09,3,48,1,24.0
TXN003514,2026-06-09,3,47,1,165.0
TXN003515,2026-06-09,3,54,2,70.0
TXN003516,2026-06-09,3,18,1,20.0
TXN003516,2026-06-09,3,35,1,145.0
TXN003517,2026-06-09,3,3,1,115.0
TXN003517,2026-06-09,3,33,1,85.0
TXN003517,2026-06-09,3,11,1,35.0
TXN003517,2026-06-09,3,8,1,84.0
TXN003518,2026-06-09,3,10,1,45.0
TXN003518,2026-06-09,3,46,1,48.0
TXN003519,2026-06-10,1,47,1,165.0
TXN003520,2026-06-10,1,1,3,192.0
TXN003521,2026-06-10,1,49,1,85.0
TXN003521,2026-06-10,1,14,1,80.0
TXN003522,2026-06-10,1,25,2,560.0
TXN003522,2026-06-10,1,16,1,120.0
TXN003522,2026-06-10,1,51,1,180.0
TXN003524,2026-06-10,1,6,2,60.0
TXN003524,2026-06-10,1,8,2,168.0
TXN003524,2026-06-10,1,17,3,135.0
TXN003524,2026-06-10,1,52,1,50.0
TXN003525,2026-06-10,1,53,2,80.0
TXN003525,2026-06-10,1,16,2,240.0
TXN003526,2026-06-10,1,48,1,24.0
TXN003526,2026-06-10,1,54,1,35.0
TXN003527,2026-06-10,1,3,1,115.0
TXN003527,2026-06-10,1,25,1,280.0
TXN003527,2026-06-10,1,1,4,256.0
TXN003527,2026-06-10,1,35,1,145.0
TXN003527,2026-06-10,1,51,3,540.0
TXN003528,2026-06-10,1,31,1,175.0
TXN003528,2026-06-10,1,17,3,135.0
TXN003528,2026-06-10,1,25,1,280.0
TXN003528,2026-06-10,1,16,2,240.0
TXN003529,2026-06-10,1,16,2,240.0
TXN003530,2026-06-10,1,29,1,95.0
TXN003530,2026-06-10,1,6,2,60.0
TXN003532,2026-06-10,1,43,1,240.0
TXN003533,2026-06-10,1,22,1,30.0
TXN003533,2026-06-10,1,33,1,85.0
TXN003535,2026-06-10,1,21,1,310.0
TXN003535,2026-06-10,1,49,1,85.0
TXN003536,2026-06-10,1,29,2,190.0
TXN003537,2026-06-10,1,25,1,280.0
TXN003537,2026-06-10,1,39,1,140.0
TXN003538,2026-06-10,1,26,1,450.0
TXN003538,2026-06-10,1,28,1,75.0
TXN003539,2026-06-10,1,9,3,120.0
TXN003539,2026-06-10,1,18,1,20.0
TXN003539,2026-06-10,1,57,1,90.0
TXN003539,2026-06-10,1,47,1,165.0
TXN003540,2026-06-10,1,42,1,620.0
TXN003541,2026-06-10,1,1,2,128.0
TXN003541,2026-06-10,1,10,1,45.0
TXN003541,2026-06-10,1,58,1,25.0
TXN003542,2026-06-10,1,57,1,90.0
TXN003542,2026-06-10,1,5,1,95.0
TXN003543,2026-06-10,1,27,3,120.0
TXN003544,2026-06-10,1,23,2,50.0
TXN003544,2026-06-10,1,30,1,40.0
TXN003545,2026-06-10,1,40,1,65.0
TXN003545,2026-06-10,1,7,1,130.0
TXN003546,2026-06-10,1,36,1,105.0
TXN003546,2026-06-10,1,45,2,270.0
TXN003547,2026-06-10,1,12,1,90.0
TXN003547,2026-06-10,1,51,1,180.0
TXN003548,2026-06-10,1,8,1,84.0
TXN003548,2026-06-10,1,57,1,90.0
TXN003548,2026-06-10,1,3,1,115.0
TXN003548,2026-06-10,1,4,1,140.0
TXN003549,2026-06-10,1,4,2,280.0
TXN003550,2026-06-10,1,10,2,90.0
TXN003550,2026-06-10,1,30,2,80.0
TXN003550,2026-06-10,1,6,1,30.0
TXN003550,2026-06-10,1,2,2,70.0
TXN003550,2026-06-10,1,47,2,330.0
TXN003551,2026-06-10,1,48,2,48.0
TXN003551,2026-06-10,1,60,1,40.0
TXN003552,2026-06-10,1,48,2,48.0
TXN003552,2026-06-10,1,28,1,75.0
TXN003552,2026-06-10,1,49,2,170.0
TXN003552,2026-06-10,1,21,2,620.0
TXN003553,2026-06-10,1,20,1,220.0
TXN003553,2026-06-10,1,47,2,330.0
TXN003554,2026-06-10,1,29,1,95.0
TXN003554,2026-06-10,1,27,3,120.0
TXN003555,2026-06-10,2,53,1,40.0
TXN003555,2026-06-10,2,2,1,35.0
TXN003555,2026-06-10,2,7,1,130.0
TXN003556,2026-06-10,2,47,2,330.0
TXN003557,2026-06-10,2,17,1,45.0
TXN003557,2026-06-10,2,16,2,240.0
TXN003558,2026-06-10,2,32,2,240.0
TXN003559,2026-06-10,2,21,1,310.0
TXN003559,2026-06-10,2,49,2,170.0
TXN003560,2026-06-10,2,43,2,480.0
TXN003560,2026-06-10,2,12,2,180.0
TXN003560,2026-06-10,2,29,1,95.0
TXN003561,2026-06-10,2,23,1,25.0
TXN003561,2026-06-10,2,45,2,270.0
TXN003561,2026-06-10,2,51,3,540.0
TXN003562,2026-06-10,2,29,2,190.0
TXN003562,2026-06-10,2,27,1,40.0
TXN003562,2026-06-10,2,55,2,60.0
TXN003563,2026-06-10,2,4,1,140.0
TXN003564,2026-06-10,2,1,2,128.0
TXN003564,2026-06-10,2,27,1,40.0
TXN003565,2026-06-10,2,10,1,45.0
TXN003565,2026-06-10,2,9,2,80.0
TXN003565,2026-06-10,2,16,2,240.0
TXN003567,2026-06-10,2,36,1,105.0
TXN003567,2026-06-10,2,10,2,90.0
TXN003567,2026-06-10,2,8,2,168.0
TXN003567,2026-06-10,2,6,1,30.0
TXN003568,2026-06-10,2,23,1,25.0
TXN003568,2026-06-10,2,17,3,135.0
TXN003569,2026-06-10,2,52,1,50.0
TXN003569,2026-06-10,2,19,1,110.0
TXN003570,2026-06-10,2,43,1,240.0
TXN003571,2026-06-10,2,36,2,210.0
TXN003572,2026-06-10,2,1,2,128.0
TXN003572,2026-06-10,2,55,1,30.0
TXN003573,2026-06-10,2,22,1,30.0
TXN003574,2026-06-10,2,33,1,85.0
TXN003574,2026-06-10,2,56,1,120.0
TXN003575,2026-06-10,2,35,1,145.0
TXN003575,2026-06-10,2,2,1,35.0
TXN003575,2026-06-10,2,17,2,90.0
TXN003576,2026-06-10,2,3,1,115.0
TXN003577,2026-06-10,2,13,1,60.0
TXN003577,2026-06-10,2,43,2,480.0
TXN003578,2026-06-10,2,56,1,120.0
TXN003578,2026-06-10,2,2,2,70.0
TXN003579,2026-06-10,2,40,1,65.0
TXN003580,2026-06-10,2,7,2,260.0
TXN003580,2026-06-10,2,46,1,48.0
TXN003581,2026-06-10,2,13,1,60.0
TXN003581,2026-06-10,2,11,1,35.0
TXN003582,2026-06-10,2,4,1,140.0
TXN003582,2026-06-10,2,6,1,30.0
TXN003582,2026-06-10,2,52,1,50.0
TXN003582,2026-06-10,2,18,2,40.0
TXN003583,2026-06-10,2,16,2,240.0
TXN003585,2026-06-10,2,27,2,80.0
TXN003585,2026-06-10,2,3,1,115.0
TXN003585,2026-06-10,2,48,2,48.0
TXN003585,2026-06-10,2,7,1,130.0
TXN003586,2026-06-10,2,46,2,96.0
TXN003586,2026-06-10,2,40,1,65.0
TXN003587,2026-06-10,2,7,1,130.0
TXN003587,2026-06-10,2,42,3,1860.0
TXN003588,2026-06-10,2,22,1,30.0
TXN003588,2026-06-10,2,24,1,50.0
TXN003588,2026-06-10,2,1,2,128.0
TXN003590,2026-06-10,3,44,1,580.0
TXN003590,2026-06-10,3,56,1,120.0
TXN003590,2026-06-10,3,54,1,35.0
TXN003591,2026-06-10,3,30,1,40.0
TXN003591,2026-06-10,3,8,1,84.0
TXN003592,2026-06-10,3,36,1,105.0
TXN003593,2026-06-10,3,8,2,168.0
TXN003593,2026-06-10,3,50,2,520.0
TXN003594,2026-06-10,3,31,1,175.0
TXN003594,2026-06-10,3,50,1,260.0
TXN003595,2026-06-10,3,29,2,190.0
TXN003596,2026-06-10,3,1,2,128.0
TXN003597,2026-06-10,3,30,1,40.0
TXN003597,2026-06-10,3,56,1,120.0
TXN003597,2026-06-10,3,33,1,85.0
TXN003598,2026-06-10,3,13,1,60.0
TXN003598,2026-06-10,3,52,2,100.0
TXN003599,2026-06-10,3,53,1,40.0
TXN003599,2026-06-10,3,8,1,84.0
TXN003600,2026-06-10,3,43,1,240.0
TXN003600,2026-06-10,3,49,1,85.0
TXN003600,2026-06-10,3,25,2,560.0
TXN003601,2026-06-10,3,25,1,280.0
TXN003602,2026-06-10,3,40,1,65.0
TXN003603,2026-06-10,3,45,1,135.0
TXN003603,2026-06-10,3,48,1,24.0
TXN003603,2026-06-10,3,57,1,90.0
TXN003604,2026-06-10,3,58,1,25.0
TXN003604,2026-06-10,3,53,2,80.0
TXN003604,2026-06-10,3,10,1,45.0
TXN003605,2026-06-10,3,13,1,60.0
TXN003605,2026-06-10,3,24,2,100.0
TXN003606,2026-06-10,3,17,2,90.0
TXN003606,2026-06-10,3,58,1,25.0
TXN003606,2026-06-10,3,51,1,180.0
TXN003607,2026-06-10,3,9,1,40.0
TXN003608,2026-06-10,3,33,1,85.0
TXN003608,2026-06-10,3,5,1,95.0
TXN003608,2026-06-10,3,15,1,110.0
TXN003609,2026-06-10,3,53,2,80.0
TXN003610,2026-06-10,3,21,1,310.0
TXN003612,2026-06-11,1,47,1,165.0
TXN003612,2026-06-11,1,24,1,50.0
TXN003612,2026-06-11,1,49,1,85.0
TXN003613,2026-06-11,1,15,2,220.0
TXN003613,2026-06-11,1,43,2,480.0
TXN003614,2026-06-11,1,15,1,110.0
TXN003614,2026-06-11,1,20,1,220.0
TXN003614,2026-06-11,1,36,2,210.0
TXN003615,2026-06-11,1,57,1,90.0
TXN003616,2026-06-11,1,59,1,35.0
TXN003616,2026-06-11,1,32,3,360.0
TXN003617,2026-06-11,1,51,2,360.0
TXN003617,2026-06-11,1,55,2,60.0
TXN003617,2026-06-11,1,8,1,84.0
TXN003617,2026-06-11,1,21,2,620.0
TXN003618,2026-06-11,1,9,2,80.0
TXN003619,2026-06-11,1,59,1,35.0
TXN003619,2026-06-11,1,32,2,240.0
TXN003619,2026-06-11,1,22,2,60.0
TXN003619,2026-06-11,1,52,1,50.0
TXN003620,2026-06-11,1,7,2,260.0
TXN003620,2026-06-11,1,24,2,100.0
TXN003620,2026-06-11,1,17,3,135.0
TXN003620,2026-06-11,1,10,1,45.0
TXN003621,2026-06-11,1,30,2,80.0
TXN003621,2026-06-11,1,11,1,35.0
TXN003621,2026-06-11,1,15,1,110.0
TXN003621,2026-06-11,1,47,2,330.0
TXN003621,2026-06-11,1,25,2,560.0
TXN003622,2026-06-11,1,50,1,260.0
TXN003622,2026-06-11,1,30,1,40.0
TXN003623,2026-06-11,1,29,2,190.0
TXN003624,2026-06-11,1,53,2,80.0
TXN003625,2026-06-11,1,30,1,40.0
TXN003625,2026-06-11,1,8,2,168.0
TXN003625,2026-06-11,1,25,1,280.0
TXN003625,2026-06-11,1,52,1,50.0
TXN003626,2026-06-11,1,14,2,160.0
TXN003627,2026-06-11,1,32,1,120.0
TXN003628,2026-06-11,1,2,3,105.0
TXN003628,2026-06-11,1,50,1,260.0
TXN003628,2026-06-11,1,12,1,90.0
TXN003628,2026-06-11,1,29,3,285.0
TXN003629,2026-06-11,1,43,1,240.0
TXN003629,2026-06-11,1,12,1,90.0
TXN003629,2026-06-11,1,25,1,280.0
TXN003629,2026-06-11,1,4,2,280.0
TXN003630,2026-06-11,1,10,2,90.0
TXN003630,2026-06-11,1,29,1,95.0
TXN003630,2026-06-11,1,12,1,90.0
TXN003631,2026-06-11,1,1,2,128.0
TXN003631,2026-06-11,1,29,1,95.0
TXN003632,2026-06-11,1,10,2,90.0
TXN003633,2026-06-11,1,47,2,330.0
TXN003633,2026-06-11,1,36,2,210.0
TXN003634,2026-06-11,1,45,2,270.0
TXN003634,2026-06-11,1,9,3,120.0
TXN003634,2026-06-11,1,23,1,25.0
TXN003634,2026-06-11,1,39,1,140.0
TXN003635,2026-06-11,1,39,1,140.0
TXN003635,2026-06-11,1,4,1,140.0
TXN003635,2026-06-11,1,27,1,40.0
TXN003635,2026-06-11,1,58,2,50.0
TXN003636,2026-06-11,1,26,1,450.0
TXN003636,2026-06-11,1,15,1,110.0
TXN003636,2026-06-11,1,12,1,90.0
TXN003638,2026-06-11,1,50,1,260.0
TXN003638,2026-06-11,1,10,1,45.0
TXN003640,2026-06-11,1,42,1,620.0
TXN003641,2026-06-11,1,33,1,85.0
TXN003641,2026-06-11,1,57,1,90.0
TXN003641,2026-06-11,1,30,1,40.0
TXN003643,2026-06-11,1,16,2,240.0
TXN003644,2026-06-11,2,12,1,90.0
TXN003645,2026-06-11,2,30,1,40.0
TXN003645,2026-06-11,2,47,1,165.0
TXN003646,2026-06-11,2,12,1,90.0
TXN003646,2026-06-11,2,42,2,1240.0
TXN003648,2026-06-11,2,28,1,75.0
TXN003648,2026-06-11,2,39,1,140.0
TXN003648,2026-06-11,2,8,2,168.0
TXN003648,2026-06-11,2,32,2,240.0
TXN003649,2026-06-11,2,57,1,90.0
TXN003650,2026-06-11,2,54,1,35.0
TXN003650,2026-06-11,2,36,1,105.0
TXN003652,2026-06-11,2,55,2,60.0
TXN003653,2026-06-11,2,2,1,35.0
TXN003653,2026-06-11,2,58,1,25.0
TXN003654,2026-06-11,2,51,1,180.0
TXN003654,2026-06-11,2,36,2,210.0
TXN003654,2026-06-11,2,1,2,128.0
TXN003654,2026-06-11,2,7,2,260.0
TXN003654,2026-06-11,2,57,1,90.0
TXN003655,2026-06-11,2,29,2,190.0
TXN003656,2026-06-11,2,57,1,90.0
TXN003656,2026-06-11,2,49,3,255.0
TXN003656,2026-06-11,2,2,1,35.0
TXN003656,2026-06-11,2,59,1,35.0
TXN003657,2026-06-11,2,57,1,90.0
TXN003658,2026-06-11,2,19,1,110.0
TXN003659,2026-06-11,2,14,1,80.0
TXN003659,2026-06-11,2,12,1,90.0
TXN003659,2026-06-11,2,27,2,80.0
TXN003659,2026-06-11,2,54,2,70.0
TXN003660,2026-06-11,2,18,2,40.0
TXN003660,2026-06-11,2,51,1,180.0
TXN003661,2026-06-11,2,35,1,145.0
TXN003662,2026-06-11,2,49,2,170.0
TXN003662,2026-06-11,2,60,2,80.0
TXN003662,2026-06-11,2,21,1,310.0
TXN003662,2026-06-11,2,17,1,45.0
TXN003663,2026-06-11,2,7,1,130.0
TXN003663,2026-06-11,2,45,1,135.0
TXN003663,2026-06-11,2,15,1,110.0
TXN003664,2026-06-11,2,12,1,90.0
TXN003664,2026-06-11,2,35,1,145.0
TXN003664,2026-06-11,2,56,1,120.0
TXN003664,2026-06-11,2,6,1,30.0
TXN003666,2026-06-11,2,53,1,40.0
TXN003666,2026-06-11,2,28,1,75.0
TXN003666,2026-06-11,2,4,1,140.0
TXN003666,2026-06-11,2,9,2,80.0
TXN003666,2026-06-11,2,54,1,35.0
TXN003667,2026-06-11,2,36,1,105.0
TXN003667,2026-06-11,2,42,3,1860.0
TXN003668,2026-06-11,2,32,1,120.0
TXN003668,2026-06-11,2,17,2,90.0
TXN003668,2026-06-11,2,48,1,24.0
TXN003669,2026-06-11,2,27,1,40.0
TXN003670,2026-06-11,2,24,1,50.0
TXN003670,2026-06-11,2,49,1,85.0
TXN003670,2026-06-11,2,55,1,30.0
TXN003672,2026-06-11,2,39,1,140.0
TXN003672,2026-06-11,2,3,1,115.0
TXN003673,2026-06-11,2,50,1,260.0
TXN003673,2026-06-11,2,53,1,40.0
TXN003673,2026-06-11,2,20,1,220.0
TXN003674,2026-06-11,2,35,1,145.0
TXN003674,2026-06-11,2,59,1,35.0
TXN003675,2026-06-11,2,13,1,60.0
TXN003675,2026-06-11,2,16,2,240.0
TXN003675,2026-06-11,2,14,1,80.0
TXN003676,2026-06-11,2,52,1,50.0
TXN003676,2026-06-11,2,24,2,100.0
TXN003677,2026-06-11,3,8,1,84.0
TXN003678,2026-06-11,3,47,2,330.0
TXN003678,2026-06-11,3,15,1,110.0
TXN003678,2026-06-11,3,22,1,30.0
TXN003678,2026-06-11,3,19,1,110.0
TXN003679,2026-06-11,3,53,1,40.0
TXN003679,2026-06-11,3,52,1,50.0
TXN003679,2026-06-11,3,45,1,135.0
TXN003680,2026-06-11,3,55,2,60.0
TXN003680,2026-06-11,3,16,1,120.0
TXN003680,2026-06-11,3,26,1,450.0
TXN003681,2026-06-11,3,2,1,35.0
TXN003681,2026-06-11,3,23,1,25.0
TXN003681,2026-06-11,3,37,1,160.0
TXN003681,2026-06-11,3,48,2,48.0
TXN003682,2026-06-11,3,11,1,35.0
TXN003683,2026-06-11,3,21,1,310.0
TXN003683,2026-06-11,3,59,1,35.0
TXN003683,2026-06-11,3,40,1,65.0
TXN003685,2026-06-11,3,24,1,50.0
TXN003685,2026-06-11,3,18,1,20.0
TXN003685,2026-06-11,3,5,1,95.0
TXN003685,2026-06-11,3,59,1,35.0
TXN003686,2026-06-11,3,37,1,160.0
TXN003687,2026-06-11,3,22,1,30.0
TXN003687,2026-06-11,3,40,1,65.0
TXN003687,2026-06-11,3,51,1,180.0
TXN003687,2026-06-11,3,7,1,130.0
TXN003688,2026-06-11,3,15,1,110.0
TXN003688,2026-06-11,3,47,1,165.0
TXN003689,2026-06-11,3,21,1,310.0
TXN003689,2026-06-11,3,43,1,240.0
TXN003689,2026-06-11,3,55,1,30.0
TXN003690,2026-06-11,3,45,1,135.0
TXN003690,2026-06-11,3,2,1,35.0
TXN003691,2026-06-11,3,52,1,50.0
TXN003691,2026-06-11,3,50,2,520.0
TXN003691,2026-06-11,3,15,1,110.0
TXN003692,2026-06-11,3,56,1,120.0
TXN003692,2026-06-11,3,9,2,80.0
TXN003693,2026-06-11,3,23,2,50.0
TXN003694,2026-06-11,3,56,1,120.0
TXN003694,2026-06-11,3,22,1,30.0
TXN003695,2026-06-11,3,7,1,130.0
TXN003696,2026-06-11,3,16,2,240.0
TXN003696,2026-06-11,3,43,1,240.0
TXN003697,2026-06-11,3,17,2,90.0
TXN003697,2026-06-11,3,30,1,40.0
TXN003698,2026-06-11,3,9,2,80.0
TXN003699,2026-06-11,3,41,1,90.0
TXN003699,2026-06-11,3,52,1,50.0
TXN003703,2026-06-11,3,36,2,210.0
TXN003703,2026-06-11,3,23,1,25.0
TXN003703,2026-06-11,3,7,1,130.0
TXN003704,2026-06-11,3,43,1,240.0
TXN003704,2026-06-11,3,4,1,140.0
TXN003705,2026-06-11,3,45,1,135.0
TXN003705,2026-06-11,3,28,1,75.0
TXN003706,2026-06-11,3,18,1,20.0
TXN003706,2026-06-11,3,31,1,175.0
TXN003706,2026-06-11,3,9,2,80.0
TXN003706,2026-06-11,3,43,1,240.0
TXN003708,2026-06-12,1,26,1,450.0
TXN003708,2026-06-12,1,11,1,35.0
TXN003708,2026-06-12,1,36,1,105.0
TXN003708,2026-06-12,1,56,1,120.0
TXN003709,2026-06-12,1,49,1,85.0
TXN003709,2026-06-12,1,57,1,90.0
TXN003710,2026-06-12,1,6,2,60.0
TXN003711,2026-06-12,1,51,2,360.0
TXN003711,2026-06-12,1,11,1,35.0
TXN003712,2026-06-12,1,37,1,160.0
TXN003712,2026-06-12,1,12,2,180.0
TXN003712,2026-06-12,1,39,1,140.0
TXN003713,2026-06-12,1,11,1,35.0
TXN003713,2026-06-12,1,54,2,70.0
TXN003713,2026-06-12,1,45,1,135.0
TXN003714,2026-06-12,1,53,3,120.0
TXN003714,2026-06-12,1,54,2,70.0
TXN003714,2026-06-12,1,4,1,140.0
TXN003715,2026-06-12,1,12,1,90.0
TXN003715,2026-06-12,1,5,1,95.0
TXN003716,2026-06-12,1,2,1,35.0
TXN003717,2026-06-12,1,48,1,24.0
TXN003718,2026-06-12,1,37,1,160.0
TXN003719,2026-06-12,1,49,1,85.0
TXN003719,2026-06-12,1,35,1,145.0
TXN003721,2026-06-12,1,45,2,270.0
TXN003722,2026-06-12,1,27,3,120.0
TXN003723,2026-06-12,1,30,1,40.0
TXN003723,2026-06-12,1,32,1,120.0
TXN003724,2026-06-12,1,8,1,84.0
TXN003725,2026-06-12,1,28,1,75.0
TXN003725,2026-06-12,1,9,3,120.0
TXN003726,2026-06-12,1,1,2,128.0
TXN003726,2026-06-12,1,37,1,160.0
TXN003726,2026-06-12,1,21,1,310.0
TXN003727,2026-06-12,1,29,2,190.0
TXN003728,2026-06-12,1,44,1,580.0
TXN003728,2026-06-12,1,8,1,84.0
TXN003729,2026-06-12,1,51,2,360.0
TXN003729,2026-06-12,1,27,2,80.0
TXN003730,2026-06-12,1,17,2,90.0
TXN003730,2026-06-12,1,19,2,220.0
TXN003730,2026-06-12,1,46,1,48.0
TXN003730,2026-06-12,1,6,1,30.0
TXN003731,2026-06-12,1,59,2,70.0
TXN003732,2026-06-12,1,30,1,40.0
TXN003732,2026-06-12,1,12,1,90.0
TXN003733,2026-06-12,1,24,1,50.0
TXN003733,2026-06-12,1,27,1,40.0
TXN003734,2026-06-12,1,39,1,140.0
TXN003734,2026-06-12,1,12,1,90.0
TXN003735,2026-06-12,1,31,1,175.0
TXN003736,2026-06-12,1,7,2,260.0
TXN003736,2026-06-12,1,36,2,210.0
TXN003737,2026-06-12,1,40,1,65.0
TXN003737,2026-06-12,1,13,1,60.0
TXN003737,2026-06-12,1,12,1,90.0
TXN003738,2026-06-12,1,18,2,40.0
TXN003738,2026-06-12,1,50,1,260.0
TXN003739,2026-06-12,1,23,1,25.0
TXN003739,2026-06-12,1,28,1,75.0
TXN003739,2026-06-12,1,50,2,520.0
TXN003740,2026-06-12,1,37,1,160.0
TXN003740,2026-06-12,1,1,2,128.0
TXN003740,2026-06-12,1,11,1,35.0
TXN003741,2026-06-12,1,25,1,280.0
TXN003741,2026-06-12,1,54,1,35.0
TXN003742,2026-06-12,1,3,1,115.0
TXN003742,2026-06-12,1,18,2,40.0
TXN003742,2026-06-12,1,45,1,135.0
TXN003742,2026-06-12,1,30,1,40.0
TXN003742,2026-06-12,1,12,3,270.0
TXN003743,2026-06-12,1,22,1,30.0
TXN003743,2026-06-12,1,15,2,220.0
TXN003743,2026-06-12,1,33,1,85.0
TXN003743,2026-06-12,1,56,1,120.0
TXN003743,2026-06-12,1,41,1,90.0
TXN003744,2026-06-12,1,47,1,165.0
TXN003744,2026-06-12,1,16,1,120.0
TXN003744,2026-06-12,1,21,1,310.0
TXN003745,2026-06-12,1,31,1,175.0
TXN003745,2026-06-12,1,35,1,145.0
TXN003746,2026-06-12,1,55,1,30.0
TXN003746,2026-06-12,1,42,2,1240.0
TXN003747,2026-06-12,1,17,3,135.0
TXN003747,2026-06-12,1,18,1,20.0
TXN003747,2026-06-12,1,14,1,80.0
TXN003747,2026-06-12,1,30,1,40.0
TXN003747,2026-06-12,1,4,1,140.0
TXN003748,2026-06-12,1,57,2,180.0
TXN003748,2026-06-12,1,27,1,40.0
TXN003748,2026-06-12,1,17,3,135.0
TXN003749,2026-06-12,1,36,3,315.0
TXN003750,2026-06-12,2,43,1,240.0
TXN003751,2026-06-12,2,10,2,90.0
TXN003751,2026-06-12,2,29,2,190.0
TXN003752,2026-06-12,2,3,1,115.0
TXN003752,2026-06-12,2,45,1,135.0
TXN003753,2026-06-12,2,24,1,50.0
TXN003753,2026-06-12,2,27,1,40.0
TXN003755,2026-06-12,2,38,1,210.0
TXN003755,2026-06-12,2,16,1,120.0
TXN003755,2026-06-12,2,14,1,80.0
TXN003756,2026-06-12,2,45,2,270.0
TXN003756,2026-06-12,2,51,2,360.0
TXN003756,2026-06-12,2,57,2,180.0
TXN003756,2026-06-12,2,58,1,25.0
TXN003757,2026-06-12,2,57,1,90.0
TXN003757,2026-06-12,2,55,1,30.0
TXN003757,2026-06-12,2,31,1,175.0
TXN003759,2026-06-12,2,28,1,75.0
TXN003759,2026-06-12,2,22,1,30.0
TXN003760,2026-06-12,2,27,2,80.0
TXN003760,2026-06-12,2,14,1,80.0
TXN003760,2026-06-12,2,53,2,80.0
TXN003761,2026-06-12,2,26,1,450.0
TXN003761,2026-06-12,2,2,2,70.0
TXN003761,2026-06-12,2,48,1,24.0
TXN003761,2026-06-12,2,55,2,60.0
TXN003762,2026-06-12,2,37,1,160.0
TXN003762,2026-06-12,2,9,2,80.0
TXN003762,2026-06-12,2,54,1,35.0
TXN003763,2026-06-12,2,49,1,85.0
TXN003763,2026-06-12,2,45,1,135.0
TXN003764,2026-06-12,2,49,1,85.0
TXN003766,2026-06-12,2,58,1,25.0
TXN003766,2026-06-12,2,57,1,90.0
TXN003766,2026-06-12,2,1,3,192.0
TXN003767,2026-06-12,2,6,2,60.0
TXN003767,2026-06-12,2,53,1,40.0
TXN003768,2026-06-12,2,50,2,520.0
TXN003768,2026-06-12,2,52,1,50.0
TXN003769,2026-06-12,2,35,1,145.0
TXN003770,2026-06-12,2,53,1,40.0
TXN003770,2026-06-12,2,54,2,70.0
TXN003770,2026-06-12,2,40,2,130.0
TXN003771,2026-06-12,2,35,1,145.0
TXN003771,2026-06-12,2,44,1,580.0
TXN003771,2026-06-12,2,43,1,240.0
TXN003772,2026-06-12,2,45,3,405.0
TXN003772,2026-06-12,2,2,1,35.0
TXN003772,2026-06-12,2,8,1,84.0
TXN003772,2026-06-12,2,23,1,25.0
TXN003773,2026-06-12,2,12,2,180.0
TXN003773,2026-06-12,2,5,1,95.0
TXN003773,2026-06-12,2,40,1,65.0
TXN003774,2026-06-12,2,11,1,35.0
TXN003774,2026-06-12,2,15,1,110.0
TXN003775,2026-06-12,2,51,1,180.0
TXN003776,2026-06-12,2,30,1,40.0
TXN003777,2026-06-12,3,56,1,120.0
TXN003777,2026-06-12,3,1,1,64.0
TXN003778,2026-06-12,3,42,1,620.0
TXN003780,2026-06-12,3,47,2,330.0
TXN003780,2026-06-12,3,10,1,45.0
TXN003780,2026-06-12,3,58,1,25.0
TXN003781,2026-06-12,3,8,2,168.0
TXN003782,2026-06-12,3,60,1,40.0
TXN003782,2026-06-12,3,39,1,140.0
TXN003782,2026-06-12,3,10,1,45.0
TXN003783,2026-06-12,3,33,1,85.0
TXN003784,2026-06-12,3,30,1,40.0
TXN003786,2026-06-12,3,42,1,620.0
TXN003787,2026-06-12,3,54,1,35.0
TXN003789,2026-06-12,3,27,1,40.0
TXN003790,2026-06-12,3,8,1,84.0
TXN003790,2026-06-12,3,47,1,165.0
TXN003790,2026-06-12,3,57,1,90.0
TXN003791,2026-06-12,3,36,2,210.0
TXN003792,2026-06-12,3,16,1,120.0
TXN003793,2026-06-12,3,8,2,168.0
TXN003793,2026-06-12,3,49,1,85.0
TXN003794,2026-06-12,3,18,1,20.0
TXN003796,2026-06-12,3,12,2,180.0
TXN003797,2026-06-12,3,11,1,35.0
TXN003798,2026-06-12,3,39,1,140.0
TXN003798,2026-06-12,3,2,1,35.0
TXN003798,2026-06-12,3,6,1,30.0
TXN003799,2026-06-12,3,16,1,120.0
TXN003799,2026-06-12,3,1,2,128.0
TXN003800,2026-06-12,3,16,1,120.0
TXN003801,2026-06-12,3,25,2,560.0
TXN003801,2026-06-12,3,42,2,1240.0
TXN003801,2026-06-12,3,49,1,85.0
TXN003801,2026-06-12,3,29,2,190.0
TXN003801,2026-06-12,3,1,2,128.0
TXN003803,2026-06-12,3,45,1,135.0
TXN003804,2026-06-12,3,53,2,80.0
TXN003804,2026-06-12,3,29,1,95.0
TXN003804,2026-06-12,3,51,2,360.0
TXN003804,2026-06-12,3,50,1,260.0
TXN003805,2026-06-12,3,10,1,45.0
TXN003805,2026-06-12,3,56,1,120.0
TXN003806,2026-06-12,3,27,1,40.0
TXN003806,2026-06-12,3,10,1,45.0
TXN003806,2026-06-12,3,13,1,60.0
TXN003806,2026-06-12,3,9,2,80.0
TXN003807,2026-06-12,3,50,1,260.0
TXN003807,2026-06-12,3,40,1,65.0
TXN003808,2026-06-12,3,53,1,40.0
TXN003808,2026-06-12,3,32,1,120.0
TXN003808,2026-06-12,3,55,1,30.0
TXN003809,2026-06-12,3,25,1,280.0
TXN003809,2026-06-12,3,12,1,90.0
TXN003809,2026-06-12,3,11,1,35.0
TXN003809,2026-06-12,3,27,2,80.0
TXN003810,2026-06-12,3,27,1,40.0
TXN003810,2026-06-12,3,58,2,50.0
TXN003810,2026-06-12,3,23,2,50.0
TXN003811,2026-06-13,1,59,1,35.0
TXN003811,2026-06-13,1,48,2,48.0
TXN003811,2026-06-13,1,39,1,140.0
TXN003811,2026-06-13,1,51,2,360.0
TXN003812,2026-06-13,1,36,1,105.0
TXN003812,2026-06-13,1,33,1,85.0
TXN003812,2026-06-13,1,30,1,40.0
TXN003812,2026-06-13,1,46,2,96.0
TXN003813,2026-06-13,1,20,1,220.0
TXN003814,2026-06-13,1,12,2,180.0
TXN003814,2026-06-13,1,4,1,140.0
TXN003815,2026-06-13,1,53,1,40.0
TXN003815,2026-06-13,1,16,1,120.0
TXN003815,2026-06-13,1,7,2,260.0
TXN003815,2026-06-13,1,21,1,310.0
TXN003815,2026-06-13,1,13,1,60.0
TXN003816,2026-06-13,1,2,2,70.0
TXN003817,2026-06-13,1,58,2,50.0
TXN003818,2026-06-13,1,60,1,40.0
TXN003818,2026-06-13,1,10,1,45.0
TXN003818,2026-06-13,1,54,1,35.0
TXN003819,2026-06-13,1,48,2,48.0
TXN003819,2026-06-13,1,42,2,1240.0
TXN003819,2026-06-13,1,43,1,240.0
TXN003820,2026-06-13,1,14,2,160.0
TXN003821,2026-06-13,1,8,1,84.0
TXN003821,2026-06-13,1,2,1,35.0
TXN003822,2026-06-13,1,9,4,160.0
TXN003823,2026-06-13,1,48,2,48.0
TXN003823,2026-06-13,1,51,1,180.0
TXN003824,2026-06-13,1,1,2,128.0
TXN003824,2026-06-13,1,22,2,60.0
TXN003825,2026-06-13,1,22,2,60.0
TXN003825,2026-06-13,1,54,2,70.0
TXN003826,2026-06-13,1,28,1,75.0
TXN003826,2026-06-13,1,39,1,140.0
TXN003826,2026-06-13,1,52,1,50.0
TXN003826,2026-06-13,1,7,2,260.0
TXN003827,2026-06-13,1,53,2,80.0
TXN003827,2026-06-13,1,50,1,260.0
TXN003827,2026-06-13,1,59,1,35.0
TXN003827,2026-06-13,1,3,1,115.0
TXN003828,2026-06-13,1,6,1,30.0
TXN003829,2026-06-13,1,29,2,190.0
TXN003830,2026-06-13,1,7,1,130.0
TXN003830,2026-06-13,1,60,2,80.0
TXN003830,2026-06-13,1,28,2,150.0
TXN003831,2026-06-13,1,55,2,60.0
TXN003831,2026-06-13,1,1,4,256.0
TXN003832,2026-06-13,1,46,2,96.0
TXN003833,2026-06-13,1,43,2,480.0
TXN003834,2026-06-13,1,43,2,480.0
TXN003835,2026-06-13,1,32,1,120.0
TXN003836,2026-06-13,1,32,3,360.0
TXN003836,2026-06-13,1,13,2,120.0
TXN003836,2026-06-13,1,42,2,1240.0
TXN003836,2026-06-13,1,11,1,35.0
TXN003838,2026-06-13,1,10,1,45.0
TXN003839,2026-06-13,1,54,2,70.0
TXN003839,2026-06-13,1,48,2,48.0
TXN003840,2026-06-13,1,13,1,60.0
TXN003840,2026-06-13,1,14,1,80.0
TXN003840,2026-06-13,1,30,3,120.0
TXN003840,2026-06-13,1,3,1,115.0
TXN003841,2026-06-13,1,55,1,30.0
TXN003841,2026-06-13,1,29,3,285.0
TXN003842,2026-06-13,1,28,1,75.0
TXN003842,2026-06-13,1,2,1,35.0
TXN003843,2026-06-13,1,21,1,310.0
TXN003843,2026-06-13,1,5,2,190.0
TXN003844,2026-06-13,1,27,1,40.0
TXN003844,2026-06-13,1,21,1,310.0
TXN003844,2026-06-13,1,5,1,95.0
TXN003844,2026-06-13,1,50,1,260.0
TXN003845,2026-06-13,1,55,2,60.0
TXN003845,2026-06-13,1,50,1,260.0
TXN003845,2026-06-13,1,6,2,60.0
TXN003845,2026-06-13,1,31,1,175.0
TXN003846,2026-06-13,1,23,2,50.0
TXN003846,2026-06-13,1,25,2,560.0
TXN003846,2026-06-13,1,13,1,60.0
TXN003847,2026-06-13,1,36,2,210.0
TXN003848,2026-06-13,1,23,1,25.0
TXN003848,2026-06-13,1,35,2,290.0
TXN003848,2026-06-13,1,48,3,72.0
TXN003849,2026-06-13,1,21,1,310.0
TXN003850,2026-06-13,1,46,1,48.0
TXN003850,2026-06-13,1,52,1,50.0
TXN003850,2026-06-13,1,40,1,65.0
TXN003851,2026-06-13,1,43,1,240.0
TXN003851,2026-06-13,1,8,1,84.0
TXN003851,2026-06-13,1,59,1,35.0
TXN003851,2026-06-13,1,4,1,140.0
TXN003852,2026-06-13,2,21,1,310.0
TXN003852,2026-06-13,2,58,1,25.0
TXN003852,2026-06-13,2,20,1,220.0
TXN003853,2026-06-13,2,39,1,140.0
TXN003854,2026-06-13,2,6,1,30.0
TXN003854,2026-06-13,2,52,1,50.0
TXN003855,2026-06-13,2,25,1,280.0
TXN003855,2026-06-13,2,26,1,450.0
TXN003855,2026-06-13,2,50,1,260.0
TXN003855,2026-06-13,2,11,1,35.0
TXN003855,2026-06-13,2,48,1,24.0
TXN003856,2026-06-13,2,41,1,90.0
TXN003856,2026-06-13,2,45,2,270.0
TXN003856,2026-06-13,2,48,1,24.0
TXN003857,2026-06-13,2,11,1,35.0
TXN003857,2026-06-13,2,45,3,405.0
TXN003858,2026-06-13,2,45,1,135.0
TXN003858,2026-06-13,2,46,1,48.0
TXN003859,2026-06-13,2,9,3,120.0
TXN003859,2026-06-13,2,13,2,120.0
TXN003859,2026-06-13,2,4,1,140.0
TXN003859,2026-06-13,2,60,2,80.0
TXN003860,2026-06-13,2,59,1,35.0
TXN003860,2026-06-13,2,58,2,50.0
TXN003860,2026-06-13,2,4,1,140.0
TXN003861,2026-06-13,2,39,1,140.0
TXN003863,2026-06-13,2,47,2,330.0
TXN003863,2026-06-13,2,53,1,40.0
TXN003863,2026-06-13,2,45,2,270.0
TXN003863,2026-06-13,2,41,1,90.0
TXN003864,2026-06-13,2,52,1,50.0
TXN003864,2026-06-13,2,25,1,280.0
TXN003865,2026-06-13,2,18,1,20.0
TXN003865,2026-06-13,2,36,1,105.0
TXN003865,2026-06-13,2,22,1,30.0
TXN003865,2026-06-13,2,4,1,140.0
TXN003865,2026-06-13,2,11,1,35.0
TXN003866,2026-06-13,2,52,1,50.0
TXN003866,2026-06-13,2,44,1,580.0
TXN003866,2026-06-13,2,11,1,35.0
TXN003866,2026-06-13,2,10,2,90.0
TXN003868,2026-06-13,2,24,1,50.0
TXN003868,2026-06-13,2,46,2,96.0
TXN003868,2026-06-13,2,18,1,20.0
TXN003869,2026-06-13,2,58,1,25.0
TXN003869,2026-06-13,2,50,1,260.0
TXN003869,2026-06-13,2,9,3,120.0
TXN003869,2026-06-13,2,59,1,35.0
TXN003870,2026-06-13,2,53,2,80.0
TXN003871,2026-06-13,2,22,2,60.0
TXN003871,2026-06-13,2,16,2,240.0
TXN003871,2026-06-13,2,18,1,20.0
TXN003872,2026-06-13,2,12,1,90.0
TXN003872,2026-06-13,2,16,1,120.0
TXN003872,2026-06-13,2,21,1,310.0
TXN003872,2026-06-13,2,45,2,270.0
TXN003873,2026-06-13,2,9,2,80.0
TXN003874,2026-06-13,2,2,1,35.0
TXN003874,2026-06-13,2,9,2,80.0
TXN003874,2026-06-13,2,24,1,50.0
TXN003874,2026-06-13,2,32,2,240.0
TXN003875,2026-06-13,2,22,1,30.0
TXN003876,2026-06-13,2,26,1,450.0
TXN003877,2026-06-13,2,26,1,450.0
TXN003877,2026-06-13,2,16,2,240.0
TXN003877,2026-06-13,2,28,1,75.0
TXN003877,2026-06-13,2,54,1,35.0
TXN003878,2026-06-13,2,18,1,20.0
TXN003878,2026-06-13,2,54,1,35.0
TXN003878,2026-06-13,2,1,2,128.0
TXN003878,2026-06-13,2,40,1,65.0
TXN003879,2026-06-13,2,8,1,84.0
TXN003879,2026-06-13,2,11,1,35.0
TXN003879,2026-06-13,2,4,1,140.0
TXN003879,2026-06-13,2,52,1,50.0
TXN003879,2026-06-13,2,48,2,48.0
TXN003880,2026-06-13,2,22,2,60.0
TXN003880,2026-06-13,2,11,2,70.0
TXN003880,2026-06-13,2,45,2,270.0
TXN003881,2026-06-13,2,15,1,110.0
TXN003881,2026-06-13,2,55,1,30.0
TXN003881,2026-06-13,2,8,1,84.0
TXN003882,2026-06-13,3,9,2,80.0
TXN003883,2026-06-13,3,23,2,50.0
TXN003883,2026-06-13,3,53,1,40.0
TXN003883,2026-06-13,3,32,2,240.0
TXN003884,2026-06-13,3,9,1,40.0
TXN003884,2026-06-13,3,48,1,24.0
TXN003885,2026-06-13,3,2,1,35.0
TXN003885,2026-06-13,3,36,1,105.0
TXN003885,2026-06-13,3,8,1,84.0
TXN003885,2026-06-13,3,46,1,48.0
TXN003886,2026-06-13,3,57,1,90.0
TXN003886,2026-06-13,3,54,2,70.0
TXN003886,2026-06-13,3,55,2,60.0
TXN003887,2026-06-13,3,39,1,140.0
TXN003887,2026-06-13,3,51,1,180.0
TXN003888,2026-06-13,3,32,1,120.0
TXN003888,2026-06-13,3,21,1,310.0
TXN003889,2026-06-13,3,52,2,100.0
TXN003890,2026-06-13,3,9,2,80.0
TXN003890,2026-06-13,3,35,1,145.0
TXN003891,2026-06-13,3,58,1,25.0
TXN003891,2026-06-13,3,59,1,35.0
TXN003891,2026-06-13,3,2,2,70.0
TXN003892,2026-06-13,3,33,2,170.0
TXN003892,2026-06-13,3,24,1,50.0
TXN003892,2026-06-13,3,2,1,35.0
TXN003893,2026-06-13,3,47,1,165.0
TXN003894,2026-06-13,3,28,1,75.0
TXN003896,2026-06-13,3,37,1,160.0
TXN003896,2026-06-13,3,4,1,140.0
TXN003896,2026-06-13,3,24,1,50.0
TXN003896,2026-06-13,3,9,2,80.0
TXN003897,2026-06-13,3,21,1,310.0
TXN003897,2026-06-13,3,29,1,95.0
TXN003897,2026-06-13,3,17,2,90.0
TXN003898,2026-06-13,3,45,2,270.0
TXN003898,2026-06-13,3,30,1,40.0
TXN003899,2026-06-13,3,8,2,168.0
TXN003899,2026-06-13,3,60,1,40.0
TXN003899,2026-06-13,3,48,1,24.0
TXN003900,2026-06-13,3,55,1,30.0
TXN003900,2026-06-13,3,46,1,48.0
TXN003901,2026-06-13,3,36,1,105.0
TXN003902,2026-06-13,3,57,1,90.0
TXN003903,2026-06-13,3,43,1,240.0
TXN003903,2026-06-13,3,36,2,210.0
TXN003904,2026-06-13,3,50,1,260.0
TXN003905,2026-06-13,3,16,1,120.0
TXN003906,2026-06-13,3,35,1,145.0
TXN003907,2026-06-13,3,37,1,160.0
TXN003908,2026-06-13,3,39,2,280.0
TXN003909,2026-06-13,3,28,1,75.0
TXN003909,2026-06-13,3,32,1,120.0
TXN003909,2026-06-13,3,16,1,120.0
TXN003910,2026-06-13,3,45,2,270.0
TXN003910,2026-06-13,3,14,1,80.0
TXN003910,2026-06-13,3,51,1,180.0
TXN003911,2026-06-13,3,21,1,310.0
TXN003911,2026-06-13,3,16,1,120.0
TXN003914,2026-06-13,3,56,1,120.0
TXN003914,2026-06-13,3,22,2,60.0
TXN003914,2026-06-13,3,42,2,1240.0
TXN003914,2026-06-13,3,10,1,45.0
TXN003914,2026-06-13,3,3,1,115.0
TXN003915,2026-06-13,3,40,1,65.0
TXN003915,2026-06-13,3,13,1,60.0
TXN003915,2026-06-13,3,49,1,85.0
TXN003916,2026-06-13,3,32,2,240.0
TXN003917,2026-06-13,3,1,3,192.0
TXN003917,2026-06-13,3,31,1,175.0
TXN003918,2026-06-13,3,59,2,70.0
TXN003919,2026-06-13,3,21,1,310.0
TXN003919,2026-06-13,3,37,1,160.0
TXN003919,2026-06-13,3,45,1,135.0
TXN003920,2026-06-14,1,46,2,96.0
TXN003921,2026-06-14,1,44,1,580.0
TXN003922,2026-06-14,1,41,1,90.0
TXN003922,2026-06-14,1,47,1,165.0
TXN003922,2026-06-14,1,50,1,260.0
TXN003922,2026-06-14,1,10,1,45.0
TXN003923,2026-06-14,1,27,2,80.0
TXN003924,2026-06-14,1,26,1,450.0
TXN003925,2026-06-14,1,47,1,165.0
TXN003925,2026-06-14,1,2,1,35.0
TXN003926,2026-06-14,1,4,1,140.0
TXN003926,2026-06-14,1,16,2,240.0
TXN003926,2026-06-14,1,25,1,280.0
TXN003927,2026-06-14,1,11,1,35.0
TXN003927,2026-06-14,1,40,1,65.0
TXN003927,2026-06-14,1,33,1,85.0
TXN003928,2026-06-14,1,41,2,180.0
TXN003929,2026-06-14,1,51,3,540.0
TXN003929,2026-06-14,1,46,2,96.0
TXN003929,2026-06-14,1,20,1,220.0
TXN003929,2026-06-14,1,47,1,165.0
TXN003930,2026-06-14,1,51,1,180.0
TXN003930,2026-06-14,1,49,2,170.0
TXN003930,2026-06-14,1,24,2,100.0
TXN003930,2026-06-14,1,33,2,170.0
TXN003931,2026-06-14,1,54,2,70.0
TXN003932,2026-06-14,1,54,2,70.0
TXN003932,2026-06-14,1,11,1,35.0
TXN003932,2026-06-14,1,1,3,192.0
TXN003933,2026-06-14,1,41,1,90.0
TXN003933,2026-06-14,1,55,1,30.0
TXN003933,2026-06-14,1,51,2,360.0
TXN003934,2026-06-14,1,47,1,165.0
TXN003934,2026-06-14,1,5,1,95.0
TXN003934,2026-06-14,1,19,1,110.0
TXN003935,2026-06-14,1,14,1,80.0
TXN003935,2026-06-14,1,7,1,130.0
TXN003936,2026-06-14,1,51,2,360.0
TXN003936,2026-06-14,1,5,1,95.0
TXN003936,2026-06-14,1,17,2,90.0
TXN003937,2026-06-14,1,53,2,80.0
TXN003937,2026-06-14,1,1,3,192.0
TXN003938,2026-06-14,1,50,1,260.0
TXN003938,2026-06-14,1,56,1,120.0
TXN003938,2026-06-14,1,28,1,75.0
TXN003938,2026-06-14,1,19,1,110.0
TXN003939,2026-06-14,1,7,2,260.0
TXN003939,2026-06-14,1,9,2,80.0
TXN003939,2026-06-14,1,11,1,35.0
TXN003939,2026-06-14,1,46,2,96.0
TXN003940,2026-06-14,1,43,1,240.0
TXN003941,2026-06-14,1,22,1,30.0
TXN003942,2026-06-14,1,15,1,110.0
TXN003942,2026-06-14,1,17,3,135.0
TXN003942,2026-06-14,1,2,2,70.0
TXN003943,2026-06-14,1,28,1,75.0
TXN003943,2026-06-14,1,48,2,48.0
TXN003943,2026-06-14,1,45,2,270.0
TXN003943,2026-06-14,1,59,2,70.0
TXN003944,2026-06-14,1,46,2,96.0
TXN003944,2026-06-14,1,20,1,220.0
TXN003944,2026-06-14,1,32,1,120.0
TXN003944,2026-06-14,1,12,2,180.0
TXN003945,2026-06-14,1,45,2,270.0
TXN003945,2026-06-14,1,32,1,120.0
TXN003945,2026-06-14,1,5,1,95.0
TXN003945,2026-06-14,1,55,1,30.0
TXN003946,2026-06-14,1,4,1,140.0
TXN003946,2026-06-14,1,22,2,60.0
TXN003946,2026-06-14,1,43,1,240.0
TXN003946,2026-06-14,1,35,1,145.0
TXN003947,2026-06-14,1,47,2,330.0
TXN003948,2026-06-14,1,45,2,270.0
TXN003948,2026-06-14,1,47,2,330.0
TXN003949,2026-06-14,1,30,3,120.0
TXN003949,2026-06-14,1,48,2,48.0
TXN003949,2026-06-14,1,37,1,160.0
TXN003950,2026-06-14,1,33,1,85.0
TXN003950,2026-06-14,1,28,1,75.0
TXN003951,2026-06-14,1,13,1,60.0
TXN003951,2026-06-14,1,57,1,90.0
TXN003951,2026-06-14,1,35,1,145.0
TXN003952,2026-06-14,1,52,1,50.0
TXN003952,2026-06-14,1,8,1,84.0
TXN003952,2026-06-14,1,4,1,140.0
TXN003952,2026-06-14,1,54,2,70.0
TXN003953,2026-06-14,1,9,3,120.0
TXN003953,2026-06-14,1,1,2,128.0
TXN003953,2026-06-14,1,7,3,390.0
TXN003953,2026-06-14,1,27,2,80.0
TXN003954,2026-06-14,1,22,3,90.0
TXN003954,2026-06-14,1,32,1,120.0
TXN003954,2026-06-14,1,43,1,240.0
TXN003955,2026-06-14,1,57,2,180.0
TXN003955,2026-06-14,1,32,3,360.0
TXN003955,2026-06-14,1,23,2,50.0
TXN003956,2026-06-14,2,18,2,40.0
TXN003956,2026-06-14,2,1,1,64.0
TXN003956,2026-06-14,2,4,1,140.0
TXN003957,2026-06-14,2,55,1,30.0
TXN003957,2026-06-14,2,9,3,120.0
TXN003957,2026-06-14,2,44,1,580.0
TXN003957,2026-06-14,2,4,1,140.0
TXN003958,2026-06-14,2,56,1,120.0
TXN003958,2026-06-14,2,17,3,135.0
TXN003959,2026-06-14,2,1,3,192.0
TXN003959,2026-06-14,2,10,1,45.0
TXN003960,2026-06-14,2,2,1,35.0
TXN003960,2026-06-14,2,33,2,170.0
TXN003960,2026-06-14,2,15,2,220.0
TXN003961,2026-06-14,2,2,1,35.0
TXN003961,2026-06-14,2,16,2,240.0
TXN003961,2026-06-14,2,27,2,80.0
TXN003961,2026-06-14,2,13,1,60.0
TXN003962,2026-06-14,2,33,1,85.0
TXN003962,2026-06-14,2,42,1,620.0
TXN003963,2026-06-14,2,47,1,165.0
TXN003964,2026-06-14,2,39,1,140.0
TXN003966,2026-06-14,2,43,1,240.0
TXN003966,2026-06-14,2,38,1,210.0
TXN003966,2026-06-14,2,1,2,128.0
TXN003967,2026-06-14,2,39,2,280.0
TXN003967,2026-06-14,2,32,1,120.0
TXN003967,2026-06-14,2,56,1,120.0
TXN003967,2026-06-14,2,55,2,60.0
TXN003968,2026-06-14,2,36,2,210.0
TXN003968,2026-06-14,2,18,2,40.0
TXN003969,2026-06-14,2,18,2,40.0
TXN003969,2026-06-14,2,1,2,128.0
TXN003969,2026-06-14,2,21,1,310.0
TXN003970,2026-06-14,2,1,2,128.0
TXN003970,2026-06-14,2,21,1,310.0
TXN003970,2026-06-14,2,32,2,240.0
TXN003970,2026-06-14,2,41,1,90.0
TXN003971,2026-06-14,2,3,1,115.0
TXN003971,2026-06-14,2,9,3,120.0
TXN003971,2026-06-14,2,43,2,480.0
TXN003971,2026-06-14,2,1,3,192.0
TXN003972,2026-06-14,2,52,1,50.0
TXN003973,2026-06-14,2,39,1,140.0
TXN003973,2026-06-14,2,49,1,85.0
TXN003973,2026-06-14,2,9,4,160.0
TXN003973,2026-06-14,2,22,2,60.0
TXN003974,2026-06-14,2,15,1,110.0
TXN003976,2026-06-14,2,28,1,75.0
TXN003977,2026-06-14,2,58,1,25.0
TXN003977,2026-06-14,2,48,1,24.0
TXN003977,2026-06-14,2,18,1,20.0
TXN003977,2026-06-14,2,59,1,35.0
TXN003978,2026-06-14,2,54,1,35.0
TXN003978,2026-06-14,2,39,2,280.0
TXN003979,2026-06-14,2,45,2,270.0
TXN003979,2026-06-14,2,33,1,85.0
TXN003979,2026-06-14,2,52,1,50.0
TXN003979,2026-06-14,2,18,2,40.0
TXN003980,2026-06-14,2,58,2,50.0
TXN003980,2026-06-14,2,28,1,75.0
TXN003981,2026-06-14,2,25,2,560.0
TXN003981,2026-06-14,2,46,2,96.0
TXN003981,2026-06-14,2,49,1,85.0
TXN003981,2026-06-14,2,18,1,20.0
TXN003982,2026-06-14,2,13,2,120.0
TXN003982,2026-06-14,2,45,1,135.0
TXN003982,2026-06-14,2,1,3,192.0
TXN003982,2026-06-14,2,25,2,560.0
TXN003983,2026-06-14,2,24,2,100.0
TXN003985,2026-06-14,2,30,1,40.0
TXN003986,2026-06-14,2,33,1,85.0
TXN003986,2026-06-14,2,10,2,90.0
TXN003986,2026-06-14,2,50,2,520.0
TXN003988,2026-06-14,2,60,1,40.0
TXN003988,2026-06-14,2,10,1,45.0
TXN003988,2026-06-14,2,16,1,120.0
TXN003988,2026-06-14,2,9,2,80.0
TXN003989,2026-06-14,2,33,1,85.0
TXN003989,2026-06-14,2,2,2,70.0
TXN003989,2026-06-14,2,10,2,90.0
TXN003989,2026-06-14,2,57,1,90.0
TXN003990,2026-06-14,2,21,1,310.0
TXN003990,2026-06-14,2,53,1,40.0
TXN003990,2026-06-14,2,18,1,20.0
TXN003991,2026-06-14,2,18,1,20.0
TXN003991,2026-06-14,2,52,2,100.0
TXN003991,2026-06-14,2,30,1,40.0
TXN003991,2026-06-14,2,29,1,95.0
TXN003992,2026-06-14,2,13,2,120.0
TXN003993,2026-06-14,2,54,2,70.0
TXN003994,2026-06-14,2,48,2,48.0
TXN003994,2026-06-14,2,14,1,80.0
TXN003994,2026-06-14,2,30,1,40.0
TXN003994,2026-06-14,2,33,2,170.0
TXN003995,2026-06-14,3,33,1,85.0
TXN003996,2026-06-14,3,17,2,90.0
TXN003996,2026-06-14,3,36,1,105.0
TXN003996,2026-06-14,3,33,1,85.0
TXN003996,2026-06-14,3,29,1,95.0
TXN003996,2026-06-14,3,27,1,40.0
TXN003997,2026-06-14,3,6,1,30.0
TXN003997,2026-06-14,3,10,1,45.0
TXN003997,2026-06-14,3,16,2,240.0
TXN003998,2026-06-14,3,2,1,35.0
TXN003998,2026-06-14,3,41,2,180.0
TXN003998,2026-06-14,3,55,2,60.0
TXN003998,2026-06-14,3,22,1,30.0
TXN003998,2026-06-14,3,48,1,24.0
TXN003999,2026-06-14,3,42,2,1240.0
TXN003999,2026-06-14,3,35,1,145.0
TXN003999,2026-06-14,3,25,2,560.0
TXN004000,2026-06-14,3,42,1,620.0
TXN004001,2026-06-14,3,25,1,280.0
TXN004001,2026-06-14,3,46,1,48.0
TXN004001,2026-06-14,3,49,1,85.0
TXN004001,2026-06-14,3,55,2,60.0
TXN004002,2026-06-14,3,15,1,110.0
TXN004003,2026-06-14,3,36,1,105.0
TXN004003,2026-06-14,3,10,1,45.0
TXN004003,2026-06-14,3,25,1,280.0
TXN004003,2026-06-14,3,58,1,25.0
TXN004004,2026-06-14,3,30,1,40.0
TXN004004,2026-06-14,3,16,1,120.0
TXN004005,2026-06-14,3,27,3,120.0
TXN004005,2026-06-14,3,51,1,180.0
TXN004005,2026-06-14,3,47,2,330.0
TXN004006,2026-06-14,3,29,1,95.0
TXN004006,2026-06-14,3,48,1,24.0
TXN004008,2026-06-14,3,29,2,190.0
TXN004008,2026-06-14,3,44,1,580.0
TXN004008,2026-06-14,3,58,1,25.0
TXN004009,2026-06-14,3,40,1,65.0
TXN004009,2026-06-14,3,39,1,140.0
TXN004010,2026-06-14,3,17,2,90.0
TXN004010,2026-06-14,3,3,1,115.0
TXN004010,2026-06-14,3,20,1,220.0
TXN004011,2026-06-14,3,20,1,220.0
TXN004012,2026-06-14,3,4,1,140.0
TXN004012,2026-06-14,3,42,2,1240.0
TXN004012,2026-06-14,3,59,1,35.0
TXN004012,2026-06-14,3,45,2,270.0
TXN004013,2026-06-14,3,4,2,280.0
TXN004013,2026-06-14,3,13,1,60.0
TXN004014,2026-06-14,3,53,2,80.0
TXN004015,2026-06-14,3,29,2,190.0
TXN004016,2026-06-14,3,23,1,25.0
TXN004016,2026-06-14,3,28,1,75.0
TXN004017,2026-06-14,3,2,1,35.0
TXN004017,2026-06-14,3,59,2,70.0
TXN004017,2026-06-14,3,49,1,85.0
TXN004018,2026-06-14,3,47,1,165.0
TXN004018,2026-06-14,3,55,1,30.0
TXN004018,2026-06-14,3,28,1,75.0
TXN004018,2026-06-14,3,20,1,220.0
TXN004020,2026-06-14,3,32,2,240.0
TXN004021,2026-06-14,3,43,1,240.0
TXN004021,2026-06-14,3,29,2,190.0
TXN004022,2026-06-14,3,50,2,520.0
TXN004022,2026-06-14,3,48,2,48.0
TXN004022,2026-06-14,3,46,2,96.0
TXN004023,2026-06-14,3,53,1,40.0
TXN004023,2026-06-14,3,15,1,110.0
TXN004024,2026-06-14,3,55,2,60.0
TXN004024,2026-06-14,3,48,1,24.0
TXN004024,2026-06-14,3,5,1,95.0
TXN004025,2026-06-14,3,52,2,100.0
TXN004025,2026-06-14,3,25,1,280.0
TXN004025,2026-06-14,3,2,1,35.0
TXN004025,2026-06-14,3,30,1,40.0
TXN004026,2026-06-14,3,12,2,180.0
TXN004026,2026-06-14,3,47,2,330.0
TXN004027,2026-06-14,3,23,2,50.0
TXN004027,2026-06-14,3,6,1,30.0
TXN004028,2026-06-14,3,1,2,128.0
TXN004028,2026-06-14,3,22,1,30.0
TXN004028,2026-06-14,3,11,1,35.0
TXN004028,2026-06-14,3,58,1,25.0
TXN004029,2026-06-15,1,58,1,25.0
TXN004029,2026-06-15,1,7,1,130.0
TXN004029,2026-06-15,1,15,1,110.0
TXN004030,2026-06-15,1,43,1,240.0
TXN004030,2026-06-15,1,25,1,280.0
TXN004031,2026-06-15,1,14,1,80.0
TXN004031,2026-06-15,1,45,2,270.0
TXN004031,2026-06-15,1,32,2,240.0
TXN004031,2026-06-15,1,52,2,100.0
TXN004031,2026-06-15,1,29,2,190.0
TXN004032,2026-06-15,1,43,1,240.0
TXN004032,2026-06-15,1,41,2,180.0
TXN004032,2026-06-15,1,16,1,120.0
TXN004033,2026-06-15,1,52,2,100.0
TXN004034,2026-06-15,1,60,2,80.0
TXN004034,2026-06-15,1,48,1,24.0
TXN004034,2026-06-15,1,2,1,35.0
TXN004035,2026-06-15,1,46,1,48.0
TXN004035,2026-06-15,1,53,1,40.0
TXN004035,2026-06-15,1,12,1,90.0
TXN004035,2026-06-15,1,8,2,168.0
TXN004036,2026-06-15,1,48,4,96.0
TXN004036,2026-06-15,1,25,1,280.0
TXN004036,2026-06-15,1,27,1,40.0
TXN004036,2026-06-15,1,5,1,95.0
TXN004037,2026-06-15,1,9,3,120.0
TXN004038,2026-06-15,1,9,2,80.0
TXN004039,2026-06-15,1,58,1,25.0
TXN004039,2026-06-15,1,14,1,80.0
TXN004039,2026-06-15,1,47,2,330.0
TXN004040,2026-06-15,1,40,2,130.0
TXN004040,2026-06-15,1,48,2,48.0
TXN004040,2026-06-15,1,2,1,35.0
TXN004041,2026-06-15,1,18,1,20.0
TXN004041,2026-06-15,1,53,2,80.0
TXN004042,2026-06-15,1,16,2,240.0
TXN004042,2026-06-15,1,50,1,260.0
TXN004043,2026-06-15,1,55,1,30.0
TXN004043,2026-06-15,1,26,1,450.0
TXN004043,2026-06-15,1,59,1,35.0
TXN004044,2026-06-15,1,53,1,40.0
TXN004044,2026-06-15,1,8,2,168.0
TXN004044,2026-06-15,1,36,2,210.0
TXN004045,2026-06-15,1,51,2,360.0
TXN004045,2026-06-15,1,23,2,50.0
TXN004045,2026-06-15,1,48,1,24.0
TXN004046,2026-06-15,1,41,1,90.0
TXN004047,2026-06-15,1,52,1,50.0
TXN004047,2026-06-15,1,6,1,30.0
TXN004048,2026-06-15,1,21,1,310.0
TXN004048,2026-06-15,1,1,2,128.0
TXN004048,2026-06-15,1,12,1,90.0
TXN004048,2026-06-15,1,48,2,48.0
TXN004048,2026-06-15,1,52,1,50.0
TXN004049,2026-06-15,1,50,1,260.0
TXN004049,2026-06-15,1,60,1,40.0
TXN004050,2026-06-15,1,59,1,35.0
TXN004050,2026-06-15,1,15,2,220.0
TXN004050,2026-06-15,1,1,4,256.0
TXN004051,2026-06-15,1,25,2,560.0
TXN004051,2026-06-15,1,47,1,165.0
TXN004051,2026-06-15,1,48,1,24.0
TXN004052,2026-06-15,1,19,1,110.0
TXN004052,2026-06-15,1,54,1,35.0
TXN004052,2026-06-15,1,13,1,60.0
TXN004053,2026-06-15,1,30,1,40.0
TXN004053,2026-06-15,1,38,1,210.0
TXN004053,2026-06-15,1,53,2,80.0
TXN004053,2026-06-15,1,21,1,310.0
TXN004053,2026-06-15,1,14,1,80.0
TXN004054,2026-06-15,1,29,2,190.0
TXN004054,2026-06-15,1,32,1,120.0
TXN004055,2026-06-15,1,4,1,140.0
TXN004055,2026-06-15,1,45,2,270.0
TXN004055,2026-06-15,1,34,1,190.0
TXN004055,2026-06-15,1,52,1,50.0
TXN004056,2026-06-15,1,6,1,30.0
TXN004056,2026-06-15,1,20,1,220.0
TXN004057,2026-06-15,1,21,1,310.0
TXN004058,2026-06-15,1,28,1,75.0
TXN004059,2026-06-15,1,41,1,90.0
TXN004059,2026-06-15,1,7,1,130.0
TXN004060,2026-06-15,1,36,1,105.0
TXN004060,2026-06-15,1,30,1,40.0
TXN004060,2026-06-15,1,7,1,130.0
TXN004060,2026-06-15,1,3,1,115.0
TXN004061,2026-06-15,2,42,2,1240.0
TXN004061,2026-06-15,2,36,2,210.0
TXN004061,2026-06-15,2,54,2,70.0
TXN004061,2026-06-15,2,1,2,128.0
TXN004062,2026-06-15,2,24,1,50.0
TXN004063,2026-06-15,2,12,1,90.0
TXN004063,2026-06-15,2,46,2,96.0
TXN004063,2026-06-15,2,48,2,48.0
TXN004064,2026-06-15,2,33,1,85.0
TXN004065,2026-06-15,2,2,1,35.0
TXN004066,2026-06-15,2,7,2,260.0
TXN004067,2026-06-15,2,51,1,180.0
TXN004067,2026-06-15,2,10,1,45.0
TXN004067,2026-06-15,2,2,1,35.0
TXN004068,2026-06-15,2,48,2,48.0
TXN004068,2026-06-15,2,38,1,210.0
TXN004068,2026-06-15,2,37,1,160.0
TXN004069,2026-06-15,2,16,1,120.0
TXN004069,2026-06-15,2,14,1,80.0
TXN004071,2026-06-15,2,56,1,120.0
TXN004071,2026-06-15,2,38,1,210.0
TXN004072,2026-06-15,2,9,3,120.0
TXN004072,2026-06-15,2,42,2,1240.0
TXN004072,2026-06-15,2,2,1,35.0
TXN004072,2026-06-15,2,7,1,130.0
TXN004074,2026-06-15,2,17,2,90.0
TXN004074,2026-06-15,2,35,1,145.0
TXN004075,2026-06-15,2,13,1,60.0
TXN004076,2026-06-15,2,25,1,280.0
TXN004077,2026-06-15,2,51,1,180.0
TXN004078,2026-06-15,2,17,2,90.0
TXN004078,2026-06-15,2,22,1,30.0
TXN004078,2026-06-15,2,54,1,35.0
TXN004078,2026-06-15,2,56,1,120.0
TXN004078,2026-06-15,2,27,2,80.0
TXN004079,2026-06-15,2,50,1,260.0
TXN004079,2026-06-15,2,52,1,50.0
TXN004080,2026-06-15,2,18,1,20.0
TXN004080,2026-06-15,2,12,1,90.0
TXN004081,2026-06-15,2,16,1,120.0
TXN004081,2026-06-15,2,30,1,40.0
TXN004082,2026-06-15,2,36,1,105.0
TXN004082,2026-06-15,2,24,1,50.0
TXN004082,2026-06-15,2,40,1,65.0
TXN004083,2026-06-15,2,45,2,270.0
TXN004083,2026-06-15,2,12,1,90.0
TXN004083,2026-06-15,2,25,1,280.0
TXN004085,2026-06-15,2,49,1,85.0
TXN004085,2026-06-15,2,58,1,25.0
TXN004085,2026-06-15,2,25,1,280.0
TXN004086,2026-06-15,2,20,1,220.0
TXN004086,2026-06-15,2,7,1,130.0
TXN004087,2026-06-15,3,57,1,90.0
TXN004088,2026-06-15,3,49,1,85.0
TXN004088,2026-06-15,3,26,1,450.0
TXN004089,2026-06-15,3,36,1,105.0
TXN004090,2026-06-15,3,57,1,90.0
TXN004090,2026-06-15,3,22,1,30.0
TXN004090,2026-06-15,3,48,2,48.0
TXN004091,2026-06-15,3,32,1,120.0
TXN004091,2026-06-15,3,60,1,40.0
TXN004091,2026-06-15,3,38,1,210.0
TXN004092,2026-06-15,3,41,1,90.0
TXN004092,2026-06-15,3,36,1,105.0
TXN004093,2026-06-15,3,36,2,210.0
TXN004093,2026-06-15,3,33,1,85.0
TXN004093,2026-06-15,3,48,2,48.0
TXN004094,2026-06-15,3,47,1,165.0
TXN004094,2026-06-15,3,19,1,110.0
TXN004095,2026-06-15,3,49,1,85.0
TXN004095,2026-06-15,3,57,1,90.0
TXN004095,2026-06-15,3,35,1,145.0
TXN004095,2026-06-15,3,43,1,240.0
TXN004096,2026-06-15,3,42,1,620.0
TXN004096,2026-06-15,3,13,1,60.0
TXN004096,2026-06-15,3,45,2,270.0
TXN004096,2026-06-15,3,30,1,40.0
TXN004097,2026-06-15,3,45,1,135.0
TXN004097,2026-06-15,3,50,1,260.0
TXN004097,2026-06-15,3,54,1,35.0
TXN004098,2026-06-15,3,53,1,40.0
TXN004098,2026-06-15,3,36,1,105.0
TXN004099,2026-06-15,3,19,1,110.0
TXN004100,2026-06-15,3,50,1,260.0
TXN004101,2026-06-15,3,12,1,90.0
TXN004101,2026-06-15,3,21,1,310.0
TXN004101,2026-06-15,3,42,1,620.0
TXN004102,2026-06-15,3,23,1,25.0
TXN004102,2026-06-15,3,49,1,85.0
TXN004103,2026-06-15,3,9,3,120.0
TXN004103,2026-06-15,3,48,2,48.0
TXN004105,2026-06-15,3,55,1,30.0
TXN004105,2026-06-15,3,8,1,84.0
TXN004105,2026-06-15,3,12,1,90.0
TXN004106,2026-06-15,3,6,1,30.0
TXN004106,2026-06-15,3,27,1,40.0
TXN004106,2026-06-15,3,29,1,95.0
TXN004107,2026-06-15,3,39,1,140.0
TXN004107,2026-06-15,3,8,3,252.0
TXN004108,2026-06-15,3,11,1,35.0
TXN004109,2026-06-15,3,2,1,35.0
TXN004109,2026-06-15,3,8,1,84.0
TXN004109,2026-06-15,3,50,2,520.0
TXN004109,2026-06-15,3,46,2,96.0
TXN004110,2026-06-15,3,15,1,110.0
TXN004110,2026-06-15,3,18,1,20.0
TXN004111,2026-06-15,3,54,1,35.0
TXN004111,2026-06-15,3,31,1,175.0
TXN004111,2026-06-15,3,43,1,240.0
TXN004112,2026-06-15,3,19,1,110.0
TXN004113,2026-06-15,3,45,2,270.0
TXN004113,2026-06-15,3,17,1,45.0
TXN004113,2026-06-15,3,6,1,30.0
TXN004114,2026-06-15,3,59,1,35.0
TXN004114,2026-06-15,3,35,1,145.0
TXN004114,2026-06-15,3,6,1,30.0
TXN004115,2026-06-15,3,43,1,240.0
TXN004115,2026-06-15,3,6,2,60.0
TXN004115,2026-06-15,3,2,2,70.0
TXN004117,2026-06-16,1,60,1,40.0
TXN004117,2026-06-16,1,8,1,84.0
TXN004117,2026-06-16,1,59,1,35.0
TXN004118,2026-06-16,1,39,2,280.0
TXN004118,2026-06-16,1,3,1,115.0
TXN004118,2026-06-16,1,16,2,240.0
TXN004118,2026-06-16,1,19,1,110.0
TXN004118,2026-06-16,1,10,1,45.0
TXN004119,2026-06-16,1,17,2,90.0
TXN004119,2026-06-16,1,57,1,90.0
TXN004119,2026-06-16,1,10,1,45.0
TXN004119,2026-06-16,1,4,2,280.0
TXN004119,2026-06-16,1,14,1,80.0
TXN004120,2026-06-16,1,32,2,240.0
TXN004122,2026-06-16,1,4,1,140.0
TXN004122,2026-06-16,1,6,2,60.0
TXN004122,2026-06-16,1,51,2,360.0
TXN004124,2026-06-16,1,9,3,120.0
TXN004125,2026-06-16,1,58,1,25.0
TXN004125,2026-06-16,1,30,1,40.0
TXN004125,2026-06-16,1,43,2,480.0
TXN004127,2026-06-16,1,8,2,168.0
TXN004128,2026-06-16,1,21,1,310.0
TXN004128,2026-06-16,1,9,1,40.0
TXN004128,2026-06-16,1,59,1,35.0
TXN004129,2026-06-16,1,28,1,75.0
TXN004129,2026-06-16,1,55,1,30.0
TXN004129,2026-06-16,1,33,1,85.0
TXN004130,2026-06-16,1,51,1,180.0
TXN004130,2026-06-16,1,6,1,30.0
TXN004130,2026-06-16,1,3,2,230.0
TXN004130,2026-06-16,1,59,2,70.0
TXN004130,2026-06-16,1,41,1,90.0
TXN004131,2026-06-16,1,11,1,35.0
TXN004131,2026-06-16,1,16,2,240.0
TXN004131,2026-06-16,1,42,2,1240.0
TXN004132,2026-06-16,1,5,1,95.0
TXN004133,2026-06-16,1,14,1,80.0
TXN004133,2026-06-16,1,22,1,30.0
TXN004133,2026-06-16,1,4,1,140.0
TXN004134,2026-06-16,1,25,1,280.0
TXN004134,2026-06-16,1,5,1,95.0
TXN004135,2026-06-16,1,22,2,60.0
TXN004135,2026-06-16,1,11,1,35.0
TXN004135,2026-06-16,1,21,1,310.0
TXN004136,2026-06-16,1,9,1,40.0
TXN004137,2026-06-16,1,19,1,110.0
TXN004138,2026-06-16,1,18,1,20.0
TXN004138,2026-06-16,1,59,1,35.0
TXN004138,2026-06-16,1,23,2,50.0
TXN004138,2026-06-16,1,28,1,75.0
TXN004139,2026-06-16,1,2,1,35.0
TXN004140,2026-06-16,1,7,1,130.0
TXN004141,2026-06-16,1,14,1,80.0
TXN004141,2026-06-16,1,24,1,50.0
TXN004141,2026-06-16,1,50,2,520.0
TXN004141,2026-06-16,1,33,1,85.0
TXN004142,2026-06-16,1,30,2,80.0
TXN004143,2026-06-16,1,26,1,450.0
TXN004143,2026-06-16,1,24,1,50.0
TXN004143,2026-06-16,1,2,2,70.0
TXN004144,2026-06-16,1,6,1,30.0
TXN004145,2026-06-16,1,55,1,30.0
TXN004145,2026-06-16,1,42,3,1860.0
TXN004145,2026-06-16,1,59,2,70.0
TXN004146,2026-06-16,1,42,2,1240.0
TXN004146,2026-06-16,1,27,2,80.0
TXN004146,2026-06-16,1,56,1,120.0
TXN004146,2026-06-16,1,17,3,135.0
TXN004147,2026-06-16,1,1,4,256.0
TXN004148,2026-06-16,1,27,1,40.0
TXN004148,2026-06-16,1,4,1,140.0
TXN004149,2026-06-16,1,10,2,90.0
TXN004150,2026-06-16,1,33,1,85.0
TXN004150,2026-06-16,1,47,2,330.0
TXN004151,2026-06-16,1,9,3,120.0
TXN004151,2026-06-16,1,15,1,110.0
TXN004152,2026-06-16,1,36,2,210.0
TXN004152,2026-06-16,1,10,1,45.0
TXN004153,2026-06-16,1,21,2,620.0
TXN004153,2026-06-16,1,56,2,240.0
TXN004153,2026-06-16,1,10,4,180.0
TXN004154,2026-06-16,1,3,1,115.0
TXN004154,2026-06-16,1,1,3,192.0
TXN004154,2026-06-16,1,18,1,20.0
TXN004155,2026-06-16,1,15,1,110.0
TXN004156,2026-06-16,1,7,1,130.0
TXN004157,2026-06-16,1,13,1,60.0
TXN004157,2026-06-16,1,21,2,620.0
TXN004157,2026-06-16,1,50,1,260.0
TXN004158,2026-06-16,1,50,1,260.0
TXN004158,2026-06-16,1,42,1,620.0
TXN004159,2026-06-16,1,51,2,360.0
TXN004160,2026-06-16,1,32,1,120.0
TXN004160,2026-06-16,1,36,1,105.0
TXN004161,2026-06-16,1,2,1,35.0
TXN004161,2026-06-16,1,9,2,80.0
TXN004162,2026-06-16,2,58,1,25.0
TXN004163,2026-06-16,2,16,2,240.0
TXN004163,2026-06-16,2,5,1,95.0
TXN004164,2026-06-16,2,49,1,85.0
TXN004164,2026-06-16,2,59,1,35.0
TXN004164,2026-06-16,2,7,2,260.0
TXN004164,2026-06-16,2,42,2,1240.0
TXN004165,2026-06-16,2,36,2,210.0
TXN004165,2026-06-16,2,3,1,115.0
TXN004166,2026-06-16,2,60,1,40.0
TXN004166,2026-06-16,2,40,1,65.0
TXN004166,2026-06-16,2,15,2,220.0
TXN004166,2026-06-16,2,2,1,35.0
TXN004166,2026-06-16,2,25,1,280.0
TXN004167,2026-06-16,2,30,1,40.0
TXN004167,2026-06-16,2,36,1,105.0
TXN004168,2026-06-16,2,7,1,130.0
TXN004168,2026-06-16,2,15,1,110.0
TXN004169,2026-06-16,2,17,1,45.0
TXN004169,2026-06-16,2,60,1,40.0
TXN004169,2026-06-16,2,59,2,70.0
TXN004169,2026-06-16,2,58,1,25.0
TXN004170,2026-06-16,2,36,1,105.0
TXN004170,2026-06-16,2,21,2,620.0
TXN004171,2026-06-16,2,50,1,260.0
TXN004171,2026-06-16,2,2,2,70.0
TXN004172,2026-06-16,2,37,1,160.0
TXN004172,2026-06-16,2,4,1,140.0
TXN004172,2026-06-16,2,45,1,135.0
TXN004173,2026-06-16,2,28,1,75.0
TXN004173,2026-06-16,2,1,2,128.0
TXN004173,2026-06-16,2,25,2,560.0
TXN004173,2026-06-16,2,5,1,95.0
TXN004173,2026-06-16,2,47,2,330.0
TXN004174,2026-06-16,2,29,2,190.0
TXN004174,2026-06-16,2,58,1,25.0
TXN004175,2026-06-16,2,27,1,40.0
TXN004175,2026-06-16,2,43,1,240.0
TXN004176,2026-06-16,2,4,1,140.0
TXN004176,2026-06-16,2,9,2,80.0
TXN004176,2026-06-16,2,23,1,25.0
TXN004176,2026-06-16,2,41,1,90.0
TXN004177,2026-06-16,2,41,1,90.0
TXN004177,2026-06-16,2,40,1,65.0
TXN004178,2026-06-16,2,57,1,90.0
TXN004178,2026-06-16,2,1,2,128.0
TXN004179,2026-06-16,2,12,1,90.0
TXN004180,2026-06-16,2,46,1,48.0
TXN004180,2026-06-16,2,9,2,80.0
TXN004180,2026-06-16,2,8,1,84.0
TXN004181,2026-06-16,2,7,2,260.0
TXN004181,2026-06-16,2,21,1,310.0
TXN004182,2026-06-16,2,25,1,280.0
TXN004183,2026-06-16,2,1,3,192.0
TXN004183,2026-06-16,2,18,1,20.0
TXN004183,2026-06-16,2,24,1,50.0
TXN004184,2026-06-16,2,51,1,180.0
TXN004185,2026-06-16,2,12,2,180.0
TXN004185,2026-06-16,2,60,1,40.0
TXN004185,2026-06-16,2,15,1,110.0
TXN004186,2026-06-16,2,59,1,35.0
TXN004186,2026-06-16,2,52,2,100.0
TXN004186,2026-06-16,2,9,2,80.0
TXN004186,2026-06-16,2,25,1,280.0
TXN004188,2026-06-16,2,11,1,35.0
TXN004188,2026-06-16,2,7,1,130.0
TXN004188,2026-06-16,2,32,1,120.0
TXN004189,2026-06-16,3,30,1,40.0
TXN004189,2026-06-16,3,35,1,145.0
TXN004190,2026-06-16,3,25,2,560.0
TXN004191,2026-06-16,3,14,2,160.0
TXN004192,2026-06-16,3,54,1,35.0
TXN004194,2026-06-16,3,1,2,128.0
TXN004194,2026-06-16,3,12,1,90.0
TXN004194,2026-06-16,3,10,1,45.0
TXN004195,2026-06-16,3,4,1,140.0
TXN004195,2026-06-16,3,7,2,260.0
TXN004195,2026-06-16,3,37,1,160.0
TXN004195,2026-06-16,3,16,1,120.0
TXN004195,2026-06-16,3,42,1,620.0
TXN004196,2026-06-16,3,1,2,128.0
TXN004197,2026-06-16,3,42,1,620.0
TXN004197,2026-06-16,3,22,2,60.0
TXN004197,2026-06-16,3,28,1,75.0
TXN004197,2026-06-16,3,7,2,260.0
TXN004197,2026-06-16,3,25,1,280.0
TXN004198,2026-06-16,3,48,2,48.0
TXN004198,2026-06-16,3,24,1,50.0
TXN004199,2026-06-16,3,52,1,50.0
TXN004199,2026-06-16,3,10,2,90.0
TXN004199,2026-06-16,3,15,1,110.0
TXN004200,2026-06-16,3,48,2,48.0
TXN004200,2026-06-16,3,15,1,110.0
TXN004201,2026-06-16,3,30,1,40.0
TXN004201,2026-06-16,3,59,1,35.0
TXN004201,2026-06-16,3,51,1,180.0
TXN004202,2026-06-16,3,29,1,95.0
TXN004202,2026-06-16,3,1,2,128.0
TXN004203,2026-06-16,3,13,1,60.0
TXN004205,2026-06-16,3,32,1,120.0
TXN004205,2026-06-16,3,28,1,75.0
TXN004205,2026-06-16,3,27,1,40.0
TXN004206,2026-06-16,3,5,1,95.0
TXN004206,2026-06-16,3,9,1,40.0
TXN004206,2026-06-16,3,2,1,35.0
TXN004206,2026-06-16,3,51,1,180.0
TXN004207,2026-06-16,3,4,1,140.0
TXN004207,2026-06-16,3,27,1,40.0
TXN004207,2026-06-16,3,43,1,240.0
TXN004208,2026-06-16,3,44,1,580.0
TXN004209,2026-06-16,3,41,1,90.0
TXN004209,2026-06-16,3,36,1,105.0
TXN004209,2026-06-16,3,60,1,40.0
TXN004210,2026-06-16,3,16,1,120.0
TXN004211,2026-06-17,1,35,1,145.0
TXN004212,2026-06-17,1,10,1,45.0
TXN004212,2026-06-17,1,5,1,95.0
TXN004213,2026-06-17,1,33,2,170.0
TXN004213,2026-06-17,1,24,1,50.0
TXN004214,2026-06-17,1,39,1,140.0
TXN004214,2026-06-17,1,20,1,220.0
TXN004215,2026-06-17,1,2,2,70.0
TXN004216,2026-06-17,1,50,1,260.0
TXN004216,2026-06-17,1,16,1,120.0
TXN004217,2026-06-17,1,56,1,120.0
TXN004217,2026-06-17,1,16,1,120.0
TXN004218,2026-06-17,1,17,2,90.0
TXN004218,2026-06-17,1,28,1,75.0
TXN004219,2026-06-17,1,55,2,60.0
TXN004219,2026-06-17,1,25,1,280.0
TXN004219,2026-06-17,1,14,1,80.0
TXN004219,2026-06-17,1,9,2,80.0
TXN004220,2026-06-17,1,27,2,80.0
TXN004220,2026-06-17,1,22,2,60.0
TXN004220,2026-06-17,1,37,1,160.0
TXN004221,2026-06-17,1,9,2,80.0
TXN004221,2026-06-17,1,7,1,130.0
TXN004221,2026-06-17,1,50,2,520.0
TXN004221,2026-06-17,1,18,1,20.0
TXN004222,2026-06-17,1,29,2,190.0
TXN004223,2026-06-17,1,10,1,45.0
TXN004224,2026-06-17,1,23,2,50.0
TXN004224,2026-06-17,1,15,1,110.0
TXN004224,2026-06-17,1,52,2,100.0
TXN004226,2026-06-17,1,29,1,95.0
TXN004226,2026-06-17,1,33,1,85.0
TXN004227,2026-06-17,1,19,1,110.0
TXN004227,2026-06-17,1,46,2,96.0
TXN004227,2026-06-17,1,24,1,50.0
TXN004227,2026-06-17,1,54,1,35.0
TXN004227,2026-06-17,1,8,1,84.0
TXN004228,2026-06-17,1,27,2,80.0
TXN004228,2026-06-17,1,21,1,310.0
TXN004228,2026-06-17,1,25,2,560.0
TXN004228,2026-06-17,1,35,1,145.0
TXN004228,2026-06-17,1,60,1,40.0
TXN004229,2026-06-17,1,50,2,520.0
TXN004229,2026-06-17,1,9,2,80.0
TXN004229,2026-06-17,1,49,2,170.0
TXN004229,2026-06-17,1,29,3,285.0
TXN004230,2026-06-17,1,45,1,135.0
TXN004230,2026-06-17,1,2,2,70.0
TXN004230,2026-06-17,1,40,1,65.0
TXN004231,2026-06-17,1,5,2,190.0
TXN004231,2026-06-17,1,9,2,80.0
TXN004232,2026-06-17,1,58,1,25.0
TXN004232,2026-06-17,1,1,3,192.0
TXN004232,2026-06-17,1,12,1,90.0
TXN004233,2026-06-17,1,30,2,80.0
TXN004233,2026-06-17,1,36,1,105.0
TXN004233,2026-06-17,1,55,1,30.0
TXN004233,2026-06-17,1,45,1,135.0
TXN004234,2026-06-17,1,47,1,165.0
TXN004234,2026-06-17,1,37,1,160.0
TXN004235,2026-06-17,1,19,1,110.0
TXN004235,2026-06-17,1,45,2,270.0
TXN004235,2026-06-17,1,42,1,620.0
TXN004235,2026-06-17,1,4,1,140.0
TXN004235,2026-06-17,1,30,1,40.0
TXN004236,2026-06-17,1,50,2,520.0
TXN004236,2026-06-17,1,16,2,240.0
TXN004237,2026-06-17,1,45,2,270.0
TXN004237,2026-06-17,1,4,2,280.0
TXN004238,2026-06-17,1,5,1,95.0
TXN004238,2026-06-17,1,46,1,48.0
TXN004239,2026-06-17,1,1,2,128.0
TXN004239,2026-06-17,1,27,2,80.0
TXN004240,2026-06-17,1,1,4,256.0
TXN004240,2026-06-17,1,8,2,168.0
TXN004240,2026-06-17,1,5,1,95.0
TXN004241,2026-06-17,1,58,1,25.0
TXN004242,2026-06-17,1,33,1,85.0
TXN004242,2026-06-17,1,59,1,35.0
TXN004242,2026-06-17,1,18,1,20.0
TXN004242,2026-06-17,1,9,3,120.0
TXN004243,2026-06-17,1,55,2,60.0
TXN004244,2026-06-17,1,39,2,280.0
TXN004244,2026-06-17,1,32,1,120.0
TXN004244,2026-06-17,1,47,1,165.0
TXN004244,2026-06-17,1,48,2,48.0
TXN004245,2026-06-17,1,59,2,70.0
TXN004246,2026-06-17,1,9,2,80.0
TXN004246,2026-06-17,1,2,2,70.0
TXN004246,2026-06-17,1,36,2,210.0
TXN004246,2026-06-17,1,24,1,50.0
TXN004246,2026-06-17,1,59,1,35.0
TXN004247,2026-06-17,1,49,1,85.0
TXN004247,2026-06-17,1,56,2,240.0
TXN004247,2026-06-17,1,6,1,30.0
TXN004248,2026-06-17,1,4,2,280.0
TXN004248,2026-06-17,1,53,1,40.0
TXN004248,2026-06-17,1,42,3,1860.0
TXN004249,2026-06-17,1,26,1,450.0
TXN004249,2026-06-17,1,8,2,168.0
TXN004250,2026-06-17,1,35,1,145.0
TXN004251,2026-06-17,1,47,1,165.0
TXN004251,2026-06-17,1,33,1,85.0
TXN004251,2026-06-17,1,37,1,160.0
TXN004251,2026-06-17,1,41,1,90.0
TXN004251,2026-06-17,1,49,1,85.0
TXN004252,2026-06-17,1,16,2,240.0
TXN004252,2026-06-17,1,23,2,50.0
TXN004253,2026-06-17,1,5,1,95.0
TXN004254,2026-06-17,1,18,1,20.0
TXN004255,2026-06-17,1,30,1,40.0
TXN004255,2026-06-17,1,23,1,25.0
TXN004256,2026-06-17,1,1,2,128.0
TXN004256,2026-06-17,1,7,1,130.0
TXN004256,2026-06-17,1,60,1,40.0
TXN004257,2026-06-17,1,36,2,210.0
TXN004257,2026-06-17,1,17,2,90.0
TXN004257,2026-06-17,1,3,1,115.0
TXN004257,2026-06-17,1,6,2,60.0
TXN004259,2026-06-17,2,45,2,270.0
TXN004259,2026-06-17,2,7,2,260.0
TXN004259,2026-06-17,2,28,1,75.0
TXN004259,2026-06-17,2,6,2,60.0
TXN004260,2026-06-17,2,8,1,84.0
TXN004260,2026-06-17,2,6,1,30.0
TXN004261,2026-06-17,2,43,1,240.0
TXN004261,2026-06-17,2,11,1,35.0
TXN004261,2026-06-17,2,27,1,40.0
TXN004261,2026-06-17,2,5,1,95.0
TXN004262,2026-06-17,2,14,1,80.0
TXN004262,2026-06-17,2,24,1,50.0
TXN004262,2026-06-17,2,17,2,90.0
TXN004262,2026-06-17,2,23,1,25.0
TXN004263,2026-06-17,2,16,2,240.0
TXN004264,2026-06-17,2,50,1,260.0
TXN004264,2026-06-17,2,49,1,85.0
TXN004264,2026-06-17,2,33,1,85.0
TXN004264,2026-06-17,2,11,1,35.0
TXN004264,2026-06-17,2,19,1,110.0
TXN004265,2026-06-17,2,22,1,30.0
TXN004265,2026-06-17,2,36,1,105.0
TXN004265,2026-06-17,2,5,1,95.0
TXN004266,2026-06-17,2,32,2,240.0
TXN004266,2026-06-17,2,56,2,240.0
TXN004266,2026-06-17,2,14,1,80.0
TXN004266,2026-06-17,2,1,2,128.0
TXN004267,2026-06-17,2,12,1,90.0
TXN004267,2026-06-17,2,25,1,280.0
TXN004268,2026-06-17,2,5,1,95.0
TXN004268,2026-06-17,2,41,1,90.0
TXN004269,2026-06-17,2,24,1,50.0
TXN004269,2026-06-17,2,20,1,220.0
TXN004269,2026-06-17,2,7,2,260.0
TXN004270,2026-06-17,2,35,2,290.0
TXN004271,2026-06-17,2,47,1,165.0
TXN004272,2026-06-17,2,36,1,105.0
TXN004273,2026-06-17,2,51,1,180.0
TXN004273,2026-06-17,2,30,1,40.0
TXN004274,2026-06-17,2,9,2,80.0
TXN004274,2026-06-17,2,21,1,310.0
TXN004274,2026-06-17,2,45,1,135.0
TXN004274,2026-06-17,2,47,1,165.0
TXN004275,2026-06-17,2,10,1,45.0
TXN004276,2026-06-17,2,4,1,140.0
TXN004278,2026-06-17,2,23,1,25.0
TXN004279,2026-06-17,2,49,1,85.0
TXN004281,2026-06-17,2,7,1,130.0
TXN004281,2026-06-17,2,25,1,280.0
TXN004281,2026-06-17,2,46,2,96.0
TXN004282,2026-06-17,2,39,1,140.0
TXN004283,2026-06-17,2,2,1,35.0
TXN004283,2026-06-17,2,40,1,65.0
TXN004283,2026-06-17,2,46,1,48.0
TXN004284,2026-06-17,2,25,1,280.0
TXN004285,2026-06-17,2,30,2,80.0
TXN004286,2026-06-17,2,5,2,190.0
TXN004286,2026-06-17,2,49,1,85.0
TXN004286,2026-06-17,2,17,1,45.0
TXN004286,2026-06-17,2,16,1,120.0
TXN004286,2026-06-17,2,40,1,65.0
TXN004287,2026-06-17,2,27,1,40.0
TXN004288,2026-06-17,2,8,1,84.0
TXN004288,2026-06-17,2,6,1,30.0
TXN004288,2026-06-17,2,59,1,35.0
TXN004288,2026-06-17,2,22,2,60.0
TXN004288,2026-06-17,2,3,1,115.0
TXN004290,2026-06-17,3,23,1,25.0
TXN004291,2026-06-17,3,39,1,140.0
TXN004291,2026-06-17,3,30,1,40.0
TXN004292,2026-06-17,3,19,1,110.0
TXN004292,2026-06-17,3,46,1,48.0
TXN004293,2026-06-17,3,19,1,110.0
TXN004294,2026-06-17,3,25,1,280.0
TXN004294,2026-06-17,3,16,1,120.0
TXN004295,2026-06-17,3,55,1,30.0
TXN004295,2026-06-17,3,44,1,580.0
TXN004295,2026-06-17,3,54,1,35.0
TXN004296,2026-06-17,3,45,1,135.0
TXN004296,2026-06-17,3,9,2,80.0
TXN004296,2026-06-17,3,53,1,40.0
TXN004296,2026-06-17,3,43,1,240.0
TXN004297,2026-06-17,3,35,2,290.0
TXN004297,2026-06-17,3,17,2,90.0
TXN004297,2026-06-17,3,55,1,30.0
TXN004298,2026-06-17,3,19,1,110.0
TXN004298,2026-06-17,3,1,3,192.0
TXN004299,2026-06-17,3,2,1,35.0
TXN004300,2026-06-17,3,43,1,240.0
TXN004300,2026-06-17,3,48,1,24.0
TXN004301,2026-06-17,3,2,1,35.0
TXN004301,2026-06-17,3,36,2,210.0
TXN004301,2026-06-17,3,50,1,260.0
TXN004301,2026-06-17,3,22,1,30.0
TXN004302,2026-06-17,3,21,2,620.0
TXN004304,2026-06-17,3,1,2,128.0
TXN004305,2026-06-17,3,38,1,210.0
TXN004306,2026-06-17,3,16,1,120.0
TXN004306,2026-06-17,3,29,1,95.0
TXN004307,2026-06-17,3,12,2,180.0
TXN004308,2026-06-17,3,42,2,1240.0
TXN004308,2026-06-17,3,15,1,110.0
TXN004308,2026-06-17,3,22,2,60.0
TXN004308,2026-06-17,3,45,1,135.0
TXN004308,2026-06-17,3,18,1,20.0
TXN004309,2026-06-17,3,60,1,40.0
TXN004310,2026-06-17,3,27,1,40.0
TXN004310,2026-06-17,3,16,1,120.0
TXN004311,2026-06-17,3,33,1,85.0
TXN004312,2026-06-18,1,5,1,95.0
TXN004312,2026-06-18,1,23,1,25.0
TXN004312,2026-06-18,1,55,1,30.0
TXN004313,2026-06-18,1,58,1,25.0
TXN004313,2026-06-18,1,45,2,270.0
TXN004313,2026-06-18,1,17,2,90.0
TXN004313,2026-06-18,1,50,2,520.0
TXN004314,2026-06-18,1,54,1,35.0
TXN004315,2026-06-18,1,36,1,105.0
TXN004315,2026-06-18,1,14,1,80.0
TXN004316,2026-06-18,1,28,1,75.0
TXN004316,2026-06-18,1,32,1,120.0
TXN004316,2026-06-18,1,60,1,40.0
TXN004316,2026-06-18,1,13,1,60.0
TXN004316,2026-06-18,1,39,1,140.0
TXN004317,2026-06-18,1,8,1,84.0
TXN004317,2026-06-18,1,48,2,48.0
TXN004317,2026-06-18,1,9,2,80.0
TXN004317,2026-06-18,1,43,1,240.0
TXN004318,2026-06-18,1,49,1,85.0
TXN004319,2026-06-18,1,31,1,175.0
TXN004319,2026-06-18,1,45,1,135.0
TXN004319,2026-06-18,1,56,1,120.0
TXN004322,2026-06-18,1,2,1,35.0
TXN004322,2026-06-18,1,6,1,30.0
TXN004323,2026-06-18,1,30,1,40.0
TXN004323,2026-06-18,1,60,1,40.0
TXN004324,2026-06-18,1,29,1,95.0
TXN004326,2026-06-18,1,42,2,1240.0
TXN004327,2026-06-18,1,11,1,35.0
TXN004327,2026-06-18,1,12,1,90.0
TXN004327,2026-06-18,1,36,2,210.0
TXN004328,2026-06-18,1,1,2,128.0
TXN004328,2026-06-18,1,30,2,80.0
TXN004328,2026-06-18,1,38,1,210.0
TXN004328,2026-06-18,1,16,1,120.0
TXN004329,2026-06-18,1,30,2,80.0
TXN004329,2026-06-18,1,10,2,90.0
TXN004329,2026-06-18,1,21,1,310.0
TXN004330,2026-06-18,1,59,1,35.0
TXN004330,2026-06-18,1,36,1,105.0
TXN004331,2026-06-18,1,21,2,620.0
TXN004332,2026-06-18,1,60,2,80.0
TXN004333,2026-06-18,1,8,2,168.0
TXN004333,2026-06-18,1,50,2,520.0
TXN004333,2026-06-18,1,29,2,190.0
TXN004334,2026-06-18,1,22,1,30.0
TXN004334,2026-06-18,1,36,2,210.0
TXN004335,2026-06-18,1,56,1,120.0
TXN004336,2026-06-18,1,54,2,70.0
TXN004337,2026-06-18,1,4,1,140.0
TXN004338,2026-06-18,1,50,1,260.0
TXN004338,2026-06-18,1,1,2,128.0
TXN004339,2026-06-18,1,29,2,190.0
TXN004340,2026-06-18,1,23,1,25.0
TXN004340,2026-06-18,1,30,2,80.0
TXN004341,2026-06-18,1,8,3,252.0
TXN004342,2026-06-18,1,41,1,90.0
TXN004342,2026-06-18,1,1,2,128.0
TXN004343,2026-06-18,1,32,1,120.0
TXN004345,2026-06-18,1,23,2,50.0
TXN004345,2026-06-18,1,10,2,90.0
TXN004345,2026-06-18,1,12,1,90.0
TXN004345,2026-06-18,1,11,1,35.0
TXN004345,2026-06-18,1,15,1,110.0
TXN004346,2026-06-18,2,11,1,35.0
TXN004346,2026-06-18,2,3,1,115.0
TXN004346,2026-06-18,2,1,3,192.0
TXN004347,2026-06-18,2,51,1,180.0
TXN004347,2026-06-18,2,12,2,180.0
TXN004347,2026-06-18,2,58,1,25.0
TXN004348,2026-06-18,2,29,2,190.0
TXN004348,2026-06-18,2,24,1,50.0
TXN004348,2026-06-18,2,16,1,120.0
TXN004348,2026-06-18,2,31,1,175.0
TXN004348,2026-06-18,2,51,2,360.0
TXN004351,2026-06-18,2,17,3,135.0
TXN004351,2026-06-18,2,47,1,165.0
TXN004351,2026-06-18,2,25,1,280.0
TXN004352,2026-06-18,2,24,2,100.0
TXN004352,2026-06-18,2,15,1,110.0
TXN004352,2026-06-18,2,17,2,90.0
TXN004353,2026-06-18,2,42,2,1240.0
TXN004353,2026-06-18,2,28,1,75.0
TXN004353,2026-06-18,2,58,1,25.0
TXN004353,2026-06-18,2,36,2,210.0
TXN004354,2026-06-18,2,51,2,360.0
TXN004355,2026-06-18,2,43,1,240.0
TXN004355,2026-06-18,2,60,1,40.0
TXN004356,2026-06-18,2,41,1,90.0
TXN004356,2026-06-18,2,55,2,60.0
TXN004356,2026-06-18,2,27,1,40.0
TXN004357,2026-06-18,2,16,1,120.0
TXN004357,2026-06-18,2,10,1,45.0
TXN004357,2026-06-18,2,2,2,70.0
TXN004357,2026-06-18,2,56,2,240.0
TXN004358,2026-06-18,2,16,1,120.0
TXN004358,2026-06-18,2,11,1,35.0
TXN004358,2026-06-18,2,50,1,260.0
TXN004359,2026-06-18,2,36,1,105.0
TXN004359,2026-06-18,2,14,1,80.0
TXN004359,2026-06-18,2,43,2,480.0
TXN004359,2026-06-18,2,54,1,35.0
TXN004359,2026-06-18,2,42,1,620.0
TXN004360,2026-06-18,2,23,1,25.0
TXN004360,2026-06-18,2,2,1,35.0
TXN004360,2026-06-18,2,49,3,255.0
TXN004360,2026-06-18,2,47,2,330.0
TXN004361,2026-06-18,2,39,1,140.0
TXN004362,2026-06-18,2,11,1,35.0
TXN004362,2026-06-18,2,47,1,165.0
TXN004362,2026-06-18,2,53,1,40.0
TXN004362,2026-06-18,2,1,3,192.0
TXN004363,2026-06-18,2,49,2,170.0
TXN004363,2026-06-18,2,3,1,115.0
TXN004363,2026-06-18,2,45,2,270.0
TXN004364,2026-06-18,2,41,1,90.0
TXN004364,2026-06-18,2,51,1,180.0
TXN004366,2026-06-18,2,8,2,168.0
TXN004366,2026-06-18,2,23,1,25.0
TXN004368,2026-06-18,2,43,1,240.0
TXN004369,2026-06-18,2,14,1,80.0
TXN004369,2026-06-18,2,22,1,30.0
TXN004369,2026-06-18,2,15,1,110.0
TXN004370,2026-06-18,2,17,1,45.0
TXN004370,2026-06-18,2,50,1,260.0
TXN004371,2026-06-18,3,52,1,50.0
TXN004373,2026-06-18,3,23,1,25.0
TXN004374,2026-06-18,3,26,1,450.0
TXN004375,2026-06-18,3,28,1,75.0
TXN004375,2026-06-18,3,54,1,35.0
TXN004375,2026-06-18,3,25,1,280.0
TXN004375,2026-06-18,3,58,1,25.0
TXN004376,2026-06-18,3,32,1,120.0
TXN004376,2026-06-18,3,15,2,220.0
TXN004377,2026-06-18,3,22,1,30.0
TXN004377,2026-06-18,3,6,1,30.0
TXN004377,2026-06-18,3,17,2,90.0
TXN004379,2026-06-18,3,6,1,30.0
TXN004380,2026-06-18,3,43,1,240.0
TXN004380,2026-06-18,3,58,1,25.0
TXN004380,2026-06-18,3,60,1,40.0
TXN004382,2026-06-18,3,9,2,80.0
TXN004382,2026-06-18,3,31,1,175.0
TXN004383,2026-06-18,3,55,1,30.0
TXN004384,2026-06-18,3,49,1,85.0
TXN004385,2026-06-18,3,12,1,90.0
TXN004386,2026-06-18,3,2,2,70.0
TXN004386,2026-06-18,3,33,2,170.0
TXN004386,2026-06-18,3,17,1,45.0
TXN004386,2026-06-18,3,34,1,190.0
TXN004387,2026-06-18,3,4,2,280.0
TXN004387,2026-06-18,3,28,1,75.0
TXN004387,2026-06-18,3,15,1,110.0
TXN004388,2026-06-18,3,40,1,65.0
TXN004389,2026-06-18,3,22,1,30.0
TXN004391,2026-06-18,3,44,1,580.0
TXN004392,2026-06-18,3,49,1,85.0
TXN004392,2026-06-18,3,14,1,80.0
TXN004393,2026-06-18,3,36,1,105.0
TXN004393,2026-06-18,3,3,1,115.0
TXN004393,2026-06-18,3,20,1,220.0
TXN004394,2026-06-18,3,53,1,40.0
TXN004394,2026-06-18,3,16,2,240.0
TXN004394,2026-06-18,3,24,1,50.0
TXN004395,2026-06-18,3,7,1,130.0
TXN004395,2026-06-18,3,16,2,240.0
TXN004396,2026-06-18,3,29,1,95.0
TXN004396,2026-06-18,3,25,2,560.0
TXN004396,2026-06-18,3,30,1,40.0
TXN004397,2026-06-18,3,2,1,35.0
TXN004397,2026-06-18,3,48,1,24.0
TXN004397,2026-06-18,3,41,1,90.0
TXN004397,2026-06-18,3,17,2,90.0
TXN004398,2026-06-18,3,16,1,120.0
TXN004400,2026-06-19,1,31,1,175.0
TXN004400,2026-06-19,1,8,1,84.0
TXN004400,2026-06-19,1,44,1,580.0
TXN004400,2026-06-19,1,42,2,1240.0
TXN004400,2026-06-19,1,7,1,130.0
TXN004401,2026-06-19,1,25,1,280.0
TXN004401,2026-06-19,1,58,1,25.0
TXN004403,2026-06-19,1,14,1,80.0
TXN004403,2026-06-19,1,55,2,60.0
TXN004403,2026-06-19,1,11,1,35.0
TXN004403,2026-06-19,1,33,1,85.0
TXN004404,2026-06-19,1,47,1,165.0
TXN004405,2026-06-19,1,10,1,45.0
TXN004405,2026-06-19,1,11,1,35.0
TXN004405,2026-06-19,1,7,2,260.0
TXN004405,2026-06-19,1,38,1,210.0
TXN004405,2026-06-19,1,36,1,105.0
TXN004406,2026-06-19,1,28,1,75.0
TXN004406,2026-06-19,1,50,1,260.0
TXN004406,2026-06-19,1,8,1,84.0
TXN004407,2026-06-19,1,32,1,120.0
TXN004407,2026-06-19,1,1,4,256.0
TXN004407,2026-06-19,1,29,1,95.0
TXN004408,2026-06-19,1,24,1,50.0
TXN004409,2026-06-19,1,21,1,310.0
TXN004409,2026-06-19,1,4,1,140.0
TXN004409,2026-06-19,1,1,2,128.0
TXN004410,2026-06-19,1,42,2,1240.0
TXN004411,2026-06-19,1,36,2,210.0
TXN004411,2026-06-19,1,32,1,120.0
TXN004412,2026-06-19,1,48,1,24.0
TXN004412,2026-06-19,1,20,1,220.0
TXN004413,2026-06-19,1,29,2,190.0
TXN004414,2026-06-19,1,18,1,20.0
TXN004415,2026-06-19,1,39,1,140.0
TXN004416,2026-06-19,1,45,1,135.0
TXN004417,2026-06-19,1,46,2,96.0
TXN004417,2026-06-19,1,47,1,165.0
TXN004417,2026-06-19,1,10,1,45.0
TXN004417,2026-06-19,1,16,3,360.0
TXN004417,2026-06-19,1,51,2,360.0
TXN004418,2026-06-19,1,43,2,480.0
TXN004418,2026-06-19,1,9,3,120.0
TXN004418,2026-06-19,1,29,2,190.0
TXN004418,2026-06-19,1,12,1,90.0
TXN004418,2026-06-19,1,5,1,95.0
TXN004419,2026-06-19,1,11,1,35.0
TXN004419,2026-06-19,1,10,2,90.0
TXN004419,2026-06-19,1,1,3,192.0
TXN004420,2026-06-19,1,11,1,35.0
TXN004420,2026-06-19,1,24,1,50.0
TXN004420,2026-06-19,1,51,2,360.0
TXN004420,2026-06-19,1,16,2,240.0
TXN004420,2026-06-19,1,12,2,180.0
TXN004421,2026-06-19,1,8,1,84.0
TXN004421,2026-06-19,1,47,1,165.0
TXN004421,2026-06-19,1,50,2,520.0
TXN004421,2026-06-19,1,41,1,90.0
TXN004421,2026-06-19,1,27,2,80.0
TXN004422,2026-06-19,1,42,2,1240.0
TXN004423,2026-06-19,1,48,1,24.0
TXN004423,2026-06-19,1,25,1,280.0
TXN004424,2026-06-19,1,46,1,48.0
TXN004424,2026-06-19,1,20,1,220.0
TXN004424,2026-06-19,1,42,2,1240.0
TXN004424,2026-06-19,1,32,1,120.0
TXN004425,2026-06-19,1,17,2,90.0
TXN004427,2026-06-19,1,8,1,84.0
TXN004427,2026-06-19,1,16,1,120.0
TXN004427,2026-06-19,1,18,2,40.0
TXN004428,2026-06-19,1,54,1,35.0
TXN004428,2026-06-19,1,39,1,140.0
TXN004428,2026-06-19,1,21,1,310.0
TXN004428,2026-06-19,1,7,1,130.0
TXN004428,2026-06-19,1,12,2,180.0
TXN004429,2026-06-19,1,49,1,85.0
TXN004429,2026-06-19,1,6,1,30.0
TXN004429,2026-06-19,1,40,1,65.0
TXN004429,2026-06-19,1,17,2,90.0
TXN004430,2026-06-19,1,22,1,30.0
TXN004430,2026-06-19,1,25,2,560.0
TXN004430,2026-06-19,1,53,2,80.0
TXN004431,2026-06-19,1,6,2,60.0
TXN004431,2026-06-19,1,16,2,240.0
TXN004431,2026-06-19,1,29,2,190.0
TXN004432,2026-06-19,1,27,2,80.0
TXN004432,2026-06-19,1,49,1,85.0
TXN004432,2026-06-19,1,10,1,45.0
TXN004433,2026-06-19,1,35,1,145.0
TXN004433,2026-06-19,1,15,1,110.0
TXN004433,2026-06-19,1,2,2,70.0
TXN004433,2026-06-19,1,24,1,50.0
TXN004434,2026-06-19,1,31,1,175.0
TXN004434,2026-06-19,1,48,2,48.0
TXN004434,2026-06-19,1,19,1,110.0
TXN004434,2026-06-19,1,53,2,80.0
TXN004434,2026-06-19,1,3,2,230.0
TXN004435,2026-06-19,1,43,1,240.0
TXN004435,2026-06-19,1,25,1,280.0
TXN004435,2026-06-19,1,5,2,190.0
TXN004436,2026-06-19,2,32,1,120.0
TXN004436,2026-06-19,2,28,1,75.0
TXN004437,2026-06-19,2,5,1,95.0
TXN004438,2026-06-19,2,27,1,40.0
TXN004438,2026-06-19,2,50,2,520.0
TXN004438,2026-06-19,2,7,1,130.0
TXN004439,2026-06-19,2,39,1,140.0
TXN004440,2026-06-19,2,35,1,145.0
TXN004440,2026-06-19,2,48,1,24.0
TXN004440,2026-06-19,2,14,1,80.0
TXN004441,2026-06-19,2,25,2,560.0
TXN004441,2026-06-19,2,35,1,145.0
TXN004442,2026-06-19,2,50,1,260.0
TXN004442,2026-06-19,2,1,2,128.0
TXN004443,2026-06-19,2,47,1,165.0
TXN004443,2026-06-19,2,15,1,110.0
TXN004443,2026-06-19,2,45,2,270.0
TXN004443,2026-06-19,2,54,1,35.0
TXN004444,2026-06-19,2,50,2,520.0
TXN004444,2026-06-19,2,46,1,48.0
TXN004445,2026-06-19,2,31,1,175.0
TXN004446,2026-06-19,2,3,1,115.0
TXN004447,2026-06-19,2,4,1,140.0
TXN004447,2026-06-19,2,25,1,280.0
TXN004447,2026-06-19,2,48,2,48.0
TXN004448,2026-06-19,2,9,2,80.0
TXN004448,2026-06-19,2,33,1,85.0
TXN004449,2026-06-19,2,13,1,60.0
TXN004449,2026-06-19,2,6,1,30.0
TXN004449,2026-06-19,2,35,1,145.0
TXN004449,2026-06-19,2,8,1,84.0
TXN004450,2026-06-19,2,55,1,30.0
TXN004451,2026-06-19,2,47,1,165.0
TXN004451,2026-06-19,2,51,1,180.0
TXN004452,2026-06-19,2,40,1,65.0
TXN004453,2026-06-19,2,18,1,20.0
TXN004454,2026-06-19,2,55,1,30.0
TXN004454,2026-06-19,2,27,1,40.0
TXN004454,2026-06-19,2,51,1,180.0
TXN004454,2026-06-19,2,23,2,50.0
TXN004455,2026-06-19,2,28,1,75.0
TXN004456,2026-06-19,2,41,1,90.0
TXN004457,2026-06-19,2,56,1,120.0
TXN004457,2026-06-19,2,16,1,120.0
TXN004459,2026-06-19,2,23,1,25.0
TXN004460,2026-06-19,2,7,1,130.0
TXN004460,2026-06-19,2,27,1,40.0
TXN004460,2026-06-19,2,39,1,140.0
TXN004460,2026-06-19,2,20,1,220.0
TXN004461,2026-06-19,2,55,1,30.0
TXN004462,2026-06-19,2,4,1,140.0
TXN004463,2026-06-19,2,5,1,95.0
TXN004463,2026-06-19,2,28,1,75.0
TXN004463,2026-06-19,2,32,1,120.0
TXN004463,2026-06-19,2,23,1,25.0
TXN004464,2026-06-19,2,15,1,110.0
TXN004464,2026-06-19,2,52,1,50.0
TXN004464,2026-06-19,2,45,1,135.0
TXN004465,2026-06-19,2,56,2,240.0
TXN004465,2026-06-19,2,22,1,30.0
TXN004465,2026-06-19,2,18,1,20.0
TXN004466,2026-06-19,2,39,1,140.0
TXN004466,2026-06-19,2,23,1,25.0
TXN004467,2026-06-19,2,15,1,110.0
TXN004469,2026-06-19,2,31,1,175.0
TXN004469,2026-06-19,2,55,1,30.0
TXN004470,2026-06-19,2,39,2,280.0
TXN004470,2026-06-19,2,41,2,180.0
TXN004471,2026-06-19,2,7,1,130.0
TXN004471,2026-06-19,2,29,2,190.0
TXN004471,2026-06-19,2,52,1,50.0
TXN004472,2026-06-19,2,5,2,190.0
TXN004472,2026-06-19,2,48,1,24.0
TXN004472,2026-06-19,2,54,2,70.0
TXN004473,2026-06-19,3,58,1,25.0
TXN004473,2026-06-19,3,60,1,40.0
TXN004474,2026-06-19,3,46,1,48.0
TXN004475,2026-06-19,3,15,1,110.0
TXN004475,2026-06-19,3,39,1,140.0
TXN004475,2026-06-19,3,17,2,90.0
TXN004476,2026-06-19,3,17,2,90.0
TXN004476,2026-06-19,3,21,1,310.0
TXN004476,2026-06-19,3,15,1,110.0
TXN004476,2026-06-19,3,7,2,260.0
TXN004476,2026-06-19,3,25,1,280.0
TXN004477,2026-06-19,3,48,2,48.0
TXN004477,2026-06-19,3,22,1,30.0
TXN004477,2026-06-19,3,50,1,260.0
TXN004478,2026-06-19,3,30,1,40.0
TXN004478,2026-06-19,3,9,2,80.0
TXN004480,2026-06-19,3,41,1,90.0
TXN004480,2026-06-19,3,50,2,520.0
TXN004480,2026-06-19,3,13,1,60.0
TXN004481,2026-06-19,3,5,1,95.0
TXN004481,2026-06-19,3,57,1,90.0
TXN004481,2026-06-19,3,14,1,80.0
TXN004481,2026-06-19,3,40,1,65.0
TXN004482,2026-06-19,3,1,2,128.0
TXN004482,2026-06-19,3,46,1,48.0
TXN004482,2026-06-19,3,59,1,35.0
TXN004483,2026-06-19,3,48,1,24.0
TXN004483,2026-06-19,3,55,1,30.0
TXN004484,2026-06-19,3,57,1,90.0
TXN004484,2026-06-19,3,51,1,180.0
TXN004484,2026-06-19,3,47,1,165.0
TXN004485,2026-06-19,3,28,1,75.0
TXN004486,2026-06-19,3,7,1,130.0
TXN004487,2026-06-19,3,19,1,110.0
TXN004487,2026-06-19,3,18,1,20.0
TXN004488,2026-06-19,3,10,1,45.0
TXN004488,2026-06-19,3,43,1,240.0
TXN004488,2026-06-19,3,2,1,35.0
TXN004490,2026-06-19,3,29,2,190.0
TXN004490,2026-06-19,3,27,2,80.0
TXN004490,2026-06-19,3,45,1,135.0
TXN004491,2026-06-19,3,1,2,128.0
TXN004492,2026-06-19,3,35,1,145.0
TXN004493,2026-06-19,3,58,1,25.0
TXN004494,2026-06-19,3,54,1,35.0
TXN004494,2026-06-19,3,41,1,90.0
TXN004494,2026-06-19,3,9,2,80.0
TXN004495,2026-06-19,3,4,1,140.0
TXN004495,2026-06-19,3,33,1,85.0
TXN004495,2026-06-19,3,53,1,40.0
TXN004495,2026-06-19,3,12,1,90.0
TXN004496,2026-06-19,3,25,1,280.0
TXN004497,2026-06-19,3,12,1,90.0
TXN004497,2026-06-19,3,41,1,90.0
TXN004498,2026-06-19,3,50,1,260.0
TXN004498,2026-06-19,3,11,1,35.0
TXN004498,2026-06-19,3,37,1,160.0
TXN004498,2026-06-19,3,23,2,50.0
TXN004500,2026-06-19,3,39,2,280.0
TXN004501,2026-06-19,3,9,2,80.0
TXN004501,2026-06-19,3,18,1,20.0
TXN004501,2026-06-19,3,42,1,620.0
TXN004502,2026-06-19,3,25,1,280.0
TXN004503,2026-06-19,3,18,1,20.0
TXN004503,2026-06-19,3,27,1,40.0
TXN004504,2026-06-19,3,35,2,290.0
TXN004504,2026-06-19,3,39,1,140.0
TXN004504,2026-06-19,3,15,1,110.0
TXN004504,2026-06-19,3,16,2,240.0
TXN004504,2026-06-19,3,17,1,45.0
TXN004505,2026-06-20,1,58,2,50.0
TXN004505,2026-06-20,1,40,1,65.0
TXN004505,2026-06-20,1,17,3,135.0
TXN004506,2026-06-20,1,19,1,110.0
TXN004506,2026-06-20,1,16,1,120.0
TXN004507,2026-06-20,1,9,3,120.0
TXN004507,2026-06-20,1,36,3,315.0
TXN004507,2026-06-20,1,22,2,60.0
TXN004507,2026-06-20,1,2,1,35.0
TXN004507,2026-06-20,1,29,1,95.0
TXN004508,2026-06-20,1,41,2,180.0
TXN004508,2026-06-20,1,58,1,25.0
TXN004508,2026-06-20,1,60,1,40.0
TXN004508,2026-06-20,1,52,2,100.0
TXN004509,2026-06-20,1,16,2,240.0
TXN004510,2026-06-20,1,28,1,75.0
TXN004510,2026-06-20,1,52,1,50.0
TXN004510,2026-06-20,1,58,1,25.0
TXN004510,2026-06-20,1,39,2,280.0
TXN004510,2026-06-20,1,56,1,120.0
TXN004511,2026-06-20,1,17,3,135.0
TXN004511,2026-06-20,1,30,2,80.0
TXN004512,2026-06-20,1,1,3,192.0
TXN004513,2026-06-20,1,18,1,20.0
TXN004513,2026-06-20,1,9,3,120.0
TXN004513,2026-06-20,1,36,4,420.0
TXN004514,2026-06-20,1,42,1,620.0
TXN004514,2026-06-20,1,43,1,240.0
TXN004514,2026-06-20,1,25,2,560.0
TXN004515,2026-06-20,1,30,1,40.0
TXN004515,2026-06-20,1,2,1,35.0
TXN004515,2026-06-20,1,27,2,80.0
TXN004516,2026-06-20,1,6,1,30.0
TXN004516,2026-06-20,1,55,2,60.0
TXN004517,2026-06-20,1,49,1,85.0
TXN004518,2026-06-20,1,7,2,260.0
TXN004518,2026-06-20,1,22,2,60.0
TXN004518,2026-06-20,1,31,1,175.0
TXN004519,2026-06-20,1,47,1,165.0
TXN004520,2026-06-20,1,25,1,280.0
TXN004521,2026-06-20,1,57,1,90.0
TXN004521,2026-06-20,1,47,1,165.0
TXN004521,2026-06-20,1,12,2,180.0
TXN004522,2026-06-20,1,2,1,35.0
TXN004523,2026-06-20,1,42,3,1860.0
TXN004524,2026-06-20,1,51,2,360.0
TXN004524,2026-06-20,1,27,1,40.0
TXN004524,2026-06-20,1,55,2,60.0
TXN004525,2026-06-20,1,9,3,120.0
TXN004526,2026-06-20,1,58,1,25.0
TXN004526,2026-06-20,1,12,1,90.0
TXN004526,2026-06-20,1,51,2,360.0
TXN004527,2026-06-20,1,22,2,60.0
TXN004528,2026-06-20,1,55,1,30.0
TXN004529,2026-06-20,1,22,2,60.0
TXN004529,2026-06-20,1,4,1,140.0
TXN004530,2026-06-20,1,35,2,290.0
TXN004531,2026-06-20,1,48,2,48.0
TXN004531,2026-06-20,1,12,1,90.0
TXN004531,2026-06-20,1,49,1,85.0
TXN004531,2026-06-20,1,25,1,280.0
TXN004532,2026-06-20,1,49,1,85.0
TXN004532,2026-06-20,1,16,2,240.0
TXN004532,2026-06-20,1,42,3,1860.0
TXN004533,2026-06-20,1,21,1,310.0
TXN004533,2026-06-20,1,33,2,170.0
TXN004533,2026-06-20,1,23,2,50.0
TXN004534,2026-06-20,1,29,2,190.0
TXN004534,2026-06-20,1,36,1,105.0
TXN004535,2026-06-20,1,52,1,50.0
TXN004536,2026-06-20,1,42,1,620.0
TXN004536,2026-06-20,1,1,2,128.0
TXN004536,2026-06-20,1,49,2,170.0
TXN004536,2026-06-20,1,19,1,110.0
TXN004537,2026-06-20,1,25,1,280.0
TXN004537,2026-06-20,1,49,2,170.0
TXN004538,2026-06-20,1,10,1,45.0
TXN004538,2026-06-20,1,4,1,140.0
TXN004538,2026-06-20,1,13,1,60.0
TXN004538,2026-06-20,1,48,2,48.0
TXN004539,2026-06-20,1,17,3,135.0
TXN004539,2026-06-20,1,26,1,450.0
TXN004539,2026-06-20,1,33,1,85.0
TXN004539,2026-06-20,1,50,1,260.0
TXN004539,2026-06-20,1,39,1,140.0
TXN004540,2026-06-20,1,13,1,60.0
TXN004540,2026-06-20,1,15,1,110.0
TXN004542,2026-06-20,1,29,2,190.0
TXN004543,2026-06-20,1,54,2,70.0
TXN004543,2026-06-20,1,8,2,168.0
TXN004544,2026-06-20,1,30,2,80.0
TXN004544,2026-06-20,1,57,2,180.0
TXN004544,2026-06-20,1,28,1,75.0
TXN004545,2026-06-20,1,29,2,190.0
TXN004545,2026-06-20,1,35,2,290.0
TXN004545,2026-06-20,1,21,1,310.0
TXN004545,2026-06-20,1,45,3,405.0
TXN004546,2026-06-20,1,32,1,120.0
TXN004546,2026-06-20,1,53,2,80.0
TXN004546,2026-06-20,1,17,2,90.0
TXN004546,2026-06-20,1,51,1,180.0
TXN004546,2026-06-20,1,50,1,260.0
TXN004547,2026-06-20,1,54,1,35.0
TXN004547,2026-06-20,1,33,2,170.0
TXN004547,2026-06-20,1,46,2,96.0
TXN004548,2026-06-20,1,51,1,180.0
TXN004548,2026-06-20,1,17,4,180.0
TXN004548,2026-06-20,1,53,2,80.0
TXN004549,2026-06-20,1,27,1,40.0
TXN004549,2026-06-20,1,36,3,315.0
TXN004549,2026-06-20,1,31,1,175.0
TXN004549,2026-06-20,1,19,1,110.0
TXN004550,2026-06-20,1,27,2,80.0
TXN004550,2026-06-20,1,30,2,80.0
TXN004550,2026-06-20,1,23,2,50.0
TXN004550,2026-06-20,1,6,2,60.0
TXN004551,2026-06-20,1,49,1,85.0
TXN004551,2026-06-20,1,31,1,175.0
TXN004551,2026-06-20,1,50,2,520.0
TXN004552,2026-06-20,1,4,2,280.0
TXN004552,2026-06-20,1,51,2,360.0
TXN004552,2026-06-20,1,3,1,115.0
TXN004552,2026-06-20,1,42,1,620.0
TXN004552,2026-06-20,1,46,1,48.0
TXN004553,2026-06-20,1,10,2,90.0
TXN004553,2026-06-20,1,16,2,240.0
TXN004553,2026-06-20,1,48,2,48.0
TXN004553,2026-06-20,1,19,2,220.0
TXN004553,2026-06-20,1,47,1,165.0
TXN004554,2026-06-20,1,24,2,100.0
TXN004554,2026-06-20,1,16,1,120.0
TXN004554,2026-06-20,1,22,2,60.0
TXN004554,2026-06-20,1,12,2,180.0
TXN004557,2026-06-20,1,17,2,90.0
TXN004558,2026-06-20,2,4,1,140.0
TXN004559,2026-06-20,2,53,1,40.0
TXN004560,2026-06-20,2,6,1,30.0
TXN004560,2026-06-20,2,45,1,135.0
TXN004561,2026-06-20,2,6,1,30.0
TXN004561,2026-06-20,2,36,1,105.0
TXN004561,2026-06-20,2,7,1,130.0
TXN004562,2026-06-20,2,48,2,48.0
TXN004562,2026-06-20,2,29,1,95.0
TXN004563,2026-06-20,2,47,2,330.0
TXN004564,2026-06-20,2,33,1,85.0
TXN004564,2026-06-20,2,32,2,240.0
TXN004564,2026-06-20,2,43,1,240.0
TXN004564,2026-06-20,2,1,2,128.0
TXN004565,2026-06-20,2,36,1,105.0
TXN004565,2026-06-20,2,10,1,45.0
TXN004565,2026-06-20,2,46,1,48.0
TXN004566,2026-06-20,2,39,2,280.0
TXN004566,2026-06-20,2,38,1,210.0
TXN004566,2026-06-20,2,24,1,50.0
TXN004567,2026-06-20,2,45,1,135.0
TXN004567,2026-06-20,2,15,1,110.0
TXN004568,2026-06-20,2,37,1,160.0
TXN004568,2026-06-20,2,46,1,48.0
TXN004569,2026-06-20,2,21,1,310.0
TXN004570,2026-06-20,2,54,1,35.0
TXN004570,2026-06-20,2,31,1,175.0
TXN004570,2026-06-20,2,44,1,580.0
TXN004571,2026-06-20,2,4,2,280.0
TXN004571,2026-06-20,2,23,1,25.0
TXN004571,2026-06-20,2,5,1,95.0
TXN004572,2026-06-20,2,25,1,280.0
TXN004572,2026-06-20,2,3,2,230.0
TXN004572,2026-06-20,2,20,1,220.0
TXN004572,2026-06-20,2,32,1,120.0
TXN004573,2026-06-20,2,47,1,165.0
TXN004573,2026-06-20,2,48,2,48.0
TXN004573,2026-06-20,2,33,2,170.0
TXN004573,2026-06-20,2,22,2,60.0
TXN004575,2026-06-20,2,39,2,280.0
TXN004575,2026-06-20,2,17,3,135.0
TXN004575,2026-06-20,2,19,1,110.0
TXN004576,2026-06-20,2,51,1,180.0
TXN004576,2026-06-20,2,33,1,85.0
TXN004577,2026-06-20,2,6,1,30.0
TXN004577,2026-06-20,2,35,1,145.0
TXN004578,2026-06-20,2,27,2,80.0
TXN004578,2026-06-20,2,20,1,220.0
TXN004578,2026-06-20,2,56,1,120.0
TXN004579,2026-06-20,2,5,1,95.0
TXN004579,2026-06-20,2,33,1,85.0
TXN004580,2026-06-20,2,18,1,20.0
TXN004580,2026-06-20,2,58,1,25.0
TXN004581,2026-06-20,2,35,1,145.0
TXN004581,2026-06-20,2,53,1,40.0
TXN004581,2026-06-20,2,6,3,90.0
TXN004582,2026-06-20,2,50,1,260.0
TXN004583,2026-06-20,2,20,1,220.0
TXN004583,2026-06-20,2,46,1,48.0
TXN004583,2026-06-20,2,57,2,180.0
TXN004584,2026-06-20,2,24,3,150.0
TXN004584,2026-06-20,2,52,2,100.0
TXN004584,2026-06-20,2,34,1,190.0
TXN004585,2026-06-20,2,49,1,85.0
TXN004585,2026-06-20,2,40,1,65.0
TXN004585,2026-06-20,2,12,2,180.0
TXN004586,2026-06-20,2,49,2,170.0
TXN004587,2026-06-20,2,13,1,60.0
TXN004588,2026-06-20,2,5,1,95.0
TXN004588,2026-06-20,2,53,2,80.0
TXN004588,2026-06-20,2,17,2,90.0
TXN004588,2026-06-20,2,25,1,280.0
TXN004589,2026-06-20,2,57,1,90.0
TXN004589,2026-06-20,2,24,2,100.0
TXN004589,2026-06-20,2,48,2,48.0
TXN004590,2026-06-20,3,33,1,85.0
TXN004591,2026-06-20,3,19,1,110.0
TXN004591,2026-06-20,3,6,2,60.0
TXN004592,2026-06-20,3,6,1,30.0
TXN004592,2026-06-20,3,13,1,60.0
TXN004592,2026-06-20,3,16,1,120.0
TXN004592,2026-06-20,3,22,1,30.0
TXN004593,2026-06-20,3,21,1,310.0
TXN004594,2026-06-20,3,3,1,115.0
TXN004594,2026-06-20,3,13,1,60.0
TXN004595,2026-06-20,3,29,1,95.0
TXN004596,2026-06-20,3,58,1,25.0
TXN004597,2026-06-20,3,40,2,130.0
TXN004598,2026-06-20,3,40,1,65.0
TXN004598,2026-06-20,3,36,1,105.0
TXN004599,2026-06-20,3,16,1,120.0
TXN004599,2026-06-20,3,48,1,24.0
TXN004599,2026-06-20,3,52,2,100.0
TXN004599,2026-06-20,3,20,1,220.0
TXN004600,2026-06-20,3,48,2,48.0
TXN004600,2026-06-20,3,12,2,180.0
TXN004600,2026-06-20,3,39,1,140.0
TXN004600,2026-06-20,3,7,1,130.0
TXN004601,2026-06-20,3,27,1,40.0
TXN004602,2026-06-20,3,59,1,35.0
TXN004602,2026-06-20,3,47,1,165.0
TXN004602,2026-06-20,3,52,1,50.0
TXN004602,2026-06-20,3,7,1,130.0
TXN004602,2026-06-20,3,2,1,35.0
TXN004603,2026-06-20,3,45,2,270.0
TXN004603,2026-06-20,3,40,1,65.0
TXN004603,2026-06-20,3,6,2,60.0
TXN004604,2026-06-20,3,41,1,90.0
TXN004604,2026-06-20,3,9,3,120.0
TXN004604,2026-06-20,3,43,1,240.0
TXN004604,2026-06-20,3,17,3,135.0
TXN004606,2026-06-20,3,23,2,50.0
TXN004606,2026-06-20,3,60,2,80.0
TXN004606,2026-06-20,3,41,1,90.0
TXN004608,2026-06-20,3,32,1,120.0
TXN004608,2026-06-20,3,37,1,160.0
TXN004608,2026-06-20,3,52,1,50.0
TXN004609,2026-06-20,3,9,1,40.0
TXN004610,2026-06-20,3,32,2,240.0
TXN004610,2026-06-20,3,9,3,120.0
TXN004610,2026-06-20,3,49,1,85.0
TXN004611,2026-06-20,3,2,1,35.0
TXN004611,2026-06-20,3,3,1,115.0
TXN004612,2026-06-20,3,36,1,105.0
TXN004612,2026-06-20,3,22,1,30.0
TXN004612,2026-06-20,3,40,1,65.0
TXN004613,2026-06-20,3,36,2,210.0
TXN004613,2026-06-20,3,30,1,40.0
TXN004614,2026-06-20,3,6,2,60.0
TXN004614,2026-06-20,3,19,1,110.0
TXN004614,2026-06-20,3,22,2,60.0
TXN004615,2026-06-20,3,57,1,90.0
TXN004615,2026-06-20,3,60,1,40.0
TXN004615,2026-06-20,3,52,1,50.0
TXN004615,2026-06-20,3,42,1,620.0
TXN004615,2026-06-20,3,2,1,35.0
TXN004616,2026-06-20,3,52,1,50.0
TXN004617,2026-06-20,3,12,1,90.0
TXN004618,2026-06-21,1,1,3,192.0
TXN004618,2026-06-21,1,27,2,80.0
TXN004618,2026-06-21,1,51,1,180.0
TXN004619,2026-06-21,1,45,2,270.0
TXN004619,2026-06-21,1,39,1,140.0
TXN004619,2026-06-21,1,22,1,30.0
TXN004619,2026-06-21,1,3,1,115.0
TXN004620,2026-06-21,1,33,1,85.0
TXN004620,2026-06-21,1,22,2,60.0
TXN004620,2026-06-21,1,28,1,75.0
TXN004620,2026-06-21,1,45,1,135.0
TXN004621,2026-06-21,1,52,3,150.0
TXN004621,2026-06-21,1,9,2,80.0
TXN004621,2026-06-21,1,15,1,110.0
TXN004621,2026-06-21,1,33,2,170.0
TXN004622,2026-06-21,1,23,1,25.0
TXN004622,2026-06-21,1,28,2,150.0
TXN004622,2026-06-21,1,45,2,270.0
TXN004622,2026-06-21,1,59,1,35.0
TXN004623,2026-06-21,1,27,2,80.0
TXN004624,2026-06-21,1,57,2,180.0
TXN004624,2026-06-21,1,60,2,80.0
TXN004625,2026-06-21,1,7,2,260.0
TXN004626,2026-06-21,1,1,3,192.0
TXN004626,2026-06-21,1,60,1,40.0
TXN004626,2026-06-21,1,18,1,20.0
TXN004626,2026-06-21,1,31,1,175.0
TXN004627,2026-06-21,1,1,3,192.0
TXN004627,2026-06-21,1,14,1,80.0
TXN004627,2026-06-21,1,33,1,85.0
TXN004627,2026-06-21,1,2,1,35.0
TXN004628,2026-06-21,1,52,2,100.0
TXN004628,2026-06-21,1,49,2,170.0
TXN004628,2026-06-21,1,21,1,310.0
TXN004628,2026-06-21,1,47,2,330.0
TXN004629,2026-06-21,1,17,2,90.0
TXN004630,2026-06-21,1,24,1,50.0
TXN004631,2026-06-21,1,20,1,220.0
TXN004631,2026-06-21,1,29,2,190.0
TXN004632,2026-06-21,1,48,3,72.0
TXN004633,2026-06-21,1,14,1,80.0
TXN004633,2026-06-21,1,41,1,90.0
TXN004633,2026-06-21,1,4,1,140.0
TXN004634,2026-06-21,1,52,1,50.0
TXN004635,2026-06-21,1,17,2,90.0
TXN004635,2026-06-21,1,56,1,120.0
TXN004635,2026-06-21,1,33,1,85.0
TXN004635,2026-06-21,1,49,1,85.0
TXN004636,2026-06-21,1,45,2,270.0
TXN004636,2026-06-21,1,43,1,240.0
TXN004636,2026-06-21,1,10,1,45.0
TXN004637,2026-06-21,1,34,1,190.0
TXN004638,2026-06-21,1,58,1,25.0
TXN004638,2026-06-21,1,1,3,192.0
TXN004638,2026-06-21,1,49,1,85.0
TXN004638,2026-06-21,1,8,3,252.0
TXN004639,2026-06-21,1,35,2,290.0
TXN004640,2026-06-21,1,33,2,170.0
TXN004640,2026-06-21,1,2,1,35.0
TXN004640,2026-06-21,1,40,2,130.0
TXN004640,2026-06-21,1,26,1,450.0
TXN004641,2026-06-21,1,47,1,165.0
TXN004641,2026-06-21,1,18,2,40.0
TXN004641,2026-06-21,1,37,1,160.0
TXN004642,2026-06-21,1,15,1,110.0
TXN004643,2026-06-21,1,21,1,310.0
TXN004643,2026-06-21,1,58,1,25.0
TXN004643,2026-06-21,1,23,1,25.0
TXN004644,2026-06-21,1,45,1,135.0
TXN004644,2026-06-21,1,32,2,240.0
TXN004644,2026-06-21,1,18,2,40.0
TXN004644,2026-06-21,1,35,1,145.0
TXN004645,2026-06-21,1,25,1,280.0
TXN004645,2026-06-21,1,57,1,90.0
TXN004645,2026-06-21,1,60,1,40.0
TXN004645,2026-06-21,1,11,1,35.0
TXN004646,2026-06-21,1,40,1,65.0
TXN004646,2026-06-21,1,32,2,240.0
TXN004646,2026-06-21,1,28,2,150.0
TXN004646,2026-06-21,1,17,3,135.0
TXN004646,2026-06-21,1,22,2,60.0
TXN004647,2026-06-21,1,50,1,260.0
TXN004647,2026-06-21,1,42,2,1240.0
TXN004648,2026-06-21,1,16,2,240.0
TXN004648,2026-06-21,1,60,1,40.0
TXN004648,2026-06-21,1,47,1,165.0
TXN004648,2026-06-21,1,1,3,192.0
TXN004649,2026-06-21,1,53,2,80.0
TXN004649,2026-06-21,1,12,1,90.0
TXN004649,2026-06-21,1,4,1,140.0
TXN004649,2026-06-21,1,54,2,70.0
TXN004649,2026-06-21,1,8,2,168.0
TXN004650,2026-06-21,1,31,1,175.0
TXN004650,2026-06-21,1,42,2,1240.0
TXN004651,2026-06-21,1,49,2,170.0
TXN004651,2026-06-21,1,35,1,145.0
TXN004651,2026-06-21,1,51,1,180.0
TXN004652,2026-06-21,1,11,2,70.0
TXN004652,2026-06-21,1,25,2,560.0
TXN004652,2026-06-21,1,27,1,40.0
TXN004652,2026-06-21,1,36,2,210.0
TXN004653,2026-06-21,1,52,1,50.0
TXN004654,2026-06-21,1,18,1,20.0
TXN004655,2026-06-21,1,51,2,360.0
TXN004656,2026-06-21,1,1,4,256.0
TXN004656,2026-06-21,1,5,1,95.0
TXN004656,2026-06-21,1,54,1,35.0
TXN004656,2026-06-21,1,55,2,60.0
TXN004656,2026-06-21,1,22,3,90.0
TXN004657,2026-06-21,1,26,1,450.0
TXN004657,2026-06-21,1,48,2,48.0
TXN004657,2026-06-21,1,32,2,240.0
TXN004657,2026-06-21,1,7,2,260.0
TXN004657,2026-06-21,1,60,1,40.0
TXN004658,2026-06-21,1,58,2,50.0
TXN004659,2026-06-21,1,60,1,40.0
TXN004659,2026-06-21,1,48,3,72.0
TXN004659,2026-06-21,1,53,2,80.0
TXN004660,2026-06-21,1,32,2,240.0
TXN004660,2026-06-21,1,9,3,120.0
TXN004661,2026-06-21,2,60,1,40.0
TXN004661,2026-06-21,2,45,2,270.0
TXN004661,2026-06-21,2,55,2,60.0
TXN004661,2026-06-21,2,51,2,360.0
TXN004662,2026-06-21,2,53,1,40.0
TXN004662,2026-06-21,2,23,1,25.0
TXN004662,2026-06-21,2,27,2,80.0
TXN004662,2026-06-21,2,29,1,95.0
TXN004662,2026-06-21,2,48,3,72.0
TXN004663,2026-06-21,2,21,1,310.0
TXN004663,2026-06-21,2,47,2,330.0
TXN004664,2026-06-21,2,36,2,210.0
TXN004664,2026-06-21,2,16,1,120.0
TXN004665,2026-06-21,2,22,2,60.0
TXN004665,2026-06-21,2,56,2,240.0
TXN004665,2026-06-21,2,36,2,210.0
TXN004666,2026-06-21,2,24,1,50.0
TXN004667,2026-06-21,2,19,1,110.0
TXN004667,2026-06-21,2,48,2,48.0
TXN004668,2026-06-21,2,54,1,35.0
TXN004669,2026-06-21,2,45,2,270.0
TXN004669,2026-06-21,2,37,1,160.0
TXN004669,2026-06-21,2,7,1,130.0
TXN004669,2026-06-21,2,39,1,140.0
TXN004669,2026-06-21,2,33,1,85.0
TXN004670,2026-06-21,2,7,2,260.0
TXN004670,2026-06-21,2,51,2,360.0
TXN004672,2026-06-21,2,35,1,145.0
TXN004672,2026-06-21,2,12,1,90.0
TXN004673,2026-06-21,2,43,2,480.0
TXN004673,2026-06-21,2,37,1,160.0
TXN004674,2026-06-21,2,25,1,280.0
TXN004674,2026-06-21,2,50,1,260.0
TXN004674,2026-06-21,2,21,1,310.0
TXN004675,2026-06-21,2,17,2,90.0
TXN004675,2026-06-21,2,42,1,620.0
TXN004675,2026-06-21,2,51,1,180.0
TXN004675,2026-06-21,2,46,2,96.0
TXN004675,2026-06-21,2,14,1,80.0
TXN004676,2026-06-21,2,43,2,480.0
TXN004676,2026-06-21,2,32,1,120.0
TXN004676,2026-06-21,2,7,2,260.0
TXN004676,2026-06-21,2,22,2,60.0
TXN004678,2026-06-21,2,32,1,120.0
TXN004679,2026-06-21,2,45,2,270.0
TXN004679,2026-06-21,2,16,2,240.0
TXN004680,2026-06-21,2,8,2,168.0
TXN004681,2026-06-21,2,22,1,30.0
TXN004682,2026-06-21,2,50,1,260.0
TXN004683,2026-06-21,2,53,1,40.0
TXN004684,2026-06-21,2,45,2,270.0
TXN004684,2026-06-21,2,35,1,145.0
TXN004684,2026-06-21,2,31,1,175.0
TXN004685,2026-06-21,2,22,1,30.0
TXN004685,2026-06-21,2,17,3,135.0
TXN004685,2026-06-21,2,7,1,130.0
TXN004685,2026-06-21,2,15,1,110.0
TXN004686,2026-06-21,2,22,2,60.0
TXN004686,2026-06-21,2,57,2,180.0
TXN004686,2026-06-21,2,42,2,1240.0
TXN004686,2026-06-21,2,24,2,100.0
TXN004687,2026-06-21,2,36,1,105.0
TXN004687,2026-06-21,2,2,1,35.0
TXN004688,2026-06-21,2,32,1,120.0
TXN004688,2026-06-21,2,48,2,48.0
TXN004688,2026-06-21,2,39,1,140.0
TXN004689,2026-06-21,2,51,1,180.0
TXN004690,2026-06-21,2,50,1,260.0
TXN004691,2026-06-21,2,48,2,48.0
TXN004691,2026-06-21,2,42,2,1240.0
TXN004692,2026-06-21,2,1,2,128.0
TXN004692,2026-06-21,2,20,1,220.0
TXN004692,2026-06-21,2,2,1,35.0
TXN004692,2026-06-21,2,30,2,80.0
TXN004693,2026-06-21,2,41,1,90.0
TXN004693,2026-06-21,2,46,1,48.0
TXN004693,2026-06-21,2,7,1,130.0
TXN004693,2026-06-21,2,17,2,90.0
TXN004694,2026-06-21,2,8,1,84.0
TXN004695,2026-06-21,2,22,1,30.0
TXN004695,2026-06-21,2,3,1,115.0
TXN004695,2026-06-21,2,46,1,48.0
TXN004695,2026-06-21,2,14,1,80.0
TXN004698,2026-06-21,3,44,1,580.0
TXN004698,2026-06-21,3,2,1,35.0
TXN004700,2026-06-21,3,3,1,115.0
TXN004700,2026-06-21,3,32,1,120.0
TXN004701,2026-06-21,3,7,2,260.0
TXN004701,2026-06-21,3,58,1,25.0
TXN004702,2026-06-21,3,43,1,240.0
TXN004703,2026-06-21,3,29,1,95.0
TXN004703,2026-06-21,3,16,1,120.0
TXN004704,2026-06-21,3,51,2,360.0
TXN004705,2026-06-21,3,30,1,40.0
TXN004705,2026-06-21,3,9,2,80.0
TXN004705,2026-06-21,3,35,1,145.0
TXN004706,2026-06-21,3,53,1,40.0
TXN004706,2026-06-21,3,7,1,130.0
TXN004706,2026-06-21,3,49,1,85.0
TXN004707,2026-06-21,3,59,1,35.0
TXN004707,2026-06-21,3,55,1,30.0
TXN004707,2026-06-21,3,11,1,35.0
TXN004708,2026-06-21,3,26,1,450.0
TXN004708,2026-06-21,3,60,1,40.0
TXN004709,2026-06-21,3,50,1,260.0
TXN004709,2026-06-21,3,53,1,40.0
TXN004709,2026-06-21,3,57,1,90.0
TXN004709,2026-06-21,3,5,1,95.0
TXN004710,2026-06-21,3,43,2,480.0
TXN004711,2026-06-21,3,52,1,50.0
TXN004711,2026-06-21,3,24,1,50.0
TXN004712,2026-06-21,3,36,1,105.0
TXN004712,2026-06-21,3,53,1,40.0
TXN004712,2026-06-21,3,10,1,45.0
TXN004713,2026-06-21,3,55,2,60.0
TXN004713,2026-06-21,3,22,3,90.0
TXN004714,2026-06-21,3,16,2,240.0
TXN004714,2026-06-21,3,47,1,165.0
TXN004714,2026-06-21,3,31,1,175.0
TXN004715,2026-06-21,3,49,1,85.0
TXN004715,2026-06-21,3,25,1,280.0
TXN004716,2026-06-21,3,51,2,360.0
TXN004716,2026-06-21,3,52,1,50.0
TXN004717,2026-06-21,3,21,1,310.0
TXN004717,2026-06-21,3,56,1,120.0
TXN004719,2026-06-21,3,52,1,50.0
TXN004719,2026-06-21,3,10,1,45.0
TXN004719,2026-06-21,3,54,1,35.0
TXN004719,2026-06-21,3,22,1,30.0
TXN004720,2026-06-21,3,41,1,90.0
TXN004720,2026-06-21,3,18,1,20.0
TXN004720,2026-06-21,3,25,1,280.0
TXN004721,2026-06-21,3,18,2,40.0
TXN004721,2026-06-21,3,19,1,110.0
TXN004721,2026-06-21,3,60,1,40.0
TXN004722,2026-06-21,3,43,1,240.0
TXN004722,2026-06-21,3,55,2,60.0
TXN004722,2026-06-21,3,49,1,85.0
TXN004722,2026-06-21,3,58,1,25.0
TXN004722,2026-06-21,3,45,2,270.0
TXN004723,2026-06-21,3,4,1,140.0
TXN004724,2026-06-21,3,7,1,130.0
TXN004724,2026-06-21,3,45,2,270.0
TXN004724,2026-06-21,3,29,1,95.0
TXN004725,2026-06-21,3,32,1,120.0
TXN004725,2026-06-21,3,6,2,60.0
TXN004726,2026-06-21,3,2,1,35.0
TXN004726,2026-06-21,3,5,1,95.0
TXN004727,2026-06-21,3,16,1,120.0
TXN004727,2026-06-21,3,21,1,310.0
TXN004728,2026-06-21,3,8,2,168.0
TXN004729,2026-06-21,3,59,1,35.0
TXN004729,2026-06-21,3,25,1,280.0
TXN004730,2026-06-21,3,57,1,90.0
TXN004730,2026-06-21,3,50,1,260.0
TXN004730,2026-06-21,3,26,1,450.0
TXN004730,2026-06-21,3,59,2,70.0
TXN004731,2026-06-21,3,1,3,192.0
TXN004731,2026-06-21,3,27,2,80.0
TXN004731,2026-06-21,3,43,1,240.0
TXN004731,2026-06-21,3,28,1,75.0
TXN004732,2026-06-21,3,27,1,40.0
TXN004732,2026-06-21,3,42,2,1240.0
TXN004732,2026-06-21,3,31,1,175.0
TXN004732,2026-06-21,3,45,1,135.0
TXN004733,2026-06-21,3,32,1,120.0
TXN004734,2026-06-21,3,55,2,60.0
TXN004734,2026-06-21,3,26,1,450.0
TXN004734,2026-06-21,3,36,1,105.0
TXN004734,2026-06-21,3,4,1,140.0
TXN004735,2026-06-21,3,15,2,220.0
TXN004736,2026-06-21,3,55,1,30.0
TXN004736,2026-06-21,3,42,1,620.0
TXN004736,2026-06-21,3,22,2,60.0
TXN004738,2026-06-22,1,46,1,48.0
TXN004739,2026-06-22,1,51,2,360.0
TXN004739,2026-06-22,1,52,1,50.0
TXN004740,2026-06-22,1,42,2,1240.0
TXN004740,2026-06-22,1,1,3,192.0
TXN004740,2026-06-22,1,15,2,220.0
TXN004741,2026-06-22,1,8,2,168.0
TXN004742,2026-06-22,1,48,2,48.0
TXN004742,2026-06-22,1,56,1,120.0
TXN004742,2026-06-22,1,24,1,50.0
TXN004742,2026-06-22,1,36,1,105.0
TXN004743,2026-06-22,1,18,2,40.0
TXN004743,2026-06-22,1,12,1,90.0
TXN004743,2026-06-22,1,8,1,84.0
TXN004743,2026-06-22,1,22,1,30.0
TXN004744,2026-06-22,1,50,3,780.0
TXN004745,2026-06-22,1,9,3,120.0
TXN004747,2026-06-22,1,36,2,210.0
TXN004748,2026-06-22,1,1,3,192.0
TXN004749,2026-06-22,1,13,1,60.0
TXN004749,2026-06-22,1,50,1,260.0
TXN004750,2026-06-22,1,53,1,40.0
TXN004750,2026-06-22,1,54,2,70.0
TXN004751,2026-06-22,1,31,1,175.0
TXN004752,2026-06-22,1,25,1,280.0
TXN004752,2026-06-22,1,14,1,80.0
TXN004753,2026-06-22,1,48,1,24.0
TXN004753,2026-06-22,1,6,1,30.0
TXN004754,2026-06-22,1,10,2,90.0
TXN004755,2026-06-22,1,13,2,120.0
TXN004755,2026-06-22,1,6,1,30.0
TXN004755,2026-06-22,1,22,1,30.0
TXN004756,2026-06-22,1,22,1,30.0
TXN004757,2026-06-22,1,32,2,240.0
TXN004758,2026-06-22,1,45,1,135.0
TXN004758,2026-06-22,1,2,1,35.0
TXN004758,2026-06-22,1,13,1,60.0
TXN004758,2026-06-22,1,3,2,230.0
TXN004759,2026-06-22,1,9,3,120.0
TXN004759,2026-06-22,1,17,2,90.0
TXN004760,2026-06-22,1,22,2,60.0
TXN004761,2026-06-22,1,52,2,100.0
TXN004761,2026-06-22,1,15,1,110.0
TXN004761,2026-06-22,1,49,1,85.0
TXN004761,2026-06-22,1,36,2,210.0
TXN004763,2026-06-22,1,30,1,40.0
TXN004763,2026-06-22,1,56,1,120.0
TXN004763,2026-06-22,1,43,1,240.0
TXN004764,2026-06-22,1,52,2,100.0
TXN004764,2026-06-22,1,46,1,48.0
TXN004764,2026-06-22,1,30,1,40.0
TXN004764,2026-06-22,1,44,1,580.0
TXN004764,2026-06-22,1,41,1,90.0
TXN004766,2026-06-22,1,12,1,90.0
TXN004766,2026-06-22,1,17,2,90.0
TXN004767,2026-06-22,1,22,2,60.0
TXN004767,2026-06-22,1,49,1,85.0
TXN004767,2026-06-22,1,32,1,120.0
TXN004769,2026-06-22,1,55,2,60.0
TXN004770,2026-06-22,1,2,1,35.0
TXN004770,2026-06-22,1,55,1,30.0
TXN004770,2026-06-22,1,22,1,30.0
TXN004771,2026-06-22,1,53,1,40.0
TXN004771,2026-06-22,1,46,2,96.0
TXN004772,2026-06-22,1,7,1,130.0
TXN004774,2026-06-22,1,26,1,450.0
TXN004774,2026-06-22,1,57,1,90.0
TXN004774,2026-06-22,1,29,1,95.0
TXN004775,2026-06-22,1,33,1,85.0
TXN004776,2026-06-22,1,11,1,35.0
TXN004776,2026-06-22,1,25,1,280.0
TXN004777,2026-06-22,2,44,1,580.0
TXN004777,2026-06-22,2,2,2,70.0
TXN004777,2026-06-22,2,49,1,85.0
TXN004778,2026-06-22,2,55,1,30.0
TXN004778,2026-06-22,2,23,1,25.0
TXN004778,2026-06-22,2,48,1,24.0
TXN004779,2026-06-22,2,14,2,160.0
TXN004779,2026-06-22,2,9,2,80.0
TXN004780,2026-06-22,2,56,1,120.0
TXN004780,2026-06-22,2,29,2,190.0
TXN004780,2026-06-22,2,57,1,90.0
TXN004781,2026-06-22,2,25,1,280.0
TXN004781,2026-06-22,2,15,1,110.0
TXN004781,2026-06-22,2,32,1,120.0
TXN004782,2026-06-22,2,43,2,480.0
TXN004782,2026-06-22,2,51,1,180.0
TXN004782,2026-06-22,2,6,1,30.0
TXN004783,2026-06-22,2,36,2,210.0
TXN004784,2026-06-22,2,27,1,40.0
TXN004785,2026-06-22,2,58,1,25.0
TXN004785,2026-06-22,2,42,2,1240.0
TXN004785,2026-06-22,2,19,1,110.0
TXN004786,2026-06-22,2,60,1,40.0
TXN004786,2026-06-22,2,15,1,110.0
TXN004786,2026-06-22,2,17,1,45.0
TXN004786,2026-06-22,2,18,2,40.0
TXN004787,2026-06-22,2,17,1,45.0
TXN004787,2026-06-22,2,46,2,96.0
TXN004787,2026-06-22,2,15,1,110.0
TXN004788,2026-06-22,2,22,2,60.0
TXN004789,2026-06-22,2,50,1,260.0
TXN004789,2026-06-22,2,9,2,80.0
TXN004790,2026-06-22,2,3,1,115.0
TXN004791,2026-06-22,2,56,1,120.0
TXN004791,2026-06-22,2,17,2,90.0
TXN004791,2026-06-22,2,57,1,90.0
TXN004792,2026-06-22,2,8,1,84.0
TXN004793,2026-06-22,2,41,1,90.0
TXN004793,2026-06-22,2,49,1,85.0
TXN004793,2026-06-22,2,52,1,50.0
TXN004793,2026-06-22,2,34,1,190.0
TXN004793,2026-06-22,2,51,2,360.0
TXN004794,2026-06-22,2,21,1,310.0
TXN004795,2026-06-22,2,9,3,120.0
TXN004795,2026-06-22,2,24,1,50.0
TXN004796,2026-06-22,2,36,1,105.0
TXN004796,2026-06-22,2,41,1,90.0
TXN004796,2026-06-22,2,29,1,95.0
TXN004797,2026-06-22,2,11,1,35.0
TXN004797,2026-06-22,2,8,1,84.0
TXN004798,2026-06-22,2,3,1,115.0
TXN004798,2026-06-22,2,58,2,50.0
TXN004798,2026-06-22,2,6,1,30.0
TXN004800,2026-06-22,2,52,1,50.0
TXN004801,2026-06-22,2,59,1,35.0
TXN004801,2026-06-22,2,57,1,90.0
TXN004801,2026-06-22,2,34,1,190.0
TXN004802,2026-06-22,2,52,1,50.0
TXN004803,2026-06-22,2,26,1,450.0
TXN004803,2026-06-22,2,8,1,84.0
TXN004803,2026-06-22,2,1,1,64.0
TXN004804,2026-06-22,2,21,1,310.0
TXN004805,2026-06-22,2,45,2,270.0
TXN004806,2026-06-22,2,22,1,30.0
TXN004806,2026-06-22,2,44,1,580.0
TXN004806,2026-06-22,2,6,2,60.0
TXN004807,2026-06-22,2,6,1,30.0
TXN004808,2026-06-22,2,18,1,20.0
TXN004810,2026-06-22,2,27,1,40.0
TXN004810,2026-06-22,2,9,3,120.0
TXN004811,2026-06-22,2,23,1,25.0
TXN004812,2026-06-22,3,18,2,40.0
TXN004812,2026-06-22,3,11,1,35.0
TXN004812,2026-06-22,3,53,2,80.0
TXN004813,2026-06-22,3,59,1,35.0
TXN004813,2026-06-22,3,22,1,30.0
TXN004814,2026-06-22,3,1,1,64.0
TXN004815,2026-06-22,3,58,2,50.0
TXN004815,2026-06-22,3,16,1,120.0
TXN004816,2026-06-22,3,46,1,48.0
TXN004816,2026-06-22,3,42,1,620.0
TXN004816,2026-06-22,3,1,1,64.0
TXN004816,2026-06-22,3,28,1,75.0
TXN004816,2026-06-22,3,4,1,140.0
TXN004817,2026-06-22,3,26,1,450.0
TXN004817,2026-06-22,3,32,1,120.0
TXN004818,2026-06-22,3,22,1,30.0
TXN004818,2026-06-22,3,33,1,85.0
TXN004818,2026-06-22,3,7,2,260.0
TXN004819,2026-06-22,3,39,1,140.0
TXN004819,2026-06-22,3,55,2,60.0
TXN004819,2026-06-22,3,43,1,240.0
TXN004820,2026-06-22,3,10,1,45.0
TXN004820,2026-06-22,3,36,1,105.0
TXN004820,2026-06-22,3,47,2,330.0
TXN004820,2026-06-22,3,23,1,25.0
TXN004820,2026-06-22,3,9,2,80.0
TXN004821,2026-06-22,3,54,1,35.0
TXN004822,2026-06-22,3,49,2,170.0
TXN004823,2026-06-22,3,7,2,260.0
TXN004825,2026-06-22,3,42,1,620.0
TXN004825,2026-06-22,3,29,1,95.0
TXN004825,2026-06-22,3,6,1,30.0
TXN004826,2026-06-22,3,45,3,405.0
TXN004826,2026-06-22,3,55,1,30.0
TXN004826,2026-06-22,3,8,2,168.0
TXN004827,2026-06-22,3,53,1,40.0
TXN004827,2026-06-22,3,16,1,120.0
TXN004827,2026-06-22,3,27,1,40.0
TXN004828,2026-06-22,3,60,1,40.0
TXN004828,2026-06-22,3,35,1,145.0
TXN004828,2026-06-22,3,16,2,240.0
TXN004828,2026-06-22,3,45,1,135.0
TXN004828,2026-06-22,3,5,1,95.0
TXN004830,2026-06-22,3,31,1,175.0
TXN004830,2026-06-22,3,11,1,35.0
TXN004831,2026-06-22,3,40,1,65.0
TXN004832,2026-06-22,3,24,1,50.0
TXN004832,2026-06-22,3,8,1,84.0
TXN004833,2026-06-22,3,58,1,25.0
TXN004834,2026-06-22,3,59,1,35.0
TXN004836,2026-06-22,3,41,1,90.0
TXN004838,2026-06-22,3,5,1,95.0
TXN004838,2026-06-22,3,27,2,80.0
TXN004838,2026-06-22,3,45,1,135.0
TXN004838,2026-06-22,3,23,1,25.0
TXN004839,2026-06-22,3,9,2,80.0
TXN004839,2026-06-22,3,24,1,50.0
TXN004841,2026-06-22,3,39,1,140.0
TXN004842,2026-06-22,3,46,2,96.0
TXN004843,2026-06-22,3,59,1,35.0
TXN004844,2026-06-22,3,30,2,80.0
TXN004844,2026-06-22,3,16,2,240.0
TXN004845,2026-06-23,1,53,1,40.0
TXN004845,2026-06-23,1,12,2,180.0
TXN004846,2026-06-23,1,56,1,120.0
TXN004846,2026-06-23,1,22,1,30.0
TXN004848,2026-06-23,1,52,1,50.0
TXN004848,2026-06-23,1,14,1,80.0
TXN004848,2026-06-23,1,22,1,30.0
TXN004848,2026-06-23,1,40,1,65.0
TXN004849,2026-06-23,1,35,2,290.0
TXN004850,2026-06-23,1,27,1,40.0
TXN004851,2026-06-23,1,23,2,50.0
TXN004852,2026-06-23,1,56,1,120.0
TXN004852,2026-06-23,1,39,1,140.0
TXN004853,2026-06-23,1,50,1,260.0
TXN004853,2026-06-23,1,59,2,70.0
TXN004853,2026-06-23,1,11,1,35.0
TXN004853,2026-06-23,1,48,2,48.0
TXN004854,2026-06-23,1,47,1,165.0
TXN004855,2026-06-23,1,37,1,160.0
TXN004856,2026-06-23,1,28,1,75.0
TXN004857,2026-06-23,1,54,2,70.0
TXN004857,2026-06-23,1,30,2,80.0
TXN004857,2026-06-23,1,27,1,40.0
TXN004858,2026-06-23,1,32,2,240.0
TXN004858,2026-06-23,1,16,1,120.0
TXN004858,2026-06-23,1,54,2,70.0
TXN004858,2026-06-23,1,48,3,72.0
TXN004858,2026-06-23,1,46,1,48.0
TXN004859,2026-06-23,1,12,2,180.0
TXN004859,2026-06-23,1,42,2,1240.0
TXN004859,2026-06-23,1,16,1,120.0
TXN004860,2026-06-23,1,48,1,24.0
TXN004861,2026-06-23,1,29,1,95.0
TXN004861,2026-06-23,1,24,2,100.0
TXN004861,2026-06-23,1,52,1,50.0
TXN004862,2026-06-23,1,37,1,160.0
TXN004863,2026-06-23,1,55,2,60.0
TXN004863,2026-06-23,1,48,2,48.0
TXN004864,2026-06-23,1,12,3,270.0
TXN004864,2026-06-23,1,33,1,85.0
TXN004865,2026-06-23,1,53,1,40.0
TXN004865,2026-06-23,1,52,1,50.0
TXN004866,2026-06-23,1,16,1,120.0
TXN004866,2026-06-23,1,2,2,70.0
TXN004867,2026-06-23,1,16,1,120.0
TXN004867,2026-06-23,1,41,1,90.0
TXN004867,2026-06-23,1,58,1,25.0
TXN004868,2026-06-23,1,15,1,110.0
TXN004868,2026-06-23,1,28,2,150.0
TXN004869,2026-06-23,1,49,1,85.0
TXN004870,2026-06-23,1,35,1,145.0
TXN004870,2026-06-23,1,24,1,50.0
TXN004870,2026-06-23,1,13,1,60.0
TXN004870,2026-06-23,1,46,2,96.0
TXN004870,2026-06-23,1,53,2,80.0
TXN004871,2026-06-23,1,16,1,120.0
TXN004871,2026-06-23,1,53,2,80.0
TXN004872,2026-06-23,1,32,2,240.0
TXN004873,2026-06-23,1,24,1,50.0
TXN004874,2026-06-23,1,4,1,140.0
TXN004874,2026-06-23,1,52,1,50.0
TXN004875,2026-06-23,1,58,1,25.0
TXN004875,2026-06-23,1,42,1,620.0
TXN004876,2026-06-23,1,26,1,450.0
TXN004877,2026-06-23,1,9,3,120.0
TXN004878,2026-06-23,1,15,2,220.0
TXN004878,2026-06-23,1,52,1,50.0
TXN004879,2026-06-23,1,55,1,30.0
TXN004880,2026-06-23,1,53,2,80.0
TXN004880,2026-06-23,1,47,1,165.0
TXN004881,2026-06-23,1,23,1,25.0
TXN004882,2026-06-23,1,17,2,90.0
TXN004882,2026-06-23,1,60,1,40.0
TXN004883,2026-06-23,1,8,2,168.0
TXN004883,2026-06-23,1,22,1,30.0
TXN004883,2026-06-23,1,45,1,135.0
TXN004883,2026-06-23,1,32,1,120.0
TXN004884,2026-06-23,1,28,1,75.0
TXN004884,2026-06-23,1,52,1,50.0
TXN004884,2026-06-23,1,15,1,110.0
TXN004884,2026-06-23,1,12,1,90.0
TXN004885,2026-06-23,1,2,1,35.0
TXN004885,2026-06-23,1,54,1,35.0
TXN004886,2026-06-23,1,9,2,80.0
TXN004886,2026-06-23,1,55,1,30.0
TXN004886,2026-06-23,1,43,2,480.0
TXN004887,2026-06-23,1,16,1,120.0
TXN004887,2026-06-23,1,21,1,310.0
TXN004887,2026-06-23,1,9,2,80.0
TXN004887,2026-06-23,1,1,2,128.0
TXN004888,2026-06-23,1,19,1,110.0
TXN004889,2026-06-23,1,43,2,480.0
TXN004889,2026-06-23,1,25,1,280.0
TXN004889,2026-06-23,1,23,2,50.0
TXN004891,2026-06-23,2,3,1,115.0
TXN004891,2026-06-23,2,7,1,130.0
TXN004891,2026-06-23,2,6,1,30.0
TXN004891,2026-06-23,2,59,1,35.0
TXN004891,2026-06-23,2,19,1,110.0
TXN004892,2026-06-23,2,33,1,85.0
TXN004892,2026-06-23,2,36,2,210.0
TXN004892,2026-06-23,2,7,1,130.0
TXN004892,2026-06-23,2,35,1,145.0
TXN004893,2026-06-23,2,16,1,120.0
TXN004893,2026-06-23,2,36,1,105.0
TXN004893,2026-06-23,2,8,2,168.0
TXN004894,2026-06-23,2,6,1,30.0
TXN004896,2026-06-23,2,49,1,85.0
TXN004896,2026-06-23,2,36,2,210.0
TXN004897,2026-06-23,2,1,2,128.0
TXN004897,2026-06-23,2,10,1,45.0
TXN004897,2026-06-23,2,46,1,48.0
TXN004898,2026-06-23,2,29,1,95.0
TXN004898,2026-06-23,2,10,1,45.0
TXN004899,2026-06-23,2,15,1,110.0
TXN004899,2026-06-23,2,47,1,165.0
TXN004899,2026-06-23,2,46,1,48.0
TXN004899,2026-06-23,2,50,1,260.0
TXN004900,2026-06-23,2,39,1,140.0
TXN004901,2026-06-23,2,17,3,135.0
TXN004902,2026-06-23,2,17,1,45.0
TXN004902,2026-06-23,2,3,1,115.0
TXN004903,2026-06-23,2,56,1,120.0
TXN004903,2026-06-23,2,36,2,210.0
TXN004904,2026-06-23,2,3,1,115.0
TXN004904,2026-06-23,2,23,1,25.0
TXN004906,2026-06-23,2,33,2,170.0
TXN004907,2026-06-23,2,14,1,80.0
TXN004907,2026-06-23,2,38,1,210.0
TXN004907,2026-06-23,2,60,1,40.0
TXN004907,2026-06-23,2,10,1,45.0
TXN004908,2026-06-23,2,22,1,30.0
TXN004908,2026-06-23,2,49,2,170.0
TXN004909,2026-06-23,2,51,2,360.0
TXN004909,2026-06-23,2,16,2,240.0
TXN004909,2026-06-23,2,2,1,35.0
TXN004910,2026-06-23,2,54,1,35.0
TXN004910,2026-06-23,2,27,2,80.0
TXN004911,2026-06-23,2,44,1,580.0
TXN004911,2026-06-23,2,10,1,45.0
TXN004911,2026-06-23,2,1,2,128.0
TXN004911,2026-06-23,2,55,1,30.0
TXN004912,2026-06-23,2,53,1,40.0
TXN004912,2026-06-23,2,19,1,110.0
TXN004912,2026-06-23,2,22,2,60.0
TXN004913,2026-06-23,2,33,1,85.0
TXN004915,2026-06-23,2,55,1,30.0
TXN004916,2026-06-23,2,16,2,240.0
TXN004916,2026-06-23,2,33,1,85.0
TXN004916,2026-06-23,2,31,1,175.0
TXN004917,2026-06-23,3,15,1,110.0
TXN004918,2026-06-23,3,19,1,110.0
TXN004920,2026-06-23,3,32,1,120.0
TXN004921,2026-06-23,3,29,1,95.0
TXN004922,2026-06-23,3,27,2,80.0
TXN004922,2026-06-23,3,49,1,85.0
TXN004922,2026-06-23,3,25,1,280.0
TXN004923,2026-06-23,3,52,1,50.0
TXN004923,2026-06-23,3,25,1,280.0
TXN004923,2026-06-23,3,11,1,35.0
TXN004923,2026-06-23,3,10,1,45.0
TXN004924,2026-06-23,3,16,1,120.0
TXN004924,2026-06-23,3,3,1,115.0
TXN004925,2026-06-23,3,25,1,280.0
TXN004927,2026-06-23,3,37,1,160.0
TXN004927,2026-06-23,3,48,2,48.0
TXN004927,2026-06-23,3,17,1,45.0
TXN004928,2026-06-23,3,1,2,128.0
TXN004928,2026-06-23,3,22,1,30.0
TXN004929,2026-06-23,3,9,1,40.0
TXN004930,2026-06-23,3,3,1,115.0
TXN004931,2026-06-23,3,54,1,35.0
TXN004932,2026-06-23,3,1,1,64.0
TXN004932,2026-06-23,3,10,2,90.0
TXN004933,2026-06-23,3,10,2,90.0
TXN004933,2026-06-23,3,17,2,90.0
TXN004933,2026-06-23,3,35,1,145.0
TXN004933,2026-06-23,3,54,1,35.0
TXN004933,2026-06-23,3,26,1,450.0
TXN004934,2026-06-23,3,5,2,190.0
TXN004936,2026-06-23,3,44,1,580.0
TXN004937,2026-06-23,3,51,2,360.0
TXN004937,2026-06-23,3,8,1,84.0
TXN004938,2026-06-23,3,1,2,128.0
TXN004938,2026-06-23,3,25,2,560.0
TXN004938,2026-06-23,3,6,1,30.0
TXN004939,2026-06-23,3,48,1,24.0
TXN004939,2026-06-23,3,8,2,168.0
TXN004939,2026-06-23,3,7,1,130.0
TXN004939,2026-06-23,3,53,3,120.0
TXN004940,2026-06-23,3,47,1,165.0
TXN004940,2026-06-23,3,32,1,120.0
TXN004941,2026-06-23,3,17,3,135.0
TXN004941,2026-06-23,3,6,1,30.0
TXN004942,2026-06-23,3,34,1,190.0
TXN004943,2026-06-23,3,7,1,130.0
TXN004943,2026-06-23,3,1,2,128.0
TXN004943,2026-06-23,3,22,1,30.0
TXN004944,2026-06-23,3,29,2,190.0
TXN004945,2026-06-24,1,29,1,95.0
TXN004945,2026-06-24,1,3,1,115.0
TXN004945,2026-06-24,1,33,1,85.0
TXN004946,2026-06-24,1,51,2,360.0
TXN004946,2026-06-24,1,4,1,140.0
TXN004946,2026-06-24,1,52,2,100.0
TXN004947,2026-06-24,1,30,2,80.0
TXN004947,2026-06-24,1,14,1,80.0
TXN004947,2026-06-24,1,5,2,190.0
TXN004947,2026-06-24,1,2,1,35.0
TXN004948,2026-06-24,1,31,1,175.0
TXN004948,2026-06-24,1,9,2,80.0
TXN004949,2026-06-24,1,18,3,60.0
TXN004949,2026-06-24,1,51,1,180.0
TXN004949,2026-06-24,1,4,1,140.0
TXN004949,2026-06-24,1,30,2,80.0
TXN004950,2026-06-24,1,17,1,45.0
TXN004950,2026-06-24,1,41,1,90.0
TXN004951,2026-06-24,1,16,1,120.0
TXN004951,2026-06-24,1,39,1,140.0
TXN004952,2026-06-24,1,19,1,110.0
TXN004952,2026-06-24,1,6,1,30.0
TXN004952,2026-06-24,1,12,1,90.0
TXN004952,2026-06-24,1,53,2,80.0
TXN004952,2026-06-24,1,41,1,90.0
TXN004953,2026-06-24,1,11,1,35.0
TXN004954,2026-06-24,1,5,1,95.0
TXN004954,2026-06-24,1,45,1,135.0
TXN004955,2026-06-24,1,60,1,40.0
TXN004955,2026-06-24,1,26,1,450.0
TXN004955,2026-06-24,1,16,1,120.0
TXN004955,2026-06-24,1,6,1,30.0
TXN004956,2026-06-24,1,27,2,80.0
TXN004956,2026-06-24,1,51,2,360.0
TXN004957,2026-06-24,1,3,1,115.0
TXN004957,2026-06-24,1,25,1,280.0
TXN004957,2026-06-24,1,60,1,40.0
TXN004957,2026-06-24,1,19,1,110.0
TXN004958,2026-06-24,1,57,1,90.0
TXN004958,2026-06-24,1,36,1,105.0
TXN004959,2026-06-24,1,34,1,190.0
TXN004959,2026-06-24,1,5,1,95.0
TXN004959,2026-06-24,1,30,1,40.0
TXN004960,2026-06-24,1,2,1,35.0
TXN004961,2026-06-24,1,59,2,70.0
TXN004964,2026-06-24,1,42,2,1240.0
TXN004964,2026-06-24,1,31,1,175.0
TXN004965,2026-06-24,1,39,2,280.0
TXN004965,2026-06-24,1,13,2,120.0
TXN004965,2026-06-24,1,52,2,100.0
TXN004966,2026-06-24,1,60,1,40.0
TXN004967,2026-06-24,1,29,2,190.0
TXN004968,2026-06-24,1,54,2,70.0
TXN004968,2026-06-24,1,4,1,140.0
TXN004968,2026-06-24,1,18,2,40.0
TXN004969,2026-06-24,1,52,2,100.0
TXN004970,2026-06-24,1,22,1,30.0
TXN004970,2026-06-24,1,55,2,60.0
TXN004971,2026-06-24,1,43,2,480.0
TXN004971,2026-06-24,1,37,1,160.0
TXN004971,2026-06-24,1,47,1,165.0
TXN004971,2026-06-24,1,27,1,40.0
TXN004972,2026-06-24,1,53,1,40.0
TXN004973,2026-06-24,1,15,2,220.0
TXN004975,2026-06-24,1,12,1,90.0
TXN004975,2026-06-24,1,25,2,560.0
TXN004975,2026-06-24,1,41,1,90.0
TXN004976,2026-06-24,1,16,2,240.0
TXN004976,2026-06-24,1,7,3,390.0
TXN004976,2026-06-24,1,30,1,40.0
TXN004976,2026-06-24,1,14,1,80.0
TXN004978,2026-06-24,1,51,2,360.0
TXN004978,2026-06-24,1,48,2,48.0
TXN004979,2026-06-24,1,55,2,60.0
TXN004979,2026-06-24,1,22,1,30.0
TXN004979,2026-06-24,1,16,1,120.0
TXN004980,2026-06-24,1,30,3,120.0
TXN004980,2026-06-24,1,43,2,480.0
TXN004980,2026-06-24,1,6,1,30.0
TXN004980,2026-06-24,1,17,3,135.0
TXN004980,2026-06-24,1,45,2,270.0
TXN004981,2026-06-24,1,39,2,280.0
TXN004981,2026-06-24,1,25,1,280.0
TXN004981,2026-06-24,1,29,1,95.0
TXN004983,2026-06-24,1,30,2,80.0
TXN004983,2026-06-24,1,39,2,280.0
TXN004983,2026-06-24,1,9,3,120.0
TXN004984,2026-06-24,1,9,2,80.0
TXN004984,2026-06-24,1,22,1,30.0
TXN004984,2026-06-24,1,26,1,450.0
TXN004985,2026-06-24,2,53,1,40.0
TXN004986,2026-06-24,2,43,1,240.0
TXN004986,2026-06-24,2,42,2,1240.0
TXN004987,2026-06-24,2,39,1,140.0
TXN004987,2026-06-24,2,46,2,96.0
TXN004988,2026-06-24,2,45,1,135.0
TXN004988,2026-06-24,2,54,1,35.0
TXN004988,2026-06-24,2,7,2,260.0
TXN004988,2026-06-24,2,47,1,165.0
TXN004989,2026-06-24,2,24,1,50.0
TXN004989,2026-06-24,2,21,1,310.0
TXN004990,2026-06-24,2,22,2,60.0
TXN004991,2026-06-24,2,4,1,140.0
TXN004991,2026-06-24,2,1,2,128.0
TXN004991,2026-06-24,2,6,2,60.0
TXN004992,2026-06-24,2,6,2,60.0
TXN004993,2026-06-24,2,28,1,75.0
TXN004993,2026-06-24,2,27,1,40.0
TXN004994,2026-06-24,2,51,1,180.0
TXN004994,2026-06-24,2,17,1,45.0
TXN004994,2026-06-24,2,50,2,520.0
TXN004995,2026-06-24,2,1,3,192.0
TXN004996,2026-06-24,2,42,1,620.0
TXN004996,2026-06-24,2,49,1,85.0
TXN004997,2026-06-24,2,54,2,70.0
TXN004998,2026-06-24,2,55,1,30.0
TXN004998,2026-06-24,2,26,1,450.0
TXN004998,2026-06-24,2,9,2,80.0
TXN004999,2026-06-24,2,16,2,240.0
TXN004999,2026-06-24,2,27,1,40.0
TXN004999,2026-06-24,2,55,1,30.0
TXN005000,2026-06-24,2,9,3,120.0
TXN005000,2026-06-24,2,5,1,95.0
TXN005000,2026-06-24,2,50,1,260.0
TXN005000,2026-06-24,2,36,1,105.0
TXN005001,2026-06-24,2,53,1,40.0
TXN005001,2026-06-24,2,8,2,168.0
TXN005002,2026-06-24,2,54,1,35.0
TXN005002,2026-06-24,2,2,2,70.0
TXN005003,2026-06-24,2,45,1,135.0
TXN005005,2026-06-24,2,1,2,128.0
TXN005005,2026-06-24,2,54,2,70.0
TXN005005,2026-06-24,2,16,2,240.0
TXN005006,2026-06-24,2,46,1,48.0
TXN005007,2026-06-24,2,22,1,30.0
TXN005007,2026-06-24,2,9,2,80.0
TXN005008,2026-06-24,2,30,2,80.0
TXN005008,2026-06-24,2,59,2,70.0
TXN005008,2026-06-24,2,7,1,130.0
TXN005009,2026-06-24,2,55,2,60.0
TXN005009,2026-06-24,2,40,1,65.0
TXN005009,2026-06-24,2,37,1,160.0
TXN005009,2026-06-24,2,21,1,310.0
TXN005011,2026-06-24,2,46,1,48.0
TXN005011,2026-06-24,2,47,1,165.0
TXN005011,2026-06-24,2,35,1,145.0
TXN005012,2026-06-24,2,51,1,180.0
TXN005012,2026-06-24,2,15,1,110.0
TXN005012,2026-06-24,2,3,1,115.0
TXN005013,2026-06-24,2,2,2,70.0
TXN005013,2026-06-24,2,21,1,310.0
TXN005013,2026-06-24,2,36,1,105.0
TXN005014,2026-06-24,2,50,1,260.0
TXN005015,2026-06-24,2,50,1,260.0
TXN005016,2026-06-24,2,4,1,140.0
TXN005016,2026-06-24,2,11,1,35.0
TXN005016,2026-06-24,2,60,1,40.0
TXN005016,2026-06-24,2,23,1,25.0
TXN005017,2026-06-24,2,30,1,40.0
TXN005017,2026-06-24,2,11,1,35.0
TXN005018,2026-06-24,3,47,1,165.0
TXN005018,2026-06-24,3,2,2,70.0
TXN005018,2026-06-24,3,14,2,160.0
TXN005018,2026-06-24,3,10,1,45.0
TXN005019,2026-06-24,3,40,1,65.0
TXN005020,2026-06-24,3,15,1,110.0
TXN005021,2026-06-24,3,32,1,120.0
TXN005021,2026-06-24,3,55,1,30.0
TXN005022,2026-06-24,3,17,2,90.0
TXN005023,2026-06-24,3,5,1,95.0
TXN005024,2026-06-24,3,14,1,80.0
TXN005024,2026-06-24,3,26,1,450.0
TXN005024,2026-06-24,3,60,1,40.0
TXN005025,2026-06-24,3,42,1,620.0
TXN005025,2026-06-24,3,30,1,40.0
TXN005026,2026-06-24,3,19,1,110.0
TXN005026,2026-06-24,3,47,1,165.0
TXN005026,2026-06-24,3,11,1,35.0
TXN005026,2026-06-24,3,14,1,80.0
TXN005027,2026-06-24,3,45,1,135.0
TXN005027,2026-06-24,3,10,1,45.0
TXN005027,2026-06-24,3,37,1,160.0
TXN005027,2026-06-24,3,11,1,35.0
TXN005028,2026-06-24,3,52,2,100.0
TXN005028,2026-06-24,3,8,2,168.0
TXN005029,2026-06-24,3,6,1,30.0
TXN005030,2026-06-24,3,35,1,145.0
TXN005030,2026-06-24,3,23,1,25.0
TXN005030,2026-06-24,3,10,2,90.0
TXN005031,2026-06-24,3,36,1,105.0
TXN005032,2026-06-24,3,9,2,80.0
TXN005032,2026-06-24,3,35,1,145.0
TXN005033,2026-06-24,3,32,1,120.0
TXN005033,2026-06-24,3,40,1,65.0
TXN005034,2026-06-24,3,5,1,95.0
TXN005034,2026-06-24,3,11,1,35.0
TXN005036,2026-06-24,3,6,1,30.0
TXN005037,2026-06-24,3,46,1,48.0
TXN005037,2026-06-24,3,9,1,40.0
TXN005037,2026-06-24,3,28,1,75.0
TXN005038,2026-06-24,3,27,1,40.0
TXN005038,2026-06-24,3,1,2,128.0
TXN005039,2026-06-24,3,21,1,310.0
TXN005039,2026-06-24,3,3,1,115.0
TXN005040,2026-06-24,3,43,2,480.0
TXN005042,2026-06-24,3,2,1,35.0
TXN005042,2026-06-24,3,56,1,120.0
TXN005043,2026-06-24,3,40,1,65.0
TXN005043,2026-06-24,3,54,1,35.0
TXN005043,2026-06-24,3,36,1,105.0
TXN005044,2026-06-24,3,55,1,30.0
TXN005044,2026-06-24,3,1,2,128.0
TXN005045,2026-06-24,3,5,1,95.0
TXN005045,2026-06-24,3,2,1,35.0
TXN005045,2026-06-24,3,25,1,280.0
TXN005046,2026-06-24,3,19,1,110.0
TXN005046,2026-06-24,3,51,1,180.0
TXN005046,2026-06-24,3,48,1,24.0
TXN005046,2026-06-24,3,22,2,60.0
TXN005046,2026-06-24,3,36,1,105.0
TXN005047,2026-06-24,3,27,1,40.0
TXN005047,2026-06-24,3,54,1,35.0
TXN005047,2026-06-24,3,45,1,135.0
TXN005047,2026-06-24,3,11,1,35.0
TXN005050,2026-06-25,1,8,2,168.0
TXN005050,2026-06-25,1,22,1,30.0
TXN005051,2026-06-25,1,11,1,35.0
TXN005051,2026-06-25,1,45,1,135.0
TXN005051,2026-06-25,1,16,2,240.0
TXN005053,2026-06-25,1,54,1,35.0
TXN005053,2026-06-25,1,36,2,210.0
TXN005053,2026-06-25,1,30,2,80.0
TXN005053,2026-06-25,1,42,2,1240.0
TXN005054,2026-06-25,1,32,2,240.0
TXN005054,2026-06-25,1,12,1,90.0
TXN005055,2026-06-25,1,3,1,115.0
TXN005055,2026-06-25,1,50,2,520.0
TXN005055,2026-06-25,1,7,2,260.0
TXN005055,2026-06-25,1,6,2,60.0
TXN005056,2026-06-25,1,54,1,35.0
TXN005056,2026-06-25,1,12,1,90.0
TXN005056,2026-06-25,1,30,2,80.0
TXN005057,2026-06-25,1,18,1,20.0
TXN005057,2026-06-25,1,35,1,145.0
TXN005058,2026-06-25,1,1,3,192.0
TXN005058,2026-06-25,1,46,2,96.0
TXN005058,2026-06-25,1,49,2,170.0
TXN005058,2026-06-25,1,38,1,210.0
TXN005059,2026-06-25,1,53,2,80.0
TXN005059,2026-06-25,1,58,3,75.0
TXN005059,2026-06-25,1,9,3,120.0
TXN005060,2026-06-25,1,45,3,405.0
TXN005060,2026-06-25,1,50,1,260.0
TXN005061,2026-06-25,1,3,1,115.0
TXN005062,2026-06-25,1,29,1,95.0
TXN005062,2026-06-25,1,32,2,240.0
TXN005062,2026-06-25,1,39,1,140.0
TXN005063,2026-06-25,1,38,1,210.0
TXN005063,2026-06-25,1,52,1,50.0
TXN005063,2026-06-25,1,36,2,210.0
TXN005063,2026-06-25,1,15,1,110.0
TXN005064,2026-06-25,1,21,1,310.0
TXN005064,2026-06-25,1,50,1,260.0
TXN005065,2026-06-25,1,1,3,192.0
TXN005065,2026-06-25,1,58,1,25.0
TXN005066,2026-06-25,1,57,1,90.0
TXN005067,2026-06-25,1,43,2,480.0
TXN005067,2026-06-25,1,60,2,80.0
TXN005067,2026-06-25,1,11,1,35.0
TXN005068,2026-06-25,1,50,2,520.0
TXN005068,2026-06-25,1,25,1,280.0
TXN005068,2026-06-25,1,4,1,140.0
TXN005068,2026-06-25,1,1,1,64.0
TXN005068,2026-06-25,1,59,1,35.0
TXN005070,2026-06-25,1,40,1,65.0
TXN005070,2026-06-25,1,47,1,165.0
TXN005070,2026-06-25,1,15,1,110.0
TXN005070,2026-06-25,1,1,3,192.0
TXN005070,2026-06-25,1,44,1,580.0
TXN005071,2026-06-25,1,54,1,35.0
TXN005072,2026-06-25,1,56,1,120.0
TXN005072,2026-06-25,1,55,2,60.0
TXN005075,2026-06-25,1,10,1,45.0
TXN005076,2026-06-25,1,56,1,120.0
TXN005076,2026-06-25,1,40,1,65.0
TXN005076,2026-06-25,1,33,1,85.0
TXN005076,2026-06-25,1,42,2,1240.0
TXN005077,2026-06-25,1,45,2,270.0
TXN005077,2026-06-25,1,16,1,120.0
TXN005077,2026-06-25,1,46,1,48.0
TXN005078,2026-06-25,1,55,1,30.0
TXN005079,2026-06-25,1,52,1,50.0
TXN005079,2026-06-25,1,20,1,220.0
TXN005080,2026-06-25,1,58,2,50.0
TXN005080,2026-06-25,1,54,2,70.0
TXN005080,2026-06-25,1,11,1,35.0
TXN005081,2026-06-25,1,42,2,1240.0
TXN005081,2026-06-25,1,15,1,110.0
TXN005082,2026-06-25,1,2,2,70.0
TXN005082,2026-06-25,1,60,1,40.0
TXN005082,2026-06-25,1,52,2,100.0
TXN005082,2026-06-25,1,47,1,165.0
TXN005083,2026-06-25,1,22,1,30.0
TXN005083,2026-06-25,1,41,2,180.0
TXN005083,2026-06-25,1,46,2,96.0
TXN005084,2026-06-25,1,55,2,60.0
TXN005084,2026-06-25,1,21,1,310.0
TXN005085,2026-06-25,1,43,1,240.0
TXN005085,2026-06-25,1,52,1,50.0
TXN005085,2026-06-25,1,36,2,210.0
TXN005085,2026-06-25,1,5,1,95.0
TXN005086,2026-06-25,1,3,1,115.0
TXN005086,2026-06-25,1,32,1,120.0
TXN005087,2026-06-25,1,42,1,620.0
TXN005087,2026-06-25,1,43,1,240.0
TXN005087,2026-06-25,1,7,1,130.0
TXN005087,2026-06-25,1,52,2,100.0
TXN005088,2026-06-25,1,21,1,310.0
TXN005088,2026-06-25,1,43,2,480.0
TXN005089,2026-06-25,1,33,1,85.0
TXN005089,2026-06-25,1,14,1,80.0
TXN005089,2026-06-25,1,25,2,560.0
TXN005090,2026-06-25,1,19,1,110.0
TXN005090,2026-06-25,1,1,3,192.0
TXN005090,2026-06-25,1,16,1,120.0
TXN005091,2026-06-25,1,39,1,140.0
TXN005091,2026-06-25,1,9,3,120.0
TXN005091,2026-06-25,1,36,3,315.0
TXN005092,2026-06-25,1,21,1,310.0
TXN005092,2026-06-25,1,13,2,120.0
TXN005093,2026-06-25,1,40,1,65.0
TXN005093,2026-06-25,1,29,2,190.0
TXN005093,2026-06-25,1,10,2,90.0
TXN005094,2026-06-25,2,31,1,175.0
TXN005094,2026-06-25,2,32,3,360.0
TXN005094,2026-06-25,2,5,1,95.0
TXN005097,2026-06-25,2,59,1,35.0
TXN005098,2026-06-25,2,8,1,84.0
TXN005098,2026-06-25,2,31,1,175.0
TXN005098,2026-06-25,2,17,2,90.0
TXN005098,2026-06-25,2,5,1,95.0
TXN005099,2026-06-25,2,52,2,100.0
TXN005101,2026-06-25,2,6,1,30.0
TXN005102,2026-06-25,2,48,2,48.0
TXN005102,2026-06-25,2,7,2,260.0
TXN005103,2026-06-25,2,24,1,50.0
TXN005104,2026-06-25,2,27,2,80.0
TXN005104,2026-06-25,2,36,2,210.0
TXN005104,2026-06-25,2,45,1,135.0
TXN005105,2026-06-25,2,52,1,50.0
TXN005105,2026-06-25,2,22,1,30.0
TXN005106,2026-06-25,2,1,2,128.0
TXN005107,2026-06-25,2,60,1,40.0
TXN005107,2026-06-25,2,51,2,360.0
TXN005108,2026-06-25,2,47,2,330.0
TXN005108,2026-06-25,2,39,1,140.0
TXN005108,2026-06-25,2,4,1,140.0
TXN005108,2026-06-25,2,17,1,45.0
TXN005109,2026-06-25,2,25,1,280.0
TXN005109,2026-06-25,2,47,2,330.0
TXN005110,2026-06-25,2,57,1,90.0
TXN005110,2026-06-25,2,60,2,80.0
TXN005110,2026-06-25,2,37,1,160.0
TXN005110,2026-06-25,2,2,1,35.0
TXN005111,2026-06-25,2,44,1,580.0
TXN005111,2026-06-25,2,2,1,35.0
TXN005113,2026-06-25,2,2,2,70.0
TXN005113,2026-06-25,2,47,1,165.0
TXN005113,2026-06-25,2,5,1,95.0
TXN005114,2026-06-25,2,55,2,60.0
TXN005114,2026-06-25,2,14,1,80.0
TXN005114,2026-06-25,2,17,2,90.0
TXN005114,2026-06-25,2,20,1,220.0
TXN005114,2026-06-25,2,40,1,65.0
TXN005115,2026-06-25,2,47,1,165.0
TXN005115,2026-06-25,2,5,1,95.0
TXN005116,2026-06-25,2,49,1,85.0
TXN005117,2026-06-25,2,48,1,24.0
TXN005118,2026-06-25,2,37,1,160.0
TXN005118,2026-06-25,2,25,1,280.0
TXN005118,2026-06-25,2,51,1,180.0
TXN005119,2026-06-25,2,11,1,35.0
TXN005120,2026-06-25,2,58,1,25.0
TXN005121,2026-06-25,2,9,2,80.0
TXN005121,2026-06-25,2,10,1,45.0
TXN005121,2026-06-25,2,33,1,85.0
TXN005121,2026-06-25,2,15,1,110.0
TXN005122,2026-06-25,2,21,1,310.0
TXN005122,2026-06-25,2,32,1,120.0
TXN005122,2026-06-25,2,48,2,48.0
TXN005122,2026-06-25,2,57,1,90.0
TXN005123,2026-06-25,2,11,1,35.0
TXN005123,2026-06-25,2,45,1,135.0
TXN005125,2026-06-25,2,58,1,25.0
TXN005126,2026-06-25,3,27,1,40.0
TXN005126,2026-06-25,3,46,1,48.0
TXN005126,2026-06-25,3,24,1,50.0
TXN005127,2026-06-25,3,1,1,64.0
TXN005127,2026-06-25,3,55,1,30.0
TXN005128,2026-06-25,3,45,1,135.0
TXN005129,2026-06-25,3,14,1,80.0
TXN005129,2026-06-25,3,29,1,95.0
TXN005129,2026-06-25,3,36,1,105.0
TXN005130,2026-06-25,3,29,1,95.0
TXN005131,2026-06-25,3,52,1,50.0
TXN005132,2026-06-25,3,30,1,40.0
TXN005132,2026-06-25,3,50,1,260.0
TXN005133,2026-06-25,3,39,1,140.0
TXN005133,2026-06-25,3,59,1,35.0
TXN005133,2026-06-25,3,10,1,45.0
TXN005134,2026-06-25,3,58,1,25.0
TXN005135,2026-06-25,3,17,1,45.0
TXN005135,2026-06-25,3,8,2,168.0
TXN005135,2026-06-25,3,29,1,95.0
TXN005136,2026-06-25,3,22,1,30.0
TXN005136,2026-06-25,3,25,1,280.0
TXN005136,2026-06-25,3,47,1,165.0
TXN005137,2026-06-25,3,5,1,95.0
TXN005138,2026-06-25,3,56,1,120.0
TXN005139,2026-06-25,3,58,1,25.0
TXN005140,2026-06-25,3,9,1,40.0
TXN005140,2026-06-25,3,36,3,315.0
TXN005141,2026-06-25,3,6,1,30.0
TXN005141,2026-06-25,3,54,1,35.0
TXN005142,2026-06-25,3,44,1,580.0
TXN005142,2026-06-25,3,17,2,90.0
TXN005142,2026-06-25,3,2,2,70.0
TXN005143,2026-06-25,3,32,1,120.0
TXN005143,2026-06-25,3,56,1,120.0
TXN005143,2026-06-25,3,58,1,25.0
TXN005143,2026-06-25,3,7,1,130.0
TXN005144,2026-06-25,3,47,1,165.0
TXN005145,2026-06-25,3,19,1,110.0
TXN005145,2026-06-25,3,15,2,220.0
TXN005146,2026-06-25,3,39,1,140.0
TXN005146,2026-06-25,3,25,2,560.0
TXN005146,2026-06-25,3,29,2,190.0
TXN005147,2026-06-25,3,5,1,95.0
TXN005147,2026-06-25,3,6,2,60.0
TXN005147,2026-06-25,3,3,1,115.0
TXN005148,2026-06-25,3,53,1,40.0
TXN005148,2026-06-25,3,7,1,130.0
TXN005148,2026-06-25,3,32,1,120.0
TXN005149,2026-06-25,3,10,1,45.0
TXN005150,2026-06-25,3,37,1,160.0
TXN005151,2026-06-25,3,12,1,90.0
TXN005151,2026-06-25,3,3,1,115.0
TXN005151,2026-06-25,3,6,2,60.0
TXN005151,2026-06-25,3,1,1,64.0
TXN005153,2026-06-25,3,29,1,95.0
TXN005153,2026-06-25,3,17,2,90.0
TXN005154,2026-06-26,1,4,1,140.0
TXN005154,2026-06-26,1,19,1,110.0
TXN005155,2026-06-26,1,50,1,260.0
TXN005155,2026-06-26,1,47,1,165.0
TXN005155,2026-06-26,1,14,1,80.0
TXN005156,2026-06-26,1,6,1,30.0
TXN005156,2026-06-26,1,58,1,25.0
TXN005156,2026-06-26,1,13,2,120.0
TXN005157,2026-06-26,1,15,2,220.0
TXN005157,2026-06-26,1,56,1,120.0
TXN005157,2026-06-26,1,51,1,180.0
TXN005158,2026-06-26,1,8,1,84.0
TXN005158,2026-06-26,1,48,2,48.0
TXN005158,2026-06-26,1,58,1,25.0
TXN005158,2026-06-26,1,25,1,280.0
TXN005159,2026-06-26,1,39,2,280.0
TXN005160,2026-06-26,1,6,1,30.0
TXN005160,2026-06-26,1,18,1,20.0
TXN005161,2026-06-26,1,33,2,170.0
TXN005161,2026-06-26,1,26,1,450.0
TXN005161,2026-06-26,1,11,1,35.0
TXN005162,2026-06-26,1,17,3,135.0
TXN005162,2026-06-26,1,22,1,30.0
TXN005162,2026-06-26,1,2,1,35.0
TXN005163,2026-06-26,1,14,1,80.0
TXN005163,2026-06-26,1,12,1,90.0
TXN005163,2026-06-26,1,17,3,135.0
TXN005163,2026-06-26,1,24,1,50.0
TXN005164,2026-06-26,1,7,2,260.0
TXN005165,2026-06-26,1,59,1,35.0
TXN005166,2026-06-26,1,24,1,50.0
TXN005166,2026-06-26,1,52,1,50.0
TXN005166,2026-06-26,1,45,1,135.0
TXN005167,2026-06-26,1,15,1,110.0
TXN005167,2026-06-26,1,53,2,80.0
TXN005168,2026-06-26,1,27,2,80.0
TXN005168,2026-06-26,1,8,2,168.0
TXN005168,2026-06-26,1,33,1,85.0
TXN005168,2026-06-26,1,43,1,240.0
TXN005168,2026-06-26,1,14,1,80.0
TXN005169,2026-06-26,1,1,4,256.0
TXN005169,2026-06-26,1,57,2,180.0
TXN005169,2026-06-26,1,49,2,170.0
TXN005169,2026-06-26,1,3,1,115.0
TXN005169,2026-06-26,1,10,2,90.0
TXN005170,2026-06-26,1,43,1,240.0
TXN005170,2026-06-26,1,60,1,40.0
TXN005170,2026-06-26,1,9,2,80.0
TXN005170,2026-06-26,1,1,2,128.0
TXN005171,2026-06-26,1,57,1,90.0
TXN005172,2026-06-26,1,17,1,45.0
TXN005173,2026-06-26,1,20,1,220.0
TXN005173,2026-06-26,1,25,1,280.0
TXN005173,2026-06-26,1,1,3,192.0
TXN005173,2026-06-26,1,19,1,110.0
TXN005174,2026-06-26,1,31,1,175.0
TXN005174,2026-06-26,1,51,2,360.0
TXN005175,2026-06-26,1,6,1,30.0
TXN005175,2026-06-26,1,30,2,80.0
TXN005175,2026-06-26,1,12,1,90.0
TXN005175,2026-06-26,1,32,2,240.0
TXN005176,2026-06-26,1,54,2,70.0
TXN005176,2026-06-26,1,12,1,90.0
TXN005176,2026-06-26,1,29,1,95.0
TXN005177,2026-06-26,1,30,1,40.0
TXN005177,2026-06-26,1,22,2,60.0
TXN005178,2026-06-26,1,16,1,120.0
TXN005179,2026-06-26,1,60,1,40.0
TXN005179,2026-06-26,1,9,3,120.0
TXN005179,2026-06-26,1,47,1,165.0
TXN005179,2026-06-26,1,45,2,270.0
TXN005180,2026-06-26,1,28,1,75.0
TXN005180,2026-06-26,1,12,1,90.0
TXN005180,2026-06-26,1,45,1,135.0
TXN005180,2026-06-26,1,30,1,40.0
TXN005180,2026-06-26,1,22,1,30.0
TXN005181,2026-06-26,1,58,1,25.0
TXN005181,2026-06-26,1,16,1,120.0
TXN005181,2026-06-26,1,39,1,140.0
TXN005182,2026-06-26,1,39,1,140.0
TXN005182,2026-06-26,1,16,1,120.0
TXN005185,2026-06-26,1,46,2,96.0
TXN005185,2026-06-26,1,9,2,80.0
TXN005186,2026-06-26,1,52,1,50.0
TXN005187,2026-06-26,1,2,1,35.0
TXN005187,2026-06-26,1,43,1,240.0
TXN005187,2026-06-26,1,27,3,120.0
TXN005188,2026-06-26,1,25,2,560.0
TXN005189,2026-06-26,1,41,1,90.0
TXN005189,2026-06-26,1,60,1,40.0
TXN005189,2026-06-26,1,16,2,240.0
TXN005190,2026-06-26,1,52,2,100.0
TXN005191,2026-06-26,1,5,1,95.0
TXN005191,2026-06-26,1,41,1,90.0
TXN005192,2026-06-26,1,13,1,60.0
TXN005192,2026-06-26,1,5,2,190.0
TXN005192,2026-06-26,1,52,2,100.0
TXN005193,2026-06-26,2,35,1,145.0
TXN005193,2026-06-26,2,55,1,30.0
TXN005193,2026-06-26,2,12,1,90.0
TXN005194,2026-06-26,2,21,1,310.0
TXN005194,2026-06-26,2,45,1,135.0
TXN005194,2026-06-26,2,57,1,90.0
TXN005195,2026-06-26,2,15,1,110.0
TXN005195,2026-06-26,2,23,1,25.0
TXN005195,2026-06-26,2,21,2,620.0
TXN005196,2026-06-26,2,44,1,580.0
TXN005196,2026-06-26,2,12,1,90.0
TXN005196,2026-06-26,2,22,1,30.0
TXN005196,2026-06-26,2,9,1,40.0
TXN005198,2026-06-26,2,49,1,85.0
TXN005198,2026-06-26,2,12,2,180.0
TXN005199,2026-06-26,2,10,2,90.0
TXN005199,2026-06-26,2,3,1,115.0
TXN005199,2026-06-26,2,16,1,120.0
TXN005201,2026-06-26,2,6,1,30.0
TXN005201,2026-06-26,2,51,1,180.0
TXN005201,2026-06-26,2,47,1,165.0
TXN005201,2026-06-26,2,49,1,85.0
TXN005202,2026-06-26,2,25,2,560.0
TXN005202,2026-06-26,2,28,1,75.0
TXN005202,2026-06-26,2,19,1,110.0
TXN005203,2026-06-26,2,9,2,80.0
TXN005203,2026-06-26,2,28,1,75.0
TXN005204,2026-06-26,2,47,1,165.0
TXN005205,2026-06-26,2,1,2,128.0
TXN005206,2026-06-26,2,36,1,105.0
TXN005206,2026-06-26,2,15,1,110.0
TXN005206,2026-06-26,2,54,1,35.0
TXN005207,2026-06-26,2,15,1,110.0
TXN005207,2026-06-26,2,18,2,40.0
TXN005207,2026-06-26,2,23,1,25.0
TXN005208,2026-06-26,2,12,1,90.0
TXN005208,2026-06-26,2,13,1,60.0
TXN005208,2026-06-26,2,9,1,40.0
TXN005209,2026-06-26,2,4,1,140.0
TXN005210,2026-06-26,2,22,1,30.0
TXN005210,2026-06-26,2,14,1,80.0
TXN005211,2026-06-26,2,50,1,260.0
TXN005211,2026-06-26,2,30,2,80.0
TXN005212,2026-06-26,2,36,3,315.0
TXN005213,2026-06-26,2,2,2,70.0
TXN005213,2026-06-26,2,20,1,220.0
TXN005214,2026-06-26,2,22,1,30.0
TXN005214,2026-06-26,2,59,1,35.0
TXN005215,2026-06-26,2,51,2,360.0
TXN005218,2026-06-26,3,51,2,360.0
TXN005218,2026-06-26,3,27,1,40.0
TXN005219,2026-06-26,3,54,1,35.0
TXN005220,2026-06-26,3,33,1,85.0
TXN005220,2026-06-26,3,43,2,480.0
TXN005221,2026-06-26,3,32,1,120.0
TXN005221,2026-06-26,3,48,2,48.0
TXN005221,2026-06-26,3,15,2,220.0
TXN005223,2026-06-26,3,2,1,35.0
TXN005223,2026-06-26,3,1,1,64.0
TXN005223,2026-06-26,3,43,1,240.0
TXN005223,2026-06-26,3,55,1,30.0
TXN005225,2026-06-26,3,18,2,40.0
TXN005225,2026-06-26,3,3,1,115.0
TXN005225,2026-06-26,3,32,1,120.0
TXN005225,2026-06-26,3,27,1,40.0
TXN005226,2026-06-26,3,15,1,110.0
TXN005227,2026-06-26,3,37,1,160.0
TXN005227,2026-06-26,3,33,1,85.0
TXN005228,2026-06-26,3,32,2,240.0
TXN005228,2026-06-26,3,6,1,30.0
TXN005228,2026-06-26,3,56,1,120.0
TXN005228,2026-06-26,3,49,1,85.0
TXN005228,2026-06-26,3,25,1,280.0
TXN005229,2026-06-26,3,50,1,260.0
TXN005229,2026-06-26,3,5,1,95.0
TXN005229,2026-06-26,3,35,1,145.0
TXN005230,2026-06-26,3,54,1,35.0
TXN005230,2026-06-26,3,52,2,100.0
TXN005230,2026-06-26,3,13,1,60.0
TXN005231,2026-06-26,3,33,1,85.0
TXN005232,2026-06-26,3,24,1,50.0
TXN005232,2026-06-26,3,30,1,40.0
TXN005232,2026-06-26,3,45,1,135.0
TXN005233,2026-06-26,3,37,1,160.0
TXN005234,2026-06-26,3,45,2,270.0
TXN005234,2026-06-26,3,41,1,90.0
TXN005235,2026-06-26,3,46,1,48.0
TXN005235,2026-06-26,3,6,2,60.0
TXN005235,2026-06-26,3,29,2,190.0
TXN005236,2026-06-26,3,23,2,50.0
TXN005236,2026-06-26,3,11,1,35.0
TXN005236,2026-06-26,3,45,1,135.0
TXN005239,2026-06-26,3,56,1,120.0
TXN005241,2026-06-27,1,32,2,240.0
TXN005241,2026-06-27,1,19,1,110.0
TXN005241,2026-06-27,1,46,2,96.0
TXN005242,2026-06-27,1,31,1,175.0
TXN005242,2026-06-27,1,41,1,90.0
TXN005243,2026-06-27,1,17,3,135.0
TXN005243,2026-06-27,1,30,3,120.0
TXN005243,2026-06-27,1,13,2,120.0
TXN005243,2026-06-27,1,2,2,70.0
TXN005244,2026-06-27,1,12,2,180.0
TXN005244,2026-06-27,1,47,2,330.0
TXN005245,2026-06-27,1,57,1,90.0
TXN005245,2026-06-27,1,19,1,110.0
TXN005245,2026-06-27,1,1,3,192.0
TXN005246,2026-06-27,1,50,2,520.0
TXN005246,2026-06-27,1,28,2,150.0
TXN005247,2026-06-27,1,37,1,160.0
TXN005248,2026-06-27,1,52,2,100.0
TXN005248,2026-06-27,1,46,2,96.0
TXN005249,2026-06-27,1,24,1,50.0
TXN005250,2026-06-27,1,37,1,160.0
TXN005251,2026-06-27,1,19,1,110.0
TXN005252,2026-06-27,1,6,1,30.0
TXN005252,2026-06-27,1,9,3,120.0
TXN005252,2026-06-27,1,52,1,50.0
TXN005253,2026-06-27,1,21,1,310.0
TXN005254,2026-06-27,1,51,2,360.0
TXN005255,2026-06-27,1,14,1,80.0
TXN005256,2026-06-27,1,17,2,90.0
TXN005256,2026-06-27,1,52,1,50.0
TXN005257,2026-06-27,1,13,1,60.0
TXN005258,2026-06-27,1,39,1,140.0
TXN005258,2026-06-27,1,50,1,260.0
TXN005259,2026-06-27,1,58,1,25.0
TXN005259,2026-06-27,1,30,2,80.0
TXN005260,2026-06-27,1,32,2,240.0
TXN005260,2026-06-27,1,16,2,240.0
TXN005261,2026-06-27,1,10,2,90.0
TXN005262,2026-06-27,1,57,1,90.0
TXN005263,2026-06-27,1,33,1,85.0
TXN005263,2026-06-27,1,6,2,60.0
TXN005264,2026-06-27,1,55,2,60.0
TXN005265,2026-06-27,1,35,2,290.0
TXN005265,2026-06-27,1,42,1,620.0
TXN005265,2026-06-27,1,46,1,48.0
TXN005265,2026-06-27,1,5,1,95.0
TXN005266,2026-06-27,1,7,2,260.0
TXN005266,2026-06-27,1,44,1,580.0
TXN005266,2026-06-27,1,37,1,160.0
TXN005266,2026-06-27,1,56,1,120.0
TXN005267,2026-06-27,1,47,1,165.0
TXN005267,2026-06-27,1,53,2,80.0
TXN005267,2026-06-27,1,45,2,270.0
TXN005267,2026-06-27,1,14,1,80.0
TXN005268,2026-06-27,1,32,1,120.0
TXN005268,2026-06-27,1,20,1,220.0
TXN005268,2026-06-27,1,60,1,40.0
TXN005269,2026-06-27,1,45,2,270.0
TXN005269,2026-06-27,1,36,2,210.0
TXN005270,2026-06-27,1,57,1,90.0
TXN005271,2026-06-27,1,51,1,180.0
TXN005271,2026-06-27,1,49,2,170.0
TXN005271,2026-06-27,1,31,1,175.0
TXN005271,2026-06-27,1,19,1,110.0
TXN005272,2026-06-27,1,49,2,170.0
TXN005273,2026-06-27,1,38,1,210.0
TXN005273,2026-06-27,1,24,1,50.0
TXN005274,2026-06-27,1,50,1,260.0
TXN005274,2026-06-27,1,23,1,25.0
TXN005274,2026-06-27,1,4,2,280.0
TXN005275,2026-06-27,1,46,1,48.0
TXN005275,2026-06-27,1,56,1,120.0
TXN005275,2026-06-27,1,42,2,1240.0
TXN005276,2026-06-27,1,8,1,84.0
TXN005276,2026-06-27,1,26,1,450.0
TXN005277,2026-06-27,1,43,2,480.0
TXN005277,2026-06-27,1,32,1,120.0
TXN005278,2026-06-27,1,6,1,30.0
TXN005280,2026-06-27,1,55,2,60.0
TXN005280,2026-06-27,1,2,1,35.0
TXN005280,2026-06-27,1,13,1,60.0
TXN005280,2026-06-27,1,49,1,85.0
TXN005281,2026-06-27,1,26,1,450.0
TXN005281,2026-06-27,1,30,1,40.0
TXN005281,2026-06-27,1,2,3,105.0
TXN005282,2026-06-27,1,44,1,580.0
TXN005282,2026-06-27,1,39,1,140.0
TXN005282,2026-06-27,1,16,2,240.0
TXN005283,2026-06-27,2,2,1,35.0
TXN005284,2026-06-27,2,7,1,130.0
TXN005284,2026-06-27,2,48,2,48.0
TXN005284,2026-06-27,2,44,1,580.0
TXN005285,2026-06-27,2,42,2,1240.0
TXN005285,2026-06-27,2,36,2,210.0
TXN005286,2026-06-27,2,14,1,80.0
TXN005287,2026-06-27,2,50,1,260.0
TXN005287,2026-06-27,2,32,1,120.0
TXN005287,2026-06-27,2,57,1,90.0
TXN005287,2026-06-27,2,45,3,405.0
TXN005288,2026-06-27,2,16,1,120.0
TXN005288,2026-06-27,2,30,2,80.0
TXN005289,2026-06-27,2,32,2,240.0
TXN005289,2026-06-27,2,10,1,45.0
TXN005289,2026-06-27,2,55,1,30.0
TXN005290,2026-06-27,2,48,1,24.0
TXN005290,2026-06-27,2,18,2,40.0
TXN005290,2026-06-27,2,23,1,25.0
TXN005291,2026-06-27,2,27,3,120.0
TXN005291,2026-06-27,2,51,1,180.0
TXN005291,2026-06-27,2,2,2,70.0
TXN005291,2026-06-27,2,14,1,80.0
TXN005292,2026-06-27,2,36,1,105.0
TXN005292,2026-06-27,2,14,1,80.0
TXN005293,2026-06-27,2,10,1,45.0
TXN005293,2026-06-27,2,16,1,120.0
TXN005294,2026-06-27,2,27,1,40.0
TXN005294,2026-06-27,2,17,3,135.0
TXN005295,2026-06-27,2,27,1,40.0
TXN005295,2026-06-27,2,58,1,25.0
TXN005295,2026-06-27,2,52,2,100.0
TXN005295,2026-06-27,2,18,1,20.0
TXN005296,2026-06-27,2,15,2,220.0
TXN005296,2026-06-27,2,32,2,240.0
TXN005296,2026-06-27,2,50,2,520.0
TXN005296,2026-06-27,2,6,2,60.0
TXN005297,2026-06-27,2,29,2,190.0
TXN005298,2026-06-27,2,1,3,192.0
TXN005298,2026-06-27,2,33,1,85.0
TXN005298,2026-06-27,2,7,2,260.0
TXN005298,2026-06-27,2,8,1,84.0
TXN005299,2026-06-27,2,46,2,96.0
TXN005300,2026-06-27,2,46,1,48.0
TXN005300,2026-06-27,2,14,1,80.0
TXN005300,2026-06-27,2,45,1,135.0
TXN005302,2026-06-27,2,56,1,120.0
TXN005303,2026-06-27,2,57,1,90.0
TXN005303,2026-06-27,2,25,2,560.0
TXN005304,2026-06-27,2,48,2,48.0
TXN005305,2026-06-27,2,25,1,280.0
TXN005305,2026-06-27,2,23,1,25.0
TXN005305,2026-06-27,2,59,2,70.0
TXN005306,2026-06-27,2,16,3,360.0
TXN005306,2026-06-27,2,25,1,280.0
TXN005306,2026-06-27,2,33,3,255.0
TXN005306,2026-06-27,2,49,1,85.0
TXN005306,2026-06-27,2,17,2,90.0
TXN005307,2026-06-27,2,52,1,50.0
TXN005307,2026-06-27,2,2,1,35.0
TXN005307,2026-06-27,2,13,2,120.0
TXN005308,2026-06-27,2,41,1,90.0
TXN005308,2026-06-27,2,21,1,310.0
TXN005309,2026-06-27,2,51,2,360.0
TXN005309,2026-06-27,2,28,1,75.0
TXN005309,2026-06-27,2,2,2,70.0
TXN005309,2026-06-27,2,1,3,192.0
TXN005310,2026-06-27,2,42,2,1240.0
TXN005310,2026-06-27,2,9,1,40.0
TXN005310,2026-06-27,2,10,2,90.0
TXN005310,2026-06-27,2,32,1,120.0
TXN005311,2026-06-27,2,9,2,80.0
TXN005312,2026-06-27,2,15,1,110.0
TXN005312,2026-06-27,2,35,1,145.0
TXN005313,2026-06-27,2,21,2,620.0
TXN005313,2026-06-27,2,54,1,35.0
TXN005313,2026-06-27,2,44,1,580.0
TXN005313,2026-06-27,2,41,2,180.0
TXN005313,2026-06-27,2,29,2,190.0
TXN005314,2026-06-27,2,6,2,60.0
TXN005314,2026-06-27,2,27,2,80.0
TXN005314,2026-06-27,2,44,1,580.0
TXN005314,2026-06-27,2,59,1,35.0
TXN005315,2026-06-27,2,16,1,120.0
TXN005316,2026-06-27,2,36,2,210.0
TXN005316,2026-06-27,2,18,2,40.0
TXN005317,2026-06-27,2,3,1,115.0
TXN005317,2026-06-27,2,1,3,192.0
TXN005317,2026-06-27,2,45,1,135.0
TXN005317,2026-06-27,2,27,1,40.0
TXN005318,2026-06-27,2,22,2,60.0
TXN005318,2026-06-27,2,46,1,48.0
TXN005318,2026-06-27,2,8,2,168.0
TXN005319,2026-06-27,2,22,2,60.0
TXN005319,2026-06-27,2,9,1,40.0
TXN005320,2026-06-27,2,55,2,60.0
TXN005320,2026-06-27,2,9,2,80.0
TXN005321,2026-06-27,2,1,4,256.0
TXN005322,2026-06-27,2,42,3,1860.0
TXN005323,2026-06-27,2,18,1,20.0
TXN005323,2026-06-27,2,30,1,40.0
TXN005324,2026-06-27,2,8,2,168.0
TXN005324,2026-06-27,2,53,2,80.0
TXN005325,2026-06-27,2,28,1,75.0
TXN005325,2026-06-27,2,18,2,40.0
TXN005326,2026-06-27,2,46,1,48.0
TXN005326,2026-06-27,2,6,2,60.0
TXN005326,2026-06-27,2,44,1,580.0
TXN005326,2026-06-27,2,55,1,30.0
TXN005327,2026-06-27,2,7,1,130.0
TXN005327,2026-06-27,2,9,3,120.0
TXN005327,2026-06-27,2,46,2,96.0
TXN005328,2026-06-27,2,55,4,120.0
TXN005329,2026-06-27,3,6,2,60.0
TXN005329,2026-06-27,3,45,2,270.0
TXN005329,2026-06-27,3,55,1,30.0
TXN005330,2026-06-27,3,50,1,260.0
TXN005330,2026-06-27,3,10,2,90.0
TXN005330,2026-06-27,3,51,1,180.0
TXN005332,2026-06-27,3,36,2,210.0
TXN005332,2026-06-27,3,8,1,84.0
TXN005332,2026-06-27,3,43,1,240.0
TXN005332,2026-06-27,3,14,1,80.0
TXN005333,2026-06-27,3,53,2,80.0
TXN005334,2026-06-27,3,22,1,30.0
TXN005335,2026-06-27,3,54,1,35.0
TXN005336,2026-06-27,3,30,1,40.0
TXN005336,2026-06-27,3,3,1,115.0
TXN005336,2026-06-27,3,44,1,580.0
TXN005336,2026-06-27,3,57,1,90.0
TXN005337,2026-06-27,3,8,1,84.0
TXN005337,2026-06-27,3,27,2,80.0
TXN005337,2026-06-27,3,5,1,95.0
TXN005337,2026-06-27,3,20,1,220.0
TXN005338,2026-06-27,3,55,1,30.0
TXN005338,2026-06-27,3,33,1,85.0
TXN005338,2026-06-27,3,16,1,120.0
TXN005338,2026-06-27,3,4,2,280.0
TXN005339,2026-06-27,3,47,2,330.0
TXN005339,2026-06-27,3,53,1,40.0
TXN005340,2026-06-27,3,42,2,1240.0
TXN005340,2026-06-27,3,49,2,170.0
TXN005340,2026-06-27,3,22,1,30.0
TXN005340,2026-06-27,3,46,1,48.0
TXN005341,2026-06-27,3,36,2,210.0
TXN005341,2026-06-27,3,44,1,580.0
TXN005341,2026-06-27,3,54,1,35.0
TXN005342,2026-06-27,3,36,2,210.0
TXN005342,2026-06-27,3,57,1,90.0
TXN005342,2026-06-27,3,8,1,84.0
TXN005342,2026-06-27,3,41,1,90.0
TXN005344,2026-06-27,3,36,1,105.0
TXN005345,2026-06-27,3,11,1,35.0
TXN005346,2026-06-27,3,4,1,140.0
TXN005346,2026-06-27,3,40,1,65.0
TXN005346,2026-06-27,3,27,1,40.0
TXN005346,2026-06-27,3,43,1,240.0
TXN005347,2026-06-27,3,36,2,210.0
TXN005348,2026-06-27,3,30,1,40.0
TXN005348,2026-06-27,3,5,2,190.0
TXN005348,2026-06-27,3,27,1,40.0
TXN005349,2026-06-27,3,50,1,260.0
TXN005350,2026-06-27,3,54,2,70.0
TXN005351,2026-06-27,3,1,2,128.0
TXN005352,2026-06-27,3,50,1,260.0
TXN005352,2026-06-27,3,4,1,140.0
TXN005353,2026-06-27,3,49,1,85.0
TXN005353,2026-06-27,3,52,2,100.0
TXN005353,2026-06-27,3,15,1,110.0
TXN005354,2026-06-27,3,16,1,120.0
TXN005354,2026-06-27,3,18,1,20.0
TXN005354,2026-06-27,3,10,1,45.0
TXN005355,2026-06-27,3,56,1,120.0
TXN005355,2026-06-27,3,27,2,80.0
TXN005355,2026-06-27,3,60,1,40.0
TXN005356,2026-06-27,3,52,1,50.0
TXN005356,2026-06-27,3,22,1,30.0
TXN005357,2026-06-27,3,18,1,20.0
TXN005357,2026-06-27,3,6,1,30.0
TXN005358,2026-06-27,3,18,1,20.0
TXN005358,2026-06-27,3,32,2,240.0
TXN005358,2026-06-27,3,31,1,175.0
TXN005359,2026-06-27,3,22,1,30.0
TXN005359,2026-06-27,3,49,1,85.0
TXN005359,2026-06-27,3,9,2,80.0
TXN005360,2026-06-27,3,12,1,90.0
TXN005360,2026-06-27,3,40,1,65.0
TXN005361,2026-06-27,3,60,1,40.0
TXN005361,2026-06-27,3,24,1,50.0
TXN005362,2026-06-27,3,40,1,65.0
TXN005363,2026-06-28,1,50,1,260.0
TXN005363,2026-06-28,1,49,1,85.0
TXN005365,2026-06-28,1,18,1,20.0
TXN005365,2026-06-28,1,30,1,40.0
TXN005366,2026-06-28,1,9,3,120.0
TXN005367,2026-06-28,1,46,1,48.0
TXN005367,2026-06-28,1,36,2,210.0
TXN005367,2026-06-28,1,13,1,60.0
TXN005368,2026-06-28,1,54,1,35.0
TXN005368,2026-06-28,1,14,2,160.0
TXN005369,2026-06-28,1,39,2,280.0
TXN005369,2026-06-28,1,60,1,40.0
TXN005369,2026-06-28,1,14,1,80.0
TXN005369,2026-06-28,1,13,1,60.0
TXN005370,2026-06-28,1,35,1,145.0
TXN005370,2026-06-28,1,23,1,25.0
TXN005371,2026-06-28,1,15,2,220.0
TXN005371,2026-06-28,1,30,1,40.0
TXN005371,2026-06-28,1,9,3,120.0
TXN005371,2026-06-28,1,58,1,25.0
TXN005371,2026-06-28,1,51,1,180.0
TXN005372,2026-06-28,1,3,1,115.0
TXN005373,2026-06-28,1,52,1,50.0
TXN005374,2026-06-28,1,1,2,128.0
TXN005375,2026-06-28,1,42,2,1240.0
TXN005375,2026-06-28,1,14,1,80.0
TXN005376,2026-06-28,1,48,3,72.0
TXN005376,2026-06-28,1,29,2,190.0
TXN005377,2026-06-28,1,57,1,90.0
TXN005377,2026-06-28,1,49,1,85.0
TXN005378,2026-06-28,1,57,1,90.0
TXN005378,2026-06-28,1,52,1,50.0
TXN005378,2026-06-28,1,33,2,170.0
TXN005378,2026-06-28,1,14,1,80.0
TXN005378,2026-06-28,1,35,1,145.0
TXN005379,2026-06-28,1,42,1,620.0
TXN005379,2026-06-28,1,32,1,120.0
TXN005379,2026-06-28,1,58,1,25.0
TXN005381,2026-06-28,1,49,2,170.0
TXN005381,2026-06-28,1,60,1,40.0
TXN005382,2026-06-28,1,2,1,35.0
TXN005382,2026-06-28,1,58,1,25.0
TXN005382,2026-06-28,1,42,2,1240.0
TXN005383,2026-06-28,1,47,1,165.0
TXN005383,2026-06-28,1,54,2,70.0
TXN005383,2026-06-28,1,45,2,270.0
TXN005384,2026-06-28,1,51,2,360.0
TXN005384,2026-06-28,1,15,2,220.0
TXN005384,2026-06-28,1,30,1,40.0
TXN005384,2026-06-28,1,40,2,130.0
TXN005384,2026-06-28,1,43,1,240.0
TXN005385,2026-06-28,1,24,2,100.0
TXN005385,2026-06-28,1,40,1,65.0
TXN005386,2026-06-28,1,15,2,220.0
TXN005386,2026-06-28,1,39,1,140.0
TXN005386,2026-06-28,1,30,2,80.0
TXN005387,2026-06-28,1,44,1,580.0
TXN005387,2026-06-28,1,14,1,80.0
TXN005388,2026-06-28,1,39,1,140.0
TXN005389,2026-06-28,1,24,1,50.0
TXN005389,2026-06-28,1,49,1,85.0
TXN005389,2026-06-28,1,53,3,120.0
TXN005389,2026-06-28,1,44,1,580.0
TXN005390,2026-06-28,1,1,3,192.0
TXN005390,2026-06-28,1,26,1,450.0
TXN005390,2026-06-28,1,28,1,75.0
TXN005391,2026-06-28,1,43,1,240.0
TXN005391,2026-06-28,1,50,2,520.0
TXN005391,2026-06-28,1,3,1,115.0
TXN005392,2026-06-28,1,6,2,60.0
TXN005392,2026-06-28,1,54,1,35.0
TXN005393,2026-06-28,1,36,1,105.0
TXN005394,2026-06-28,1,15,2,220.0
TXN005395,2026-06-28,1,22,1,30.0
TXN005395,2026-06-28,1,12,1,90.0
TXN005395,2026-06-28,1,20,1,220.0
TXN005395,2026-06-28,1,10,1,45.0
TXN005395,2026-06-28,1,55,2,60.0
TXN005397,2026-06-28,1,15,2,220.0
TXN005397,2026-06-28,1,39,1,140.0
TXN005397,2026-06-28,1,17,4,180.0
TXN005397,2026-06-28,1,40,2,130.0
TXN005398,2026-06-28,1,21,1,310.0
TXN005398,2026-06-28,1,51,2,360.0
TXN005398,2026-06-28,1,48,3,72.0
TXN005399,2026-06-28,1,13,1,60.0
TXN005399,2026-06-28,1,5,1,95.0
TXN005399,2026-06-28,1,31,1,175.0
TXN005400,2026-06-28,1,48,3,72.0
TXN005400,2026-06-28,1,55,2,60.0
TXN005401,2026-06-28,1,43,1,240.0
TXN005401,2026-06-28,1,15,2,220.0
TXN005402,2026-06-28,1,14,2,160.0
TXN005402,2026-06-28,1,47,3,495.0
TXN005402,2026-06-28,1,46,2,96.0
TXN005402,2026-06-28,1,53,3,120.0
TXN005403,2026-06-28,1,18,2,40.0
TXN005403,2026-06-28,1,37,1,160.0
TXN005403,2026-06-28,1,14,1,80.0
TXN005403,2026-06-28,1,39,1,140.0
TXN005406,2026-06-28,1,26,1,450.0
TXN005406,2026-06-28,1,47,2,330.0
TXN005406,2026-06-28,1,2,1,35.0
TXN005406,2026-06-28,1,48,2,48.0
TXN005407,2026-06-28,1,50,2,520.0
TXN005407,2026-06-28,1,36,2,210.0
TXN005407,2026-06-28,1,57,1,90.0
TXN005408,2026-06-28,1,40,1,65.0
TXN005408,2026-06-28,1,24,1,50.0
TXN005408,2026-06-28,1,41,2,180.0
TXN005409,2026-06-28,1,43,1,240.0
TXN005409,2026-06-28,1,2,2,70.0
TXN005409,2026-06-28,1,39,2,280.0
TXN005409,2026-06-28,1,13,2,120.0
TXN005409,2026-06-28,1,32,1,120.0
TXN005410,2026-06-28,1,41,1,90.0
TXN005410,2026-06-28,1,36,2,210.0
TXN005410,2026-06-28,1,7,1,130.0
TXN005411,2026-06-28,1,27,2,80.0
TXN005411,2026-06-28,1,28,1,75.0
TXN005412,2026-06-28,1,45,1,135.0
TXN005413,2026-06-28,1,48,2,48.0
TXN005414,2026-06-28,1,9,3,120.0
TXN005414,2026-06-28,1,33,1,85.0
TXN005414,2026-06-28,1,37,1,160.0
TXN005415,2026-06-28,1,36,2,210.0
TXN005416,2026-06-28,1,48,3,72.0
TXN005416,2026-06-28,1,29,1,95.0
TXN005416,2026-06-28,1,6,1,30.0
TXN005417,2026-06-28,1,33,1,85.0
TXN005417,2026-06-28,1,16,2,240.0
TXN005417,2026-06-28,1,29,2,190.0
TXN005417,2026-06-28,1,18,1,20.0
TXN005417,2026-06-28,1,53,1,40.0
TXN005418,2026-06-28,1,48,2,48.0
TXN005418,2026-06-28,1,21,1,310.0
TXN005418,2026-06-28,1,4,2,280.0
TXN005419,2026-06-28,2,52,1,50.0
TXN005419,2026-06-28,2,39,2,280.0
TXN005420,2026-06-28,2,50,2,520.0
TXN005420,2026-06-28,2,15,2,220.0
TXN005421,2026-06-28,2,22,1,30.0
TXN005421,2026-06-28,2,12,1,90.0
TXN005421,2026-06-28,2,8,2,168.0
TXN005421,2026-06-28,2,53,1,40.0
TXN005421,2026-06-28,2,7,2,260.0
TXN005422,2026-06-28,2,14,1,80.0
TXN005423,2026-06-28,2,20,1,220.0
TXN005423,2026-06-28,2,27,1,40.0
TXN005424,2026-06-28,2,52,1,50.0
TXN005424,2026-06-28,2,4,1,140.0
TXN005425,2026-06-28,2,28,1,75.0
TXN005425,2026-06-28,2,48,2,48.0
TXN005425,2026-06-28,2,59,1,35.0
TXN005425,2026-06-28,2,38,1,210.0
TXN005426,2026-06-28,2,3,1,115.0
TXN005426,2026-06-28,2,49,1,85.0
TXN005427,2026-06-28,2,45,2,270.0
TXN005427,2026-06-28,2,23,1,25.0
TXN005427,2026-06-28,2,36,1,105.0
TXN005428,2026-06-28,2,58,1,25.0
TXN005428,2026-06-28,2,41,1,90.0
TXN005428,2026-06-28,2,51,1,180.0
TXN005429,2026-06-28,2,46,2,96.0
TXN005429,2026-06-28,2,43,2,480.0
TXN005429,2026-06-28,2,26,1,450.0
TXN005429,2026-06-28,2,1,3,192.0
TXN005430,2026-06-28,2,50,1,260.0
TXN005431,2026-06-28,2,51,1,180.0
TXN005431,2026-06-28,2,55,2,60.0
TXN005431,2026-06-28,2,31,1,175.0
TXN005432,2026-06-28,2,5,2,190.0
TXN005433,2026-06-28,2,55,2,60.0
TXN005434,2026-06-28,2,35,1,145.0
TXN005435,2026-06-28,2,25,2,560.0
TXN005436,2026-06-28,2,39,1,140.0
TXN005437,2026-06-28,2,8,2,168.0
TXN005437,2026-06-28,2,13,1,60.0
TXN005438,2026-06-28,2,15,2,220.0
TXN005438,2026-06-28,2,54,1,35.0
TXN005438,2026-06-28,2,60,1,40.0
TXN005438,2026-06-28,2,27,1,40.0
TXN005439,2026-06-28,2,35,1,145.0
TXN005440,2026-06-28,2,42,1,620.0
TXN005441,2026-06-28,2,55,3,90.0
TXN005441,2026-06-28,2,14,2,160.0
TXN005441,2026-06-28,2,49,1,85.0
TXN005442,2026-06-28,2,2,2,70.0
TXN005442,2026-06-28,2,32,1,120.0
TXN005443,2026-06-28,2,15,1,110.0
TXN005443,2026-06-28,2,14,1,80.0
TXN005443,2026-06-28,2,53,1,40.0
TXN005443,2026-06-28,2,9,1,40.0
TXN005443,2026-06-28,2,5,2,190.0
TXN005445,2026-06-28,2,3,2,230.0
TXN005445,2026-06-28,2,43,1,240.0
TXN005446,2026-06-28,2,32,1,120.0
TXN005446,2026-06-28,2,24,1,50.0
TXN005446,2026-06-28,2,36,2,210.0
TXN005447,2026-06-28,2,1,2,128.0
TXN005447,2026-06-28,2,7,2,260.0
TXN005449,2026-06-28,2,54,1,35.0
TXN005449,2026-06-28,2,24,1,50.0
TXN005449,2026-06-28,2,5,1,95.0
TXN005450,2026-06-28,2,54,2,70.0
TXN005451,2026-06-28,2,35,1,145.0
TXN005452,2026-06-28,2,56,1,120.0
TXN005452,2026-06-28,2,43,1,240.0
TXN005453,2026-06-28,2,39,1,140.0
TXN005453,2026-06-28,2,60,1,40.0
TXN005454,2026-06-28,2,38,1,210.0
TXN005454,2026-06-28,2,47,1,165.0
TXN005454,2026-06-28,2,9,3,120.0
TXN005455,2026-06-28,2,36,1,105.0
TXN005456,2026-06-28,2,55,1,30.0
TXN005456,2026-06-28,2,53,1,40.0
TXN005456,2026-06-28,2,7,2,260.0
TXN005456,2026-06-28,2,2,2,70.0
TXN005456,2026-06-28,2,57,1,90.0
TXN005457,2026-06-28,2,23,1,25.0
TXN005457,2026-06-28,2,2,2,70.0
TXN005457,2026-06-28,2,11,1,35.0
TXN005458,2026-06-28,2,54,1,35.0
TXN005459,2026-06-28,2,8,2,168.0
TXN005459,2026-06-28,2,26,1,450.0
TXN005459,2026-06-28,2,51,1,180.0
TXN005459,2026-06-28,2,50,2,520.0
TXN005460,2026-06-28,2,54,1,35.0
TXN005461,2026-06-28,2,52,1,50.0
TXN005462,2026-06-28,2,54,1,35.0
TXN005462,2026-06-28,2,16,2,240.0
TXN005462,2026-06-28,2,18,1,20.0
TXN005463,2026-06-28,3,3,1,115.0
TXN005463,2026-06-28,3,27,1,40.0
TXN005463,2026-06-28,3,53,1,40.0
TXN005463,2026-06-28,3,9,3,120.0
TXN005463,2026-06-28,3,45,1,135.0
TXN005464,2026-06-28,3,59,1,35.0
TXN005464,2026-06-28,3,54,2,70.0
TXN005464,2026-06-28,3,23,1,25.0
TXN005464,2026-06-28,3,42,1,620.0
TXN005465,2026-06-28,3,43,2,480.0
TXN005465,2026-06-28,3,19,1,110.0
TXN005466,2026-06-28,3,21,1,310.0
TXN005466,2026-06-28,3,55,2,60.0
TXN005467,2026-06-28,3,49,1,85.0
TXN005467,2026-06-28,3,25,1,280.0
TXN005468,2026-06-28,3,32,2,240.0
TXN005468,2026-06-28,3,9,2,80.0
TXN005469,2026-06-28,3,46,1,48.0
TXN005469,2026-06-28,3,25,2,560.0
TXN005470,2026-06-28,3,51,1,180.0
TXN005471,2026-06-28,3,6,2,60.0
TXN005471,2026-06-28,3,8,1,84.0
TXN005471,2026-06-28,3,49,2,170.0
TXN005472,2026-06-28,3,39,1,140.0
TXN005474,2026-06-28,3,3,1,115.0
TXN005474,2026-06-28,3,8,1,84.0
TXN005475,2026-06-28,3,11,1,35.0
TXN005476,2026-06-28,3,9,3,120.0
TXN005476,2026-06-28,3,14,1,80.0
TXN005476,2026-06-28,3,6,1,30.0
TXN005476,2026-06-28,3,46,3,144.0
TXN005477,2026-06-28,3,10,1,45.0
TXN005477,2026-06-28,3,53,2,80.0
TXN005478,2026-06-28,3,54,1,35.0
TXN005478,2026-06-28,3,40,1,65.0
TXN005478,2026-06-28,3,20,1,220.0
TXN005478,2026-06-28,3,25,1,280.0
TXN005479,2026-06-28,3,1,2,128.0
TXN005480,2026-06-28,3,22,2,60.0
TXN005480,2026-06-28,3,13,1,60.0
TXN005482,2026-06-28,3,24,2,100.0
TXN005482,2026-06-28,3,59,1,35.0
TXN005482,2026-06-28,3,27,1,40.0
TXN005483,2026-06-28,3,16,1,120.0
TXN005483,2026-06-28,3,10,2,90.0
TXN005484,2026-06-28,3,1,3,192.0
TXN005485,2026-06-28,3,6,1,30.0
TXN005485,2026-06-28,3,57,1,90.0
TXN005485,2026-06-28,3,10,1,45.0
TXN005486,2026-06-28,3,59,1,35.0
TXN005486,2026-06-28,3,45,1,135.0
TXN005486,2026-06-28,3,42,3,1860.0
TXN005487,2026-06-28,3,33,1,85.0
TXN005487,2026-06-28,3,15,2,220.0
TXN005487,2026-06-28,3,17,1,45.0
TXN005487,2026-06-28,3,45,1,135.0
TXN005488,2026-06-28,3,10,2,90.0
TXN005489,2026-06-28,3,60,2,80.0
TXN005490,2026-06-28,3,15,2,220.0
TXN005490,2026-06-28,3,6,1,30.0
TXN005491,2026-06-28,3,56,1,120.0
TXN005491,2026-06-28,3,44,1,580.0
TXN005491,2026-06-28,3,58,1,25.0
TXN005491,2026-06-28,3,48,2,48.0
TXN005491,2026-06-28,3,34,1,190.0
TXN005492,2026-06-28,3,25,2,560.0
TXN005492,2026-06-28,3,10,1,45.0
TXN005492,2026-06-28,3,11,1,35.0
TXN005493,2026-06-28,3,52,1,50.0
TXN005493,2026-06-28,3,14,1,80.0
TXN005493,2026-06-28,3,22,1,30.0
TXN005494,2026-06-28,3,14,1,80.0
TXN005495,2026-06-28,3,10,2,90.0
TXN005495,2026-06-28,3,48,2,48.0
TXN005495,2026-06-28,3,49,1,85.0
TXN005496,2026-06-28,3,9,2,80.0
TXN005496,2026-06-28,3,41,1,90.0
TXN005498,2026-06-29,1,2,1,35.0
TXN005498,2026-06-29,1,22,1,30.0
TXN005498,2026-06-29,1,3,1,115.0
TXN005498,2026-06-29,1,16,1,120.0
TXN005498,2026-06-29,1,17,2,90.0
TXN005499,2026-06-29,1,1,3,192.0
TXN005499,2026-06-29,1,17,3,135.0
TXN005499,2026-06-29,1,29,1,95.0
TXN005500,2026-06-29,1,9,2,80.0
TXN005500,2026-06-29,1,20,1,220.0
TXN005500,2026-06-29,1,21,1,310.0
TXN005501,2026-06-29,1,21,1,310.0
TXN005501,2026-06-29,1,5,1,95.0
TXN005503,2026-06-29,1,26,1,450.0
TXN005503,2026-06-29,1,9,2,80.0
TXN005504,2026-06-29,1,46,1,48.0
TXN005504,2026-06-29,1,58,1,25.0
TXN005504,2026-06-29,1,6,3,90.0
TXN005505,2026-06-29,1,1,2,128.0
TXN005505,2026-06-29,1,41,1,90.0
TXN005506,2026-06-29,1,6,1,30.0
TXN005506,2026-06-29,1,18,2,40.0
TXN005506,2026-06-29,1,60,1,40.0
TXN005507,2026-06-29,1,23,1,25.0
TXN005507,2026-06-29,1,46,3,144.0
TXN005507,2026-06-29,1,30,2,80.0
TXN005508,2026-06-29,1,55,2,60.0
TXN005508,2026-06-29,1,7,1,130.0
TXN005508,2026-06-29,1,52,2,100.0
TXN005508,2026-06-29,1,8,2,168.0
TXN005509,2026-06-29,1,60,1,40.0
TXN005509,2026-06-29,1,29,2,190.0
TXN005509,2026-06-29,1,40,2,130.0
TXN005509,2026-06-29,1,28,1,75.0
TXN005510,2026-06-29,1,51,1,180.0
TXN005510,2026-06-29,1,41,1,90.0
TXN005511,2026-06-29,1,32,1,120.0
TXN005511,2026-06-29,1,48,2,48.0
TXN005511,2026-06-29,1,46,2,96.0
TXN005512,2026-06-29,1,6,2,60.0
TXN005512,2026-06-29,1,60,2,80.0
TXN005512,2026-06-29,1,33,1,85.0
TXN005513,2026-06-29,1,10,1,45.0
TXN005514,2026-06-29,1,28,1,75.0
TXN005514,2026-06-29,1,59,2,70.0
TXN005514,2026-06-29,1,15,1,110.0
TXN005514,2026-06-29,1,33,1,85.0
TXN005515,2026-06-29,1,14,1,80.0
TXN005515,2026-06-29,1,8,2,168.0
TXN005516,2026-06-29,1,21,1,310.0
TXN005516,2026-06-29,1,17,2,90.0
TXN005516,2026-06-29,1,36,1,105.0
TXN005516,2026-06-29,1,3,1,115.0
TXN005516,2026-06-29,1,60,2,80.0
TXN005517,2026-06-29,1,14,1,80.0
TXN005517,2026-06-29,1,52,1,50.0
TXN005517,2026-06-29,1,36,2,210.0
TXN005517,2026-06-29,1,30,1,40.0
TXN005518,2026-06-29,1,25,2,560.0
TXN005519,2026-06-29,1,1,2,128.0
TXN005519,2026-06-29,1,44,1,580.0
TXN005520,2026-06-29,1,55,2,60.0
TXN005520,2026-06-29,1,10,1,45.0
TXN005520,2026-06-29,1,8,1,84.0
TXN005520,2026-06-29,1,56,1,120.0
TXN005520,2026-06-29,1,12,2,180.0
TXN005521,2026-06-29,1,33,2,170.0
TXN005522,2026-06-29,1,36,2,210.0
TXN005523,2026-06-29,1,46,1,48.0
TXN005523,2026-06-29,1,51,1,180.0
TXN005523,2026-06-29,1,14,1,80.0
TXN005525,2026-06-29,1,54,2,70.0
TXN005525,2026-06-29,1,28,1,75.0
TXN005525,2026-06-29,1,43,1,240.0
TXN005526,2026-06-29,1,35,1,145.0
TXN005526,2026-06-29,1,23,2,50.0
TXN005526,2026-06-29,1,15,1,110.0
TXN005527,2026-06-29,1,14,1,80.0
TXN005527,2026-06-29,1,22,1,30.0
TXN005528,2026-06-29,1,6,2,60.0
TXN005528,2026-06-29,1,8,1,84.0
TXN005528,2026-06-29,1,43,2,480.0
TXN005528,2026-06-29,1,20,1,220.0
TXN005529,2026-06-29,1,48,2,48.0
TXN005529,2026-06-29,1,16,1,120.0
TXN005529,2026-06-29,1,30,1,40.0
TXN005529,2026-06-29,1,36,2,210.0
TXN005530,2026-06-29,1,51,1,180.0
TXN005530,2026-06-29,1,25,1,280.0
TXN005531,2026-06-29,1,6,3,90.0
TXN005532,2026-06-29,1,47,2,330.0
TXN005532,2026-06-29,1,22,1,30.0
TXN005532,2026-06-29,1,23,2,50.0
TXN005533,2026-06-29,1,17,2,90.0
TXN005533,2026-06-29,1,11,1,35.0
TXN005533,2026-06-29,1,5,1,95.0
TXN005533,2026-06-29,1,40,1,65.0
TXN005534,2026-06-29,2,45,2,270.0
TXN005536,2026-06-29,2,14,1,80.0
TXN005537,2026-06-29,2,6,1,30.0
TXN005537,2026-06-29,2,32,1,120.0
TXN005537,2026-06-29,2,17,2,90.0
TXN005538,2026-06-29,2,15,1,110.0
TXN005538,2026-06-29,2,50,1,260.0
TXN005538,2026-06-29,2,53,1,40.0
TXN005539,2026-06-29,2,12,1,90.0
TXN005539,2026-06-29,2,51,2,360.0
TXN005540,2026-06-29,2,1,2,128.0
TXN005540,2026-06-29,2,52,1,50.0
TXN005540,2026-06-29,2,32,1,120.0
TXN005540,2026-06-29,2,55,1,30.0
TXN005541,2026-06-29,2,7,1,130.0
TXN005541,2026-06-29,2,22,1,30.0
TXN005541,2026-06-29,2,20,1,220.0
TXN005541,2026-06-29,2,1,2,128.0
TXN005542,2026-06-29,2,40,1,65.0
TXN005542,2026-06-29,2,11,1,35.0
TXN005542,2026-06-29,2,49,1,85.0
TXN005542,2026-06-29,2,5,1,95.0
TXN005543,2026-06-29,2,7,2,260.0
TXN005543,2026-06-29,2,52,1,50.0
TXN005543,2026-06-29,2,25,1,280.0
TXN005544,2026-06-29,2,54,1,35.0
TXN005544,2026-06-29,2,52,3,150.0
TXN005545,2026-06-29,2,15,2,220.0
TXN005545,2026-06-29,2,34,1,190.0
TXN005545,2026-06-29,2,60,1,40.0
TXN005546,2026-06-29,2,43,2,480.0
TXN005546,2026-06-29,2,25,1,280.0
TXN005547,2026-06-29,2,52,1,50.0
TXN005548,2026-06-29,2,28,1,75.0
TXN005548,2026-06-29,2,20,1,220.0
TXN005549,2026-06-29,2,33,1,85.0
TXN005549,2026-06-29,2,25,1,280.0
TXN005550,2026-06-29,2,58,1,25.0
TXN005550,2026-06-29,2,18,1,20.0
TXN005551,2026-06-29,2,7,1,130.0
TXN005551,2026-06-29,2,43,1,240.0
TXN005551,2026-06-29,2,55,1,30.0
TXN005552,2026-06-29,2,50,1,260.0
TXN005552,2026-06-29,2,57,1,90.0
TXN005554,2026-06-29,2,7,1,130.0
TXN005554,2026-06-29,2,54,2,70.0
TXN005554,2026-06-29,2,30,1,40.0
TXN005554,2026-06-29,2,44,1,580.0
TXN005555,2026-06-29,2,33,1,85.0
TXN005555,2026-06-29,2,27,1,40.0
TXN005555,2026-06-29,2,36,2,210.0
TXN005556,2026-06-29,2,22,2,60.0
TXN005556,2026-06-29,2,39,1,140.0
TXN005556,2026-06-29,2,13,1,60.0
TXN005557,2026-06-29,2,54,1,35.0
TXN005557,2026-06-29,2,14,2,160.0
TXN005557,2026-06-29,2,45,1,135.0
TXN005557,2026-06-29,2,59,2,70.0
TXN005559,2026-06-29,2,54,1,35.0
TXN005559,2026-06-29,2,32,2,240.0
TXN005559,2026-06-29,2,28,1,75.0
TXN005560,2026-06-29,2,52,1,50.0
TXN005560,2026-06-29,2,56,1,120.0
TXN005560,2026-06-29,2,17,2,90.0
TXN005560,2026-06-29,2,48,1,24.0
TXN005561,2026-06-29,2,53,1,40.0
TXN005561,2026-06-29,2,38,1,210.0
TXN005561,2026-06-29,2,41,1,90.0
TXN005562,2026-06-29,2,54,1,35.0
TXN005562,2026-06-29,2,52,1,50.0
TXN005563,2026-06-29,2,42,1,620.0
TXN005563,2026-06-29,2,46,1,48.0
TXN005564,2026-06-29,2,16,2,240.0
TXN005564,2026-06-29,2,29,2,190.0
TXN005564,2026-06-29,2,32,1,120.0
TXN005565,2026-06-29,2,21,1,310.0
TXN005565,2026-06-29,2,57,2,180.0
TXN005565,2026-06-29,2,15,1,110.0
TXN005566,2026-06-29,2,18,2,40.0
TXN005566,2026-06-29,2,36,2,210.0
TXN005567,2026-06-29,2,1,2,128.0
TXN005567,2026-06-29,2,24,1,50.0
TXN005567,2026-06-29,2,15,2,220.0
TXN005568,2026-06-29,2,47,1,165.0
TXN005568,2026-06-29,2,39,1,140.0
TXN005569,2026-06-29,2,48,2,48.0
TXN005569,2026-06-29,2,3,1,115.0
TXN005570,2026-06-29,2,4,1,140.0
TXN005570,2026-06-29,2,52,2,100.0
TXN005570,2026-06-29,2,57,1,90.0
TXN005571,2026-06-29,2,46,1,48.0
TXN005572,2026-06-29,3,52,1,50.0
TXN005574,2026-06-29,3,41,1,90.0
TXN005574,2026-06-29,3,28,1,75.0
TXN005575,2026-06-29,3,56,1,120.0
TXN005575,2026-06-29,3,48,2,48.0
TXN005576,2026-06-29,3,53,1,40.0
TXN005576,2026-06-29,3,51,2,360.0
TXN005576,2026-06-29,3,37,1,160.0
TXN005577,2026-06-29,3,46,2,96.0
TXN005579,2026-06-29,3,2,1,35.0
TXN005582,2026-06-29,3,8,2,168.0
TXN005583,2026-06-29,3,13,1,60.0
TXN005584,2026-06-29,3,17,2,90.0
TXN005585,2026-06-29,3,42,2,1240.0
TXN005585,2026-06-29,3,18,1,20.0
TXN005586,2026-06-29,3,52,2,100.0
TXN005587,2026-06-29,3,27,1,40.0
TXN005588,2026-06-29,3,22,2,60.0
TXN005588,2026-06-29,3,49,1,85.0
TXN005590,2026-06-29,3,47,1,165.0
TXN005591,2026-06-29,3,37,1,160.0
TXN005591,2026-06-29,3,8,1,84.0
TXN005592,2026-06-29,3,42,1,620.0
TXN005592,2026-06-29,3,38,1,210.0
TXN005593,2026-06-29,3,27,2,80.0
TXN005593,2026-06-29,3,60,1,40.0
TXN005593,2026-06-29,3,29,1,95.0
TXN005594,2026-06-29,3,5,1,95.0
TXN005594,2026-06-29,3,3,1,115.0
TXN005595,2026-06-30,1,32,1,120.0
TXN005595,2026-06-30,1,30,1,40.0
TXN005596,2026-06-30,1,47,2,330.0
TXN005596,2026-06-30,1,18,1,20.0
TXN005596,2026-06-30,1,33,1,85.0
TXN005596,2026-06-30,1,52,2,100.0
TXN005597,2026-06-30,1,43,3,720.0
TXN005598,2026-06-30,1,40,1,65.0
TXN005598,2026-06-30,1,9,3,120.0
TXN005598,2026-06-30,1,31,1,175.0
TXN005600,2026-06-30,1,16,2,240.0
TXN005600,2026-06-30,1,51,2,360.0
TXN005600,2026-06-30,1,43,1,240.0
TXN005600,2026-06-30,1,25,2,560.0
TXN005600,2026-06-30,1,52,1,50.0
TXN005601,2026-06-30,1,21,1,310.0
TXN005601,2026-06-30,1,48,2,48.0
TXN005601,2026-06-30,1,40,1,65.0
TXN005601,2026-06-30,1,33,1,85.0
TXN005601,2026-06-30,1,54,1,35.0
TXN005602,2026-06-30,1,48,1,24.0
TXN005602,2026-06-30,1,38,1,210.0
TXN005602,2026-06-30,1,14,2,160.0
TXN005603,2026-06-30,1,30,1,40.0
TXN005604,2026-06-30,1,1,2,128.0
TXN005604,2026-06-30,1,55,1,30.0
TXN005605,2026-06-30,1,8,2,168.0
TXN005606,2026-06-30,1,11,1,35.0
TXN005606,2026-06-30,1,14,1,80.0
TXN005606,2026-06-30,1,54,2,70.0
TXN005607,2026-06-30,1,25,2,560.0
TXN005607,2026-06-30,1,13,1,60.0
TXN005607,2026-06-30,1,15,1,110.0
TXN005607,2026-06-30,1,2,1,35.0
TXN005608,2026-06-30,1,23,2,50.0
TXN005608,2026-06-30,1,17,3,135.0
TXN005608,2026-06-30,1,1,3,192.0
TXN005609,2026-06-30,1,52,1,50.0
TXN005609,2026-06-30,1,51,2,360.0
TXN005609,2026-06-30,1,54,1,35.0
TXN005610,2026-06-30,1,14,2,160.0
TXN005610,2026-06-30,1,60,2,80.0
TXN005610,2026-06-30,1,2,1,35.0
TXN005611,2026-06-30,1,36,2,210.0
TXN005612,2026-06-30,1,19,1,110.0
TXN005613,2026-06-30,1,6,1,30.0
TXN005614,2026-06-30,1,49,2,170.0
TXN005615,2026-06-30,1,9,2,80.0
TXN005615,2026-06-30,1,52,1,50.0
TXN005615,2026-06-30,1,59,1,35.0
TXN005615,2026-06-30,1,4,1,140.0
TXN005618,2026-06-30,1,39,1,140.0
TXN005618,2026-06-30,1,29,1,95.0
TXN005618,2026-06-30,1,14,1,80.0
TXN005619,2026-06-30,1,44,1,580.0
TXN005619,2026-06-30,1,21,1,310.0
TXN005621,2026-06-30,1,32,2,240.0
TXN005621,2026-06-30,1,10,1,45.0
TXN005622,2026-06-30,1,56,1,120.0
TXN005622,2026-06-30,1,9,2,80.0
TXN005622,2026-06-30,1,28,1,75.0
TXN005622,2026-06-30,1,60,1,40.0
TXN005623,2026-06-30,1,42,3,1860.0
TXN005623,2026-06-30,1,30,1,40.0
TXN005624,2026-06-30,1,22,2,60.0
TXN005625,2026-06-30,2,3,1,115.0
TXN005625,2026-06-30,2,16,2,240.0
TXN005625,2026-06-30,2,4,1,140.0
TXN005625,2026-06-30,2,33,1,85.0
TXN005626,2026-06-30,2,30,2,80.0
TXN005626,2026-06-30,2,7,2,260.0
TXN005626,2026-06-30,2,52,1,50.0
TXN005627,2026-06-30,2,57,1,90.0
TXN005628,2026-06-30,2,48,1,24.0
TXN005628,2026-06-30,2,2,1,35.0
TXN005628,2026-06-30,2,33,1,85.0
TXN005629,2026-06-30,2,16,2,240.0
TXN005630,2026-06-30,2,2,2,70.0
TXN005630,2026-06-30,2,29,1,95.0
TXN005631,2026-06-30,2,45,2,270.0
TXN005631,2026-06-30,2,52,1,50.0
TXN005631,2026-06-30,2,50,1,260.0
TXN005631,2026-06-30,2,14,1,80.0
TXN005632,2026-06-30,2,46,2,96.0
TXN005632,2026-06-30,2,9,2,80.0
TXN005632,2026-06-30,2,43,2,480.0
TXN005633,2026-06-30,2,18,1,20.0
TXN005633,2026-06-30,2,24,1,50.0
TXN005633,2026-06-30,2,56,1,120.0
TXN005634,2026-06-30,2,33,1,85.0
TXN005635,2026-06-30,2,52,2,100.0
TXN005635,2026-06-30,2,16,1,120.0
TXN005635,2026-06-30,2,39,2,280.0
TXN005636,2026-06-30,2,36,1,105.0
TXN005636,2026-06-30,2,54,2,70.0
TXN005636,2026-06-30,2,37,1,160.0
TXN005637,2026-06-30,2,9,1,40.0
TXN005637,2026-06-30,2,37,1,160.0
TXN005638,2026-06-30,2,24,1,50.0
TXN005638,2026-06-30,2,15,1,110.0
TXN005639,2026-06-30,2,29,1,95.0
TXN005639,2026-06-30,2,17,3,135.0
TXN005639,2026-06-30,2,40,1,65.0
TXN005640,2026-06-30,2,59,1,35.0
TXN005640,2026-06-30,2,50,1,260.0
TXN005641,2026-06-30,2,26,1,450.0
TXN005641,2026-06-30,2,24,1,50.0
TXN005641,2026-06-30,2,13,1,60.0
TXN005641,2026-06-30,2,52,2,100.0
TXN005642,2026-06-30,2,7,2,260.0
TXN005642,2026-06-30,2,32,2,240.0
TXN005643,2026-06-30,2,22,1,30.0
TXN005644,2026-06-30,2,16,2,240.0
TXN005644,2026-06-30,2,51,3,540.0
TXN005644,2026-06-30,2,23,1,25.0
TXN005644,2026-06-30,2,40,1,65.0
TXN005645,2026-06-30,2,8,3,252.0
TXN005646,2026-06-30,2,24,1,50.0
TXN005646,2026-06-30,2,51,2,360.0
TXN005647,2026-06-30,2,27,1,40.0
TXN005647,2026-06-30,2,33,1,85.0
TXN005647,2026-06-30,2,36,1,105.0
TXN005648,2026-06-30,2,6,1,30.0
TXN005648,2026-06-30,2,2,1,35.0
TXN005648,2026-06-30,2,27,1,40.0
TXN005648,2026-06-30,2,49,1,85.0
TXN005649,2026-06-30,2,31,1,175.0
TXN005649,2026-06-30,2,36,1,105.0
TXN005650,2026-06-30,2,26,1,450.0
TXN005650,2026-06-30,2,36,2,210.0
TXN005650,2026-06-30,2,25,1,280.0
TXN005650,2026-06-30,2,57,1,90.0
TXN005651,2026-06-30,2,3,1,115.0
TXN005652,2026-06-30,2,3,1,115.0
TXN005653,2026-06-30,2,51,1,180.0
TXN005653,2026-06-30,2,49,1,85.0
TXN005654,2026-06-30,2,12,1,90.0
TXN005654,2026-06-30,2,3,1,115.0
TXN005655,2026-06-30,2,40,1,65.0
TXN005656,2026-06-30,2,44,1,580.0
TXN005656,2026-06-30,2,47,1,165.0
TXN005657,2026-06-30,2,32,2,240.0
TXN005657,2026-06-30,2,38,1,210.0
TXN005658,2026-06-30,2,43,1,240.0
TXN005659,2026-06-30,2,29,1,95.0
TXN005659,2026-06-30,2,11,1,35.0
TXN005659,2026-06-30,2,42,1,620.0
TXN005660,2026-06-30,3,7,1,130.0
TXN005660,2026-06-30,3,27,1,40.0
TXN005660,2026-06-30,3,50,2,520.0
TXN005661,2026-06-30,3,48,1,24.0
TXN005661,2026-06-30,3,1,2,128.0
TXN005663,2026-06-30,3,28,1,75.0
TXN005663,2026-06-30,3,18,2,40.0
TXN005664,2026-06-30,3,17,1,45.0
TXN005665,2026-06-30,3,49,1,85.0
TXN005666,2026-06-30,3,29,1,95.0
TXN005666,2026-06-30,3,39,1,140.0
TXN005668,2026-06-30,3,29,1,95.0
TXN005668,2026-06-30,3,53,1,40.0
TXN005668,2026-06-30,3,55,2,60.0
TXN005669,2026-06-30,3,29,2,190.0
TXN005669,2026-06-30,3,43,1,240.0
TXN005670,2026-06-30,3,6,2,60.0
TXN005671,2026-06-30,3,40,1,65.0
TXN005671,2026-06-30,3,18,1,20.0
TXN005672,2026-06-30,3,25,1,280.0
TXN005673,2026-06-30,3,52,1,50.0
TXN005673,2026-06-30,3,18,1,20.0
TXN005673,2026-06-30,3,50,2,520.0
TXN005674,2026-06-30,3,43,1,240.0
TXN005675,2026-06-30,3,12,1,90.0
TXN005675,2026-06-30,3,9,2,80.0
TXN005676,2026-06-30,3,18,1,20.0
TXN005676,2026-06-30,3,25,1,280.0
TXN005678,2026-06-30,3,50,1,260.0
TXN005678,2026-06-30,3,18,1,20.0
TXN005679,2026-06-30,3,21,1,310.0
TXN005679,2026-06-30,3,32,2,240.0
TXN005679,2026-06-30,3,16,1,120.0
TXN005679,2026-06-30,3,4,1,140.0
TXN005681,2026-06-30,3,52,1,50.0
TXN005681,2026-06-30,3,30,2,80.0
TXN005682,2026-06-30,3,5,1,95.0
TXN005682,2026-06-30,3,55,1,30.0
TXN005682,2026-06-30,3,48,2,48.0
TXN005683,2026-06-30,3,42,1,620.0
TXN005683,2026-06-30,3,28,1,75.0
TXN005683,2026-06-30,3,17,3,135.0
TXN005683,2026-06-30,3,41,1,90.0
TXN005684,2026-06-30,3,11,1,35.0
TXN005684,2026-06-30,3,30,1,40.0
TXN005685,2026-06-30,3,23,1,25.0
TXN005685,2026-06-30,3,57,1,90.0
TXN005685,2026-06-30,3,17,2,90.0
TXN005687,2026-06-30,3,56,1,120.0
TXN005688,2026-06-30,3,16,1,120.0
TXN005689,2026-06-30,3,6,2,60.0
TXN005689,2026-06-30,3,41,1,90.0
TXN005690,2026-06-30,3,52,2,100.0
TXN005691,2026-06-30,3,27,1,40.0
TXN005691,2026-06-30,3,24,1,50.0
TXN005692,2026-06-30,3,21,1,310.0
TXN005692,2026-06-30,3,4,1,140.0
TXN005692,2026-06-30,3,35,1,145.0
TXN005692,2026-06-30,3,6,1,30.0
TXN005693,2026-07-01,1,27,2,80.0
TXN005693,2026-07-01,1,46,1,48.0
TXN005693,2026-07-01,1,14,1,80.0
TXN005693,2026-07-01,1,12,1,90.0
TXN005694,2026-07-01,1,9,3,120.0
TXN005694,2026-07-01,1,14,1,80.0
TXN005694,2026-07-01,1,36,3,315.0
TXN005695,2026-07-01,1,5,1,95.0
TXN005695,2026-07-01,1,48,2,48.0
TXN005695,2026-07-01,1,53,2,80.0
TXN005695,2026-07-01,1,32,2,240.0
TXN005696,2026-07-01,1,23,2,50.0
TXN005696,2026-07-01,1,58,2,50.0
TXN005697,2026-07-01,1,40,1,65.0
TXN005697,2026-07-01,1,39,1,140.0
TXN005697,2026-07-01,1,2,2,70.0
TXN005698,2026-07-01,1,40,1,65.0
TXN005698,2026-07-01,1,7,2,260.0
TXN005698,2026-07-01,1,8,3,252.0
TXN005698,2026-07-01,1,52,1,50.0
TXN005701,2026-07-01,1,8,2,168.0
TXN005701,2026-07-01,1,15,1,110.0
TXN005701,2026-07-01,1,3,1,115.0
TXN005702,2026-07-01,1,58,1,25.0
TXN005702,2026-07-01,1,57,1,90.0
TXN005703,2026-07-01,1,30,2,80.0
TXN005703,2026-07-01,1,22,2,60.0
TXN005703,2026-07-01,1,52,1,50.0
TXN005704,2026-07-01,1,3,1,115.0
TXN005704,2026-07-01,1,19,1,110.0
TXN005705,2026-07-01,1,19,1,110.0
TXN005705,2026-07-01,1,16,2,240.0
TXN005705,2026-07-01,1,52,1,50.0
TXN005705,2026-07-01,1,6,2,60.0
TXN005706,2026-07-01,1,13,1,60.0
TXN005707,2026-07-01,1,22,1,30.0
TXN005707,2026-07-01,1,33,1,85.0
TXN005707,2026-07-01,1,2,1,35.0
TXN005708,2026-07-01,1,27,2,80.0
TXN005708,2026-07-01,1,30,3,120.0
TXN005710,2026-07-01,1,10,1,45.0
TXN005711,2026-07-01,1,1,3,192.0
TXN005712,2026-07-01,1,58,1,25.0
TXN005712,2026-07-01,1,48,1,24.0
TXN005712,2026-07-01,1,55,1,30.0
TXN005713,2026-07-01,1,1,3,192.0
TXN005713,2026-07-01,1,21,1,310.0
TXN005715,2026-07-01,1,45,2,270.0
TXN005716,2026-07-01,1,52,2,100.0
TXN005716,2026-07-01,1,15,1,110.0
TXN005716,2026-07-01,1,49,2,170.0
TXN005716,2026-07-01,1,45,1,135.0
TXN005716,2026-07-01,1,59,1,35.0
TXN005717,2026-07-01,1,45,1,135.0
TXN005717,2026-07-01,1,21,2,620.0
TXN005717,2026-07-01,1,6,2,60.0
TXN005717,2026-07-01,1,27,2,80.0
TXN005718,2026-07-01,1,15,2,220.0
TXN005718,2026-07-01,1,10,1,45.0
TXN005718,2026-07-01,1,18,1,20.0
TXN005719,2026-07-01,1,48,3,72.0
TXN005719,2026-07-01,1,8,2,168.0
TXN005719,2026-07-01,1,37,1,160.0
TXN005720,2026-07-01,1,21,1,310.0
TXN005722,2026-07-01,1,7,1,130.0
TXN005722,2026-07-01,1,4,1,140.0
TXN005722,2026-07-01,1,39,1,140.0
TXN005723,2026-07-01,1,27,1,40.0
TXN005723,2026-07-01,1,13,1,60.0
TXN005724,2026-07-01,1,46,1,48.0
TXN005724,2026-07-01,1,50,1,260.0
TXN005724,2026-07-01,1,24,1,50.0
TXN005724,2026-07-01,1,45,2,270.0
TXN005725,2026-07-01,1,58,1,25.0
TXN005725,2026-07-01,1,19,1,110.0
TXN005725,2026-07-01,1,8,2,168.0
TXN005725,2026-07-01,1,50,2,520.0
TXN005726,2026-07-01,1,51,2,360.0
TXN005727,2026-07-01,1,1,2,128.0
TXN005727,2026-07-01,1,54,1,35.0
TXN005727,2026-07-01,1,48,2,48.0
TXN005727,2026-07-01,1,18,2,40.0
TXN005728,2026-07-01,1,11,1,35.0
TXN005728,2026-07-01,1,36,1,105.0
TXN005728,2026-07-01,1,58,2,50.0
TXN005728,2026-07-01,1,54,1,35.0
TXN005729,2026-07-01,1,6,2,60.0
TXN005729,2026-07-01,1,29,1,95.0
TXN005729,2026-07-01,1,42,1,620.0
TXN005729,2026-07-01,1,54,1,35.0
TXN005730,2026-07-01,1,29,3,285.0
TXN005730,2026-07-01,1,24,2,100.0
TXN005730,2026-07-01,1,3,1,115.0
TXN005730,2026-07-01,1,23,2,50.0
TXN005730,2026-07-01,1,39,1,140.0
TXN005731,2026-07-01,1,4,1,140.0
TXN005732,2026-07-01,1,47,1,165.0
TXN005732,2026-07-01,1,24,1,50.0
TXN005733,2026-07-01,1,16,2,240.0
TXN005733,2026-07-01,1,46,1,48.0
TXN005734,2026-07-01,1,25,1,280.0
TXN005735,2026-07-01,1,39,2,280.0
TXN005735,2026-07-01,1,46,1,48.0
TXN005735,2026-07-01,1,53,2,80.0
TXN005735,2026-07-01,1,17,2,90.0
TXN005736,2026-07-01,1,60,2,80.0
TXN005736,2026-07-01,1,23,1,25.0
TXN005737,2026-07-01,1,30,2,80.0
TXN005737,2026-07-01,1,43,1,240.0
TXN005738,2026-07-01,1,56,1,120.0
TXN005738,2026-07-01,1,24,1,50.0
TXN005738,2026-07-01,1,1,3,192.0
TXN005739,2026-07-01,1,10,1,45.0
TXN005739,2026-07-01,1,42,1,620.0
TXN005739,2026-07-01,1,47,1,165.0
TXN005739,2026-07-01,1,12,1,90.0
TXN005740,2026-07-01,1,54,1,35.0
TXN005741,2026-07-01,2,36,1,105.0
TXN005742,2026-07-01,2,33,2,170.0
TXN005742,2026-07-01,2,56,2,240.0
TXN005742,2026-07-01,2,2,2,70.0
TXN005742,2026-07-01,2,48,1,24.0
TXN005743,2026-07-01,2,54,1,35.0
TXN005743,2026-07-01,2,1,2,128.0
TXN005743,2026-07-01,2,42,1,620.0
TXN005744,2026-07-01,2,4,1,140.0
TXN005744,2026-07-01,2,13,1,60.0
TXN005744,2026-07-01,2,9,2,80.0
TXN005745,2026-07-01,2,30,1,40.0
TXN005745,2026-07-01,2,53,2,80.0
TXN005745,2026-07-01,2,32,1,120.0
TXN005745,2026-07-01,2,55,1,30.0
TXN005745,2026-07-01,2,51,1,180.0
TXN005746,2026-07-01,2,33,1,85.0
TXN005746,2026-07-01,2,9,2,80.0
TXN005747,2026-07-01,2,59,1,35.0
TXN005747,2026-07-01,2,28,1,75.0
TXN005747,2026-07-01,2,2,1,35.0
TXN005748,2026-07-01,2,44,1,580.0
TXN005748,2026-07-01,2,8,1,84.0
TXN005748,2026-07-01,2,53,2,80.0
TXN005748,2026-07-01,2,11,1,35.0
TXN005749,2026-07-01,2,55,1,30.0
TXN005749,2026-07-01,2,60,1,40.0
TXN005750,2026-07-01,2,19,1,110.0
TXN005751,2026-07-01,2,32,1,120.0
TXN005752,2026-07-01,2,57,1,90.0
TXN005752,2026-07-01,2,47,1,165.0
TXN005753,2026-07-01,2,24,1,50.0
TXN005753,2026-07-01,2,35,1,145.0
TXN005754,2026-07-01,2,32,1,120.0
TXN005755,2026-07-01,2,32,1,120.0
TXN005755,2026-07-01,2,29,2,190.0
TXN005756,2026-07-01,2,42,1,620.0
TXN005756,2026-07-01,2,36,1,105.0
TXN005757,2026-07-01,2,49,1,85.0
TXN005757,2026-07-01,2,8,2,168.0
TXN005758,2026-07-01,2,45,1,135.0
TXN005759,2026-07-01,2,8,2,168.0
TXN005759,2026-07-01,2,10,1,45.0
TXN005759,2026-07-01,2,25,1,280.0
TXN005759,2026-07-01,2,32,2,240.0
TXN005760,2026-07-01,2,14,1,80.0
TXN005760,2026-07-01,2,24,1,50.0
TXN005761,2026-07-01,2,16,1,120.0
TXN005763,2026-07-01,2,48,1,24.0
TXN005763,2026-07-01,2,47,1,165.0
TXN005763,2026-07-01,2,51,1,180.0
TXN005764,2026-07-01,2,9,2,80.0
TXN005765,2026-07-01,2,18,1,20.0
TXN005765,2026-07-01,2,50,1,260.0
TXN005765,2026-07-01,2,36,1,105.0
TXN005765,2026-07-01,2,32,1,120.0
TXN005766,2026-07-01,2,19,1,110.0
TXN005766,2026-07-01,2,48,2,48.0
TXN005766,2026-07-01,2,24,1,50.0
TXN005766,2026-07-01,2,8,1,84.0
TXN005767,2026-07-01,2,33,1,85.0
TXN005767,2026-07-01,2,22,1,30.0
TXN005768,2026-07-01,3,49,2,170.0
TXN005768,2026-07-01,3,42,1,620.0
TXN005769,2026-07-01,3,31,1,175.0
TXN005769,2026-07-01,3,50,1,260.0
TXN005769,2026-07-01,3,55,2,60.0
TXN005770,2026-07-01,3,42,1,620.0
TXN005771,2026-07-01,3,16,1,120.0
TXN005772,2026-07-01,3,10,1,45.0
TXN005772,2026-07-01,3,4,1,140.0
TXN005773,2026-07-01,3,29,2,190.0
TXN005773,2026-07-01,3,42,1,620.0
TXN005773,2026-07-01,3,23,1,25.0
TXN005774,2026-07-01,3,7,1,130.0
TXN005774,2026-07-01,3,27,1,40.0
TXN005775,2026-07-01,3,37,1,160.0
TXN005776,2026-07-01,3,42,2,1240.0
TXN005776,2026-07-01,3,59,1,35.0
TXN005776,2026-07-01,3,18,1,20.0
TXN005776,2026-07-01,3,52,1,50.0
TXN005776,2026-07-01,3,7,2,260.0
TXN005777,2026-07-01,3,17,1,45.0
TXN005777,2026-07-01,3,13,1,60.0
TXN005777,2026-07-01,3,23,1,25.0
TXN005778,2026-07-01,3,52,1,50.0
TXN005778,2026-07-01,3,33,1,85.0
TXN005778,2026-07-01,3,57,2,180.0
TXN005779,2026-07-01,3,16,2,240.0
TXN005779,2026-07-01,3,29,1,95.0
TXN005779,2026-07-01,3,21,1,310.0
TXN005780,2026-07-01,3,21,1,310.0
TXN005781,2026-07-01,3,30,1,40.0
TXN005782,2026-07-01,3,42,2,1240.0
TXN005783,2026-07-01,3,54,2,70.0
TXN005783,2026-07-01,3,57,1,90.0
TXN005784,2026-07-01,3,59,1,35.0
TXN005784,2026-07-01,3,21,1,310.0
TXN005785,2026-07-01,3,22,2,60.0
TXN005785,2026-07-01,3,46,1,48.0
TXN005786,2026-07-01,3,10,1,45.0
TXN005786,2026-07-01,3,43,1,240.0
TXN005787,2026-07-01,3,54,1,35.0
TXN005787,2026-07-01,3,6,1,30.0
TXN005788,2026-07-01,3,25,1,280.0
TXN005788,2026-07-01,3,52,1,50.0
TXN005789,2026-07-01,3,27,1,40.0
TXN005790,2026-07-01,3,51,1,180.0
TXN005791,2026-07-01,3,5,1,95.0
TXN005791,2026-07-01,3,4,1,140.0
TXN005791,2026-07-01,3,29,1,95.0
TXN005791,2026-07-01,3,37,1,160.0
TXN005792,2026-07-01,3,48,2,48.0
TXN005793,2026-07-01,3,1,2,128.0
TXN005793,2026-07-01,3,59,1,35.0
TXN005794,2026-07-01,3,5,1,95.0
TXN005794,2026-07-01,3,25,1,280.0
TXN005795,2026-07-01,3,43,1,240.0
TXN005795,2026-07-01,3,6,1,30.0
TXN005796,2026-07-02,1,8,1,84.0
TXN005797,2026-07-02,1,22,2,60.0
TXN005798,2026-07-02,1,59,1,35.0
TXN005798,2026-07-02,1,5,1,95.0
TXN005798,2026-07-02,1,22,2,60.0
TXN005798,2026-07-02,1,58,1,25.0
TXN005799,2026-07-02,1,47,1,165.0
TXN005799,2026-07-02,1,31,1,175.0
TXN005799,2026-07-02,1,36,2,210.0
TXN005800,2026-07-02,1,38,1,210.0
TXN005800,2026-07-02,1,12,1,90.0
TXN005801,2026-07-02,1,42,1,620.0
TXN005802,2026-07-02,1,11,1,35.0
TXN005802,2026-07-02,1,37,1,160.0
TXN005802,2026-07-02,1,38,1,210.0
TXN005803,2026-07-02,1,49,1,85.0
TXN005804,2026-07-02,1,14,1,80.0
TXN005805,2026-07-02,1,13,1,60.0
TXN005806,2026-07-02,1,58,1,25.0
TXN005807,2026-07-02,1,54,2,70.0
TXN005808,2026-07-02,1,29,2,190.0
TXN005809,2026-07-02,1,57,2,180.0
TXN005809,2026-07-02,1,3,1,115.0
TXN005809,2026-07-02,1,10,1,45.0
TXN005811,2026-07-02,1,30,2,80.0
TXN005811,2026-07-02,1,12,2,180.0
TXN005812,2026-07-02,1,43,1,240.0
TXN005813,2026-07-02,1,7,2,260.0
TXN005813,2026-07-02,1,27,1,40.0
TXN005813,2026-07-02,1,18,2,40.0
TXN005814,2026-07-02,1,47,1,165.0
TXN005814,2026-07-02,1,8,1,84.0
TXN005815,2026-07-02,1,7,1,130.0
TXN005816,2026-07-02,1,4,1,140.0
TXN005816,2026-07-02,1,34,1,190.0
TXN005817,2026-07-02,1,54,2,70.0
TXN005817,2026-07-02,1,57,2,180.0
TXN005817,2026-07-02,1,35,2,290.0
TXN005817,2026-07-02,1,50,1,260.0
TXN005818,2026-07-02,1,47,2,330.0
TXN005819,2026-07-02,1,10,1,45.0
TXN005820,2026-07-02,1,31,1,175.0
TXN005821,2026-07-02,1,16,3,360.0
TXN005822,2026-07-02,1,35,1,145.0
TXN005823,2026-07-02,1,25,1,280.0
TXN005823,2026-07-02,1,2,1,35.0
TXN005824,2026-07-02,1,49,2,170.0
TXN005824,2026-07-02,1,32,1,120.0
TXN005824,2026-07-02,1,41,1,90.0
TXN005824,2026-07-02,1,46,2,96.0
TXN005825,2026-07-02,1,32,2,240.0
TXN005825,2026-07-02,1,56,1,120.0
TXN005825,2026-07-02,1,9,3,120.0
TXN005825,2026-07-02,1,5,1,95.0
TXN005826,2026-07-02,1,2,2,70.0
TXN005827,2026-07-02,1,54,1,35.0
TXN005828,2026-07-02,1,55,1,30.0
TXN005828,2026-07-02,1,2,1,35.0
TXN005829,2026-07-02,1,19,1,110.0
TXN005829,2026-07-02,1,52,1,50.0
TXN005830,2026-07-02,1,19,1,110.0
TXN005830,2026-07-02,1,5,1,95.0
TXN005831,2026-07-02,1,14,1,80.0
TXN005831,2026-07-02,1,12,1,90.0
TXN005832,2026-07-02,1,36,1,105.0
TXN005832,2026-07-02,1,21,1,310.0
TXN005832,2026-07-02,1,12,1,90.0
TXN005832,2026-07-02,1,15,1,110.0
TXN005833,2026-07-02,1,42,2,1240.0
TXN005833,2026-07-02,1,13,1,60.0
TXN005833,2026-07-02,1,43,2,480.0
TXN005835,2026-07-02,1,18,1,20.0
TXN005836,2026-07-02,1,42,2,1240.0
TXN005836,2026-07-02,1,57,2,180.0
TXN005837,2026-07-02,1,42,1,620.0
TXN005837,2026-07-02,1,15,1,110.0
TXN005837,2026-07-02,1,6,1,30.0
TXN005838,2026-07-02,2,12,1,90.0
TXN005838,2026-07-02,2,6,2,60.0
TXN005839,2026-07-02,2,23,2,50.0
TXN005840,2026-07-02,2,32,1,120.0
TXN005841,2026-07-02,2,1,2,128.0
TXN005841,2026-07-02,2,47,1,165.0
TXN005841,2026-07-02,2,36,2,210.0
TXN005842,2026-07-02,2,40,1,65.0
TXN005842,2026-07-02,2,51,1,180.0
TXN005843,2026-07-02,2,16,1,120.0
TXN005844,2026-07-02,2,59,1,35.0
TXN005844,2026-07-02,2,38,1,210.0
TXN005844,2026-07-02,2,23,1,25.0
TXN005845,2026-07-02,2,48,1,24.0
TXN005845,2026-07-02,2,23,1,25.0
TXN005845,2026-07-02,2,18,1,20.0
TXN005846,2026-07-02,2,22,1,30.0
TXN005846,2026-07-02,2,7,1,130.0
TXN005847,2026-07-02,2,48,1,24.0
TXN005848,2026-07-02,2,7,1,130.0
TXN005848,2026-07-02,2,27,1,40.0
TXN005849,2026-07-02,2,2,1,35.0
TXN005850,2026-07-02,2,22,1,30.0
TXN005850,2026-07-02,2,7,1,130.0
TXN005851,2026-07-02,2,47,1,165.0
TXN005851,2026-07-02,2,39,1,140.0
TXN005851,2026-07-02,2,1,2,128.0
TXN005852,2026-07-02,2,32,1,120.0
TXN005852,2026-07-02,2,57,1,90.0
TXN005853,2026-07-02,2,17,2,90.0
TXN005853,2026-07-02,2,9,1,40.0
TXN005854,2026-07-02,2,51,2,360.0
TXN005854,2026-07-02,2,52,1,50.0
TXN005854,2026-07-02,2,30,1,40.0
TXN005854,2026-07-02,2,56,1,120.0
TXN005855,2026-07-02,2,53,1,40.0
TXN005856,2026-07-02,2,29,2,190.0
TXN005857,2026-07-02,2,53,2,80.0
TXN005857,2026-07-02,2,40,1,65.0
TXN005857,2026-07-02,2,42,1,620.0
TXN005857,2026-07-02,2,47,2,330.0
TXN005858,2026-07-02,2,9,3,120.0
TXN005858,2026-07-02,2,53,2,80.0
TXN005859,2026-07-02,2,48,1,24.0
TXN005859,2026-07-02,2,21,2,620.0
TXN005859,2026-07-02,2,28,1,75.0
TXN005861,2026-07-02,2,16,3,360.0
TXN005862,2026-07-02,2,11,1,35.0
TXN005862,2026-07-02,2,53,1,40.0
TXN005863,2026-07-02,2,2,1,35.0
TXN005864,2026-07-02,2,33,2,170.0
TXN005865,2026-07-02,3,46,1,48.0
TXN005865,2026-07-02,3,27,2,80.0
TXN005866,2026-07-02,3,44,1,580.0
TXN005867,2026-07-02,3,9,2,80.0
TXN005868,2026-07-02,3,46,1,48.0
TXN005869,2026-07-02,3,2,1,35.0
TXN005869,2026-07-02,3,35,1,145.0
TXN005869,2026-07-02,3,6,1,30.0
TXN005870,2026-07-02,3,41,1,90.0
TXN005870,2026-07-02,3,36,2,210.0
TXN005870,2026-07-02,3,35,1,145.0
TXN005871,2026-07-02,3,39,2,280.0
TXN005872,2026-07-02,3,43,1,240.0
TXN005872,2026-07-02,3,9,2,80.0
TXN005873,2026-07-02,3,43,1,240.0
TXN005873,2026-07-02,3,32,1,120.0
TXN005873,2026-07-02,3,17,2,90.0
TXN005874,2026-07-02,3,24,1,50.0
TXN005874,2026-07-02,3,5,1,95.0
TXN005874,2026-07-02,3,56,1,120.0
TXN005874,2026-07-02,3,3,1,115.0
TXN005875,2026-07-02,3,8,1,84.0
TXN005875,2026-07-02,3,13,1,60.0
TXN005876,2026-07-02,3,9,3,120.0
TXN005876,2026-07-02,3,4,2,280.0
TXN005876,2026-07-02,3,47,1,165.0
TXN005876,2026-07-02,3,31,1,175.0
TXN005877,2026-07-02,3,23,1,25.0
TXN005878,2026-07-02,3,9,1,40.0
TXN005878,2026-07-02,3,43,2,480.0
TXN005878,2026-07-02,3,6,1,30.0
TXN005879,2026-07-02,3,36,1,105.0
TXN005880,2026-07-02,3,59,1,35.0
TXN005880,2026-07-02,3,56,1,120.0
TXN005880,2026-07-02,3,5,1,95.0
TXN005881,2026-07-02,3,39,2,280.0
TXN005881,2026-07-02,3,35,1,145.0
TXN005882,2026-07-02,3,30,1,40.0
TXN005883,2026-07-02,3,31,1,175.0
TXN005883,2026-07-02,3,15,1,110.0
TXN005883,2026-07-02,3,3,1,115.0
TXN005883,2026-07-02,3,24,1,50.0
TXN005884,2026-07-02,3,52,1,50.0
TXN005884,2026-07-02,3,6,1,30.0
TXN005884,2026-07-02,3,42,1,620.0
TXN005885,2026-07-02,3,43,1,240.0
TXN005885,2026-07-02,3,50,1,260.0
TXN005886,2026-07-03,1,57,2,180.0
TXN005886,2026-07-03,1,32,1,120.0
TXN005886,2026-07-03,1,52,2,100.0
TXN005887,2026-07-03,1,59,2,70.0
TXN005888,2026-07-03,1,43,2,480.0
TXN005889,2026-07-03,1,24,2,100.0
TXN005890,2026-07-03,1,16,2,240.0
TXN005890,2026-07-03,1,12,2,180.0
TXN005891,2026-07-03,1,21,1,310.0
TXN005891,2026-07-03,1,55,3,90.0
TXN005891,2026-07-03,1,27,2,80.0
TXN005891,2026-07-03,1,58,1,25.0
TXN005892,2026-07-03,1,50,1,260.0
TXN005893,2026-07-03,1,12,2,180.0
TXN005893,2026-07-03,1,4,1,140.0
TXN005894,2026-07-03,1,49,1,85.0
TXN005894,2026-07-03,1,15,1,110.0
TXN005895,2026-07-03,1,29,2,190.0
TXN005896,2026-07-03,1,27,2,80.0
TXN005896,2026-07-03,1,30,2,80.0
TXN005897,2026-07-03,1,46,2,96.0
TXN005898,2026-07-03,1,49,1,85.0
TXN005899,2026-07-03,1,48,3,72.0
TXN005900,2026-07-03,1,60,1,40.0
TXN005901,2026-07-03,1,2,1,35.0
TXN005901,2026-07-03,1,50,1,260.0
TXN005901,2026-07-03,1,49,3,255.0
TXN005902,2026-07-03,1,26,1,450.0
TXN005903,2026-07-03,1,32,1,120.0
TXN005903,2026-07-03,1,35,2,290.0
TXN005904,2026-07-03,1,45,2,270.0
TXN005905,2026-07-03,1,31,1,175.0
TXN005905,2026-07-03,1,6,1,30.0
TXN005905,2026-07-03,1,27,2,80.0
TXN005906,2026-07-03,1,20,1,220.0
TXN005906,2026-07-03,1,53,1,40.0
TXN005906,2026-07-03,1,32,1,120.0
TXN005907,2026-07-03,1,6,2,60.0
TXN005907,2026-07-03,1,8,2,168.0
TXN005907,2026-07-03,1,52,1,50.0
TXN005907,2026-07-03,1,2,1,35.0
TXN005908,2026-07-03,1,11,1,35.0
TXN005908,2026-07-03,1,21,1,310.0
TXN005909,2026-07-03,1,43,1,240.0
TXN005909,2026-07-03,1,19,1,110.0
TXN005909,2026-07-03,1,15,1,110.0
TXN005910,2026-07-03,1,9,3,120.0
TXN005911,2026-07-03,1,56,1,120.0
TXN005911,2026-07-03,1,43,2,480.0
TXN005911,2026-07-03,1,58,1,25.0
TXN005912,2026-07-03,1,17,2,90.0
TXN005913,2026-07-03,1,33,1,85.0
TXN005913,2026-07-03,1,7,1,130.0
TXN005914,2026-07-03,1,48,1,24.0
TXN005914,2026-07-03,1,33,1,85.0
TXN005914,2026-07-03,1,60,1,40.0
TXN005915,2026-07-03,1,55,2,60.0
TXN005915,2026-07-03,1,34,1,190.0
TXN005915,2026-07-03,1,8,2,168.0
TXN005917,2026-07-03,1,9,3,120.0
TXN005917,2026-07-03,1,16,2,240.0
TXN005918,2026-07-03,1,45,2,270.0
TXN005918,2026-07-03,1,25,1,280.0
TXN005918,2026-07-03,1,53,2,80.0
TXN005920,2026-07-03,2,4,1,140.0
TXN005920,2026-07-03,2,2,2,70.0
TXN005920,2026-07-03,2,16,1,120.0
TXN005920,2026-07-03,2,18,2,40.0
TXN005921,2026-07-03,2,57,1,90.0
TXN005922,2026-07-03,2,2,2,70.0
TXN005922,2026-07-03,2,53,1,40.0
TXN005922,2026-07-03,2,51,1,180.0
TXN005923,2026-07-03,2,57,1,90.0
TXN005924,2026-07-03,2,14,1,80.0
TXN005924,2026-07-03,2,8,2,168.0
TXN005925,2026-07-03,2,41,1,90.0
TXN005926,2026-07-03,2,41,1,90.0
TXN005927,2026-07-03,2,2,1,35.0
TXN005927,2026-07-03,2,25,1,280.0
TXN005928,2026-07-03,2,42,1,620.0
TXN005928,2026-07-03,2,38,1,210.0
TXN005928,2026-07-03,2,4,2,280.0
TXN005929,2026-07-03,2,11,1,35.0
TXN005929,2026-07-03,2,56,1,120.0
TXN005930,2026-07-03,2,48,1,24.0
TXN005930,2026-07-03,2,49,1,85.0
TXN005931,2026-07-03,2,43,1,240.0
TXN005931,2026-07-03,2,9,2,80.0
TXN005931,2026-07-03,2,21,1,310.0
TXN005932,2026-07-03,2,43,1,240.0
TXN005933,2026-07-03,2,48,1,24.0
TXN005933,2026-07-03,2,10,1,45.0
TXN005933,2026-07-03,2,27,1,40.0
TXN005934,2026-07-03,2,14,2,160.0
TXN005934,2026-07-03,2,29,1,95.0
TXN005935,2026-07-03,2,10,1,45.0
TXN005935,2026-07-03,2,9,2,80.0
TXN005936,2026-07-03,2,12,1,90.0
TXN005936,2026-07-03,2,52,1,50.0
TXN005937,2026-07-03,2,15,1,110.0
TXN005937,2026-07-03,2,53,1,40.0
TXN005938,2026-07-03,2,33,1,85.0
TXN005939,2026-07-03,2,3,1,115.0
TXN005940,2026-07-03,2,57,1,90.0
TXN005940,2026-07-03,2,58,1,25.0
TXN005940,2026-07-03,2,41,1,90.0
TXN005940,2026-07-03,2,53,1,40.0
TXN005941,2026-07-03,2,23,1,25.0
TXN005941,2026-07-03,2,12,2,180.0
TXN005942,2026-07-03,2,32,1,120.0
TXN005942,2026-07-03,2,17,2,90.0
TXN005942,2026-07-03,2,19,1,110.0
TXN005943,2026-07-03,2,28,1,75.0
TXN005943,2026-07-03,2,52,1,50.0
TXN005944,2026-07-03,2,56,1,120.0
TXN005944,2026-07-03,2,33,1,85.0
TXN005944,2026-07-03,2,60,1,40.0
TXN005944,2026-07-03,2,9,3,120.0
TXN005944,2026-07-03,2,25,1,280.0
TXN005945,2026-07-03,2,24,1,50.0
TXN005945,2026-07-03,2,14,1,80.0
TXN005946,2026-07-03,2,42,1,620.0
TXN005947,2026-07-03,3,2,1,35.0
TXN005947,2026-07-03,3,30,1,40.0
TXN005948,2026-07-03,3,39,2,280.0
TXN005948,2026-07-03,3,28,1,75.0
TXN005949,2026-07-03,3,55,1,30.0
TXN005949,2026-07-03,3,53,1,40.0
TXN005949,2026-07-03,3,10,2,90.0
TXN005949,2026-07-03,3,54,1,35.0
TXN005950,2026-07-03,3,9,2,80.0
TXN005950,2026-07-03,3,43,1,240.0
TXN005950,2026-07-03,3,58,1,25.0
TXN005951,2026-07-03,3,4,1,140.0
TXN005951,2026-07-03,3,14,1,80.0
TXN005951,2026-07-03,3,9,3,120.0
TXN005952,2026-07-03,3,41,1,90.0
TXN005953,2026-07-03,3,10,1,45.0
TXN005953,2026-07-03,3,60,1,40.0
TXN005953,2026-07-03,3,16,1,120.0
TXN005954,2026-07-03,3,22,1,30.0
TXN005954,2026-07-03,3,60,1,40.0
TXN005954,2026-07-03,3,52,2,100.0
TXN005955,2026-07-03,3,30,1,40.0
TXN005955,2026-07-03,3,47,1,165.0
TXN005956,2026-07-03,3,47,1,165.0
TXN005956,2026-07-03,3,32,1,120.0
TXN005959,2026-07-03,3,11,1,35.0
TXN005960,2026-07-03,3,56,1,120.0
TXN005961,2026-07-03,3,7,1,130.0
TXN005961,2026-07-03,3,27,1,40.0
TXN005961,2026-07-03,3,59,1,35.0
TXN005962,2026-07-03,3,43,2,480.0
TXN005962,2026-07-03,3,24,1,50.0
TXN005962,2026-07-03,3,7,1,130.0
TXN005963,2026-07-03,3,2,1,35.0
TXN005964,2026-07-03,3,1,2,128.0
TXN005964,2026-07-03,3,9,1,40.0
TXN005964,2026-07-03,3,46,1,48.0
TXN005965,2026-07-03,3,50,1,260.0
TXN005965,2026-07-03,3,42,1,620.0
TXN005965,2026-07-03,3,19,1,110.0
TXN005966,2026-07-03,3,9,2,80.0
TXN005966,2026-07-03,3,29,1,95.0
TXN005966,2026-07-03,3,50,1,260.0
TXN005967,2026-07-03,3,14,1,80.0
TXN005967,2026-07-03,3,45,2,270.0
TXN005967,2026-07-03,3,17,2,90.0
TXN005968,2026-07-04,1,14,1,80.0
TXN005968,2026-07-04,1,39,1,140.0
TXN005968,2026-07-04,1,27,2,80.0
TXN005969,2026-07-04,1,9,3,120.0
TXN005970,2026-07-04,1,1,3,192.0
TXN005970,2026-07-04,1,32,2,240.0
TXN005970,2026-07-04,1,29,2,190.0
TXN005970,2026-07-04,1,49,1,85.0
TXN005971,2026-07-04,1,25,1,280.0
TXN005971,2026-07-04,1,57,2,180.0
TXN005971,2026-07-04,1,43,2,480.0
TXN005971,2026-07-04,1,51,3,540.0
TXN005972,2026-07-04,1,58,1,25.0
TXN005972,2026-07-04,1,23,3,75.0
TXN005972,2026-07-04,1,31,1,175.0
TXN005973,2026-07-04,1,36,2,210.0
TXN005974,2026-07-04,1,30,1,40.0
TXN005974,2026-07-04,1,15,1,110.0
TXN005974,2026-07-04,1,2,1,35.0
TXN005974,2026-07-04,1,43,1,240.0
TXN005974,2026-07-04,1,52,2,100.0
TXN005975,2026-07-04,1,30,2,80.0
TXN005975,2026-07-04,1,29,1,95.0
TXN005976,2026-07-04,1,9,2,80.0
TXN005977,2026-07-04,1,6,1,30.0
TXN005977,2026-07-04,1,48,2,48.0
TXN005978,2026-07-04,1,45,2,270.0
TXN005979,2026-07-04,1,39,1,140.0
TXN005979,2026-07-04,1,41,1,90.0
TXN005979,2026-07-04,1,54,2,70.0
TXN005980,2026-07-04,1,1,3,192.0
TXN005981,2026-07-04,1,31,1,175.0
TXN005981,2026-07-04,1,10,1,45.0
TXN005981,2026-07-04,1,12,2,180.0
TXN005981,2026-07-04,1,2,2,70.0
TXN005982,2026-07-04,1,38,1,210.0
TXN005982,2026-07-04,1,55,1,30.0
TXN005982,2026-07-04,1,49,1,85.0
TXN005982,2026-07-04,1,18,1,20.0
TXN005982,2026-07-04,1,23,2,50.0
TXN005983,2026-07-04,1,9,3,120.0
TXN005984,2026-07-04,1,52,2,100.0
TXN005984,2026-07-04,1,40,1,65.0
TXN005985,2026-07-04,1,23,1,25.0
TXN005985,2026-07-04,1,8,2,168.0
TXN005985,2026-07-04,1,30,2,80.0
TXN005985,2026-07-04,1,24,1,50.0
TXN005986,2026-07-04,1,35,1,145.0
TXN005986,2026-07-04,1,4,1,140.0
TXN005986,2026-07-04,1,51,2,360.0
TXN005986,2026-07-04,1,28,1,75.0
TXN005987,2026-07-04,1,51,2,360.0
TXN005987,2026-07-04,1,47,3,495.0
TXN005989,2026-07-04,1,32,2,240.0
TXN005989,2026-07-04,1,42,2,1240.0
TXN005989,2026-07-04,1,23,1,25.0
TXN005990,2026-07-04,1,22,2,60.0
TXN005990,2026-07-04,1,1,3,192.0
TXN005991,2026-07-04,1,27,2,80.0
TXN005991,2026-07-04,1,19,1,110.0
TXN005992,2026-07-04,1,7,2,260.0
TXN005992,2026-07-04,1,35,2,290.0
TXN005992,2026-07-04,1,59,1,35.0
TXN005993,2026-07-04,1,42,2,1240.0
TXN005993,2026-07-04,1,36,2,210.0
TXN005995,2026-07-04,1,59,2,70.0
TXN005995,2026-07-04,1,26,1,450.0
TXN005995,2026-07-04,1,10,2,90.0
TXN005996,2026-07-04,1,60,1,40.0
TXN005997,2026-07-04,1,58,1,25.0
TXN005997,2026-07-04,1,19,2,220.0
TXN005997,2026-07-04,1,7,1,130.0
TXN005997,2026-07-04,1,28,1,75.0
TXN005997,2026-07-04,1,51,1,180.0
TXN005998,2026-07-04,1,3,1,115.0
TXN005998,2026-07-04,1,29,1,95.0
TXN005998,2026-07-04,1,36,2,210.0
TXN005999,2026-07-04,1,48,2,48.0
TXN005999,2026-07-04,1,54,3,105.0
TXN005999,2026-07-04,1,45,2,270.0
TXN006000,2026-07-04,1,6,1,30.0
TXN006000,2026-07-04,1,4,1,140.0
TXN006000,2026-07-04,1,26,1,450.0
TXN006001,2026-07-04,1,33,1,85.0
TXN006002,2026-07-04,1,29,2,190.0
TXN006002,2026-07-04,1,35,1,145.0
TXN006002,2026-07-04,1,40,1,65.0
TXN006002,2026-07-04,1,58,1,25.0
TXN006002,2026-07-04,1,21,1,310.0
TXN006003,2026-07-04,1,14,1,80.0
TXN006003,2026-07-04,1,54,1,35.0
TXN006003,2026-07-04,1,8,1,84.0
TXN006003,2026-07-04,1,28,1,75.0
TXN006004,2026-07-04,1,60,2,80.0
TXN006004,2026-07-04,1,29,1,95.0
TXN006005,2026-07-04,1,19,1,110.0
TXN006007,2026-07-04,1,25,2,560.0
TXN006007,2026-07-04,1,23,2,50.0
TXN006008,2026-07-04,1,24,1,50.0
TXN006008,2026-07-04,1,51,2,360.0
TXN006009,2026-07-04,2,43,2,480.0
TXN006009,2026-07-04,2,47,2,330.0
TXN006010,2026-07-04,2,50,2,520.0
TXN006010,2026-07-04,2,32,2,240.0
TXN006010,2026-07-04,2,8,1,84.0
TXN006011,2026-07-04,2,10,1,45.0
TXN006012,2026-07-04,2,1,2,128.0
TXN006012,2026-07-04,2,2,1,35.0
TXN006013,2026-07-04,2,56,1,120.0
TXN006013,2026-07-04,2,23,1,25.0
TXN006013,2026-07-04,2,51,2,360.0
TXN006015,2026-07-04,2,57,2,180.0
TXN006016,2026-07-04,2,32,1,120.0
TXN006016,2026-07-04,2,52,1,50.0
TXN006017,2026-07-04,2,2,1,35.0
TXN006017,2026-07-04,2,13,1,60.0
TXN006018,2026-07-04,2,53,1,40.0
TXN006019,2026-07-04,2,33,1,85.0
TXN006020,2026-07-04,2,18,2,40.0
TXN006020,2026-07-04,2,40,1,65.0
TXN006020,2026-07-04,2,57,1,90.0
TXN006021,2026-07-04,2,3,1,115.0
TXN006021,2026-07-04,2,28,1,75.0
TXN006021,2026-07-04,2,2,2,70.0
TXN006022,2026-07-04,2,56,1,120.0
TXN006023,2026-07-04,2,47,1,165.0
TXN006023,2026-07-04,2,6,1,30.0
TXN006024,2026-07-04,2,25,2,560.0
TXN006024,2026-07-04,2,36,1,105.0
TXN006025,2026-07-04,2,33,1,85.0
TXN006025,2026-07-04,2,59,1,35.0
TXN006025,2026-07-04,2,45,2,270.0
TXN006026,2026-07-04,2,46,2,96.0
TXN006026,2026-07-04,2,32,2,240.0
TXN006026,2026-07-04,2,20,1,220.0
TXN006027,2026-07-04,2,54,1,35.0
TXN006027,2026-07-04,2,33,1,85.0
TXN006028,2026-07-04,2,5,2,190.0
TXN006028,2026-07-04,2,18,1,20.0
TXN006028,2026-07-04,2,11,1,35.0
TXN006029,2026-07-04,2,17,3,135.0
TXN006030,2026-07-04,2,33,2,170.0
TXN006030,2026-07-04,2,12,1,90.0
TXN006030,2026-07-04,2,27,1,40.0
TXN006030,2026-07-04,2,14,1,80.0
TXN006032,2026-07-04,2,58,1,25.0
TXN006032,2026-07-04,2,54,2,70.0
TXN006032,2026-07-04,2,53,2,80.0
TXN006032,2026-07-04,2,59,1,35.0
TXN006032,2026-07-04,2,11,1,35.0
TXN006033,2026-07-04,2,43,1,240.0
TXN006033,2026-07-04,2,45,2,270.0
TXN006034,2026-07-04,2,17,2,90.0
TXN006034,2026-07-04,2,50,2,520.0
TXN006034,2026-07-04,2,23,2,50.0
TXN006034,2026-07-04,2,27,2,80.0
TXN006035,2026-07-04,2,8,1,84.0
TXN006035,2026-07-04,2,47,1,165.0
TXN006035,2026-07-04,2,30,2,80.0
TXN006036,2026-07-04,2,54,1,35.0
TXN006036,2026-07-04,2,37,1,160.0
TXN006036,2026-07-04,2,6,2,60.0
TXN006037,2026-07-04,2,42,2,1240.0
TXN006037,2026-07-04,2,59,1,35.0
TXN006038,2026-07-04,2,28,1,75.0
TXN006038,2026-07-04,2,25,1,280.0
TXN006039,2026-07-04,2,23,1,25.0
TXN006039,2026-07-04,2,9,2,80.0
TXN006039,2026-07-04,2,1,2,128.0
TXN006039,2026-07-04,2,43,1,240.0
TXN006040,2026-07-04,3,32,2,240.0
TXN006042,2026-07-04,3,36,1,105.0
TXN006042,2026-07-04,3,33,2,170.0
TXN006042,2026-07-04,3,32,1,120.0
TXN006042,2026-07-04,3,10,1,45.0
TXN006042,2026-07-04,3,30,2,80.0
TXN006043,2026-07-04,3,45,2,270.0
TXN006043,2026-07-04,3,3,1,115.0
TXN006043,2026-07-04,3,27,1,40.0
TXN006044,2026-07-04,3,51,1,180.0
TXN006044,2026-07-04,3,15,2,220.0
TXN006044,2026-07-04,3,42,2,1240.0
TXN006045,2026-07-04,3,27,1,40.0
TXN006046,2026-07-04,3,11,1,35.0
TXN006046,2026-07-04,3,52,1,50.0
TXN006049,2026-07-04,3,53,2,80.0
TXN006050,2026-07-04,3,52,1,50.0
TXN006051,2026-07-04,3,17,2,90.0
TXN006051,2026-07-04,3,43,2,480.0
TXN006051,2026-07-04,3,2,1,35.0
TXN006051,2026-07-04,3,23,2,50.0
TXN006052,2026-07-04,3,23,1,25.0
TXN006052,2026-07-04,3,10,1,45.0
TXN006052,2026-07-04,3,37,1,160.0
TXN006053,2026-07-04,3,30,2,80.0
TXN006053,2026-07-04,3,17,2,90.0
TXN006054,2026-07-04,3,35,1,145.0
TXN006055,2026-07-04,3,28,1,75.0
TXN006055,2026-07-04,3,40,2,130.0
TXN006055,2026-07-04,3,57,1,90.0
TXN006056,2026-07-04,3,46,1,48.0
TXN006056,2026-07-04,3,37,1,160.0
TXN006056,2026-07-04,3,57,1,90.0
TXN006057,2026-07-04,3,21,1,310.0
TXN006057,2026-07-04,3,44,1,580.0
TXN006058,2026-07-04,3,48,2,48.0
TXN006058,2026-07-04,3,8,1,84.0
TXN006058,2026-07-04,3,50,1,260.0
TXN006058,2026-07-04,3,53,1,40.0
TXN006059,2026-07-04,3,27,2,80.0
TXN006059,2026-07-04,3,46,2,96.0
TXN006059,2026-07-04,3,11,2,70.0
TXN006060,2026-07-04,3,9,2,80.0
TXN006061,2026-07-04,3,57,1,90.0
TXN006061,2026-07-04,3,4,2,280.0
TXN006061,2026-07-04,3,6,3,90.0
TXN006061,2026-07-04,3,53,2,80.0
TXN006061,2026-07-04,3,1,1,64.0
TXN006062,2026-07-04,3,39,1,140.0
TXN006063,2026-07-04,3,55,2,60.0
TXN006063,2026-07-04,3,48,2,48.0
TXN006064,2026-07-04,3,59,2,70.0
TXN006065,2026-07-04,3,8,2,168.0
TXN006065,2026-07-04,3,50,1,260.0
TXN006066,2026-07-04,3,37,1,160.0
TXN006067,2026-07-04,3,58,1,25.0
TXN006067,2026-07-04,3,23,1,25.0
TXN006068,2026-07-04,3,27,3,120.0
TXN006068,2026-07-04,3,45,1,135.0
TXN006068,2026-07-04,3,12,1,90.0
TXN006069,2026-07-04,3,27,1,40.0
TXN006069,2026-07-04,3,14,1,80.0
TXN006070,2026-07-05,1,34,1,190.0
TXN006071,2026-07-05,1,47,1,165.0
TXN006071,2026-07-05,1,9,3,120.0
TXN006072,2026-07-05,1,6,1,30.0
TXN006072,2026-07-05,1,18,1,20.0
TXN006072,2026-07-05,1,1,4,256.0
TXN006072,2026-07-05,1,16,1,120.0
TXN006072,2026-07-05,1,4,1,140.0
TXN006073,2026-07-05,1,58,1,25.0
TXN006073,2026-07-05,1,11,1,35.0
TXN006073,2026-07-05,1,4,1,140.0
TXN006074,2026-07-05,1,13,1,60.0
TXN006074,2026-07-05,1,49,1,85.0
TXN006074,2026-07-05,1,23,3,75.0
TXN006075,2026-07-05,1,14,1,80.0
TXN006075,2026-07-05,1,48,1,24.0
TXN006075,2026-07-05,1,56,1,120.0
TXN006075,2026-07-05,1,16,1,120.0
TXN006076,2026-07-05,1,51,2,360.0
TXN006076,2026-07-05,1,30,2,80.0
TXN006076,2026-07-05,1,2,2,70.0
TXN006076,2026-07-05,1,9,3,120.0
TXN006076,2026-07-05,1,17,3,135.0
TXN006077,2026-07-05,1,7,2,260.0
TXN006077,2026-07-05,1,43,2,480.0
TXN006077,2026-07-05,1,36,3,315.0
TXN006077,2026-07-05,1,12,1,90.0
TXN006079,2026-07-05,1,32,2,240.0
TXN006080,2026-07-05,1,5,1,95.0
TXN006080,2026-07-05,1,29,1,95.0
TXN006080,2026-07-05,1,9,3,120.0
TXN006080,2026-07-05,1,23,1,25.0
TXN006081,2026-07-05,1,19,1,110.0
TXN006082,2026-07-05,1,7,1,130.0
TXN006082,2026-07-05,1,12,1,90.0
TXN006082,2026-07-05,1,59,1,35.0
TXN006082,2026-07-05,1,25,1,280.0
TXN006083,2026-07-05,1,50,1,260.0
TXN006084,2026-07-05,1,18,2,40.0
TXN006084,2026-07-05,1,30,1,40.0
TXN006084,2026-07-05,1,46,3,144.0
TXN006084,2026-07-05,1,4,2,280.0
TXN006085,2026-07-05,1,41,2,180.0
TXN006085,2026-07-05,1,16,1,120.0
TXN006086,2026-07-05,1,40,1,65.0
TXN006086,2026-07-05,1,55,3,90.0
TXN006086,2026-07-05,1,48,2,48.0
TXN006086,2026-07-05,1,35,1,145.0
TXN006087,2026-07-05,1,52,2,100.0
TXN006087,2026-07-05,1,29,2,190.0
TXN006088,2026-07-05,1,54,2,70.0
TXN006089,2026-07-05,1,39,1,140.0
TXN006089,2026-07-05,1,56,1,120.0
TXN006090,2026-07-05,1,59,2,70.0
TXN006090,2026-07-05,1,8,3,252.0
TXN006090,2026-07-05,1,45,2,270.0
TXN006090,2026-07-05,1,39,2,280.0
TXN006091,2026-07-05,1,21,2,620.0
TXN006091,2026-07-05,1,30,1,40.0
TXN006091,2026-07-05,1,43,2,480.0
TXN006092,2026-07-05,1,27,2,80.0
TXN006093,2026-07-05,1,12,2,180.0
TXN006094,2026-07-05,1,39,2,280.0
TXN006094,2026-07-05,1,6,2,60.0
TXN006094,2026-07-05,1,3,1,115.0
TXN006095,2026-07-05,1,26,1,450.0
TXN006095,2026-07-05,1,18,2,40.0
TXN006096,2026-07-05,1,53,2,80.0
TXN006097,2026-07-05,1,38,1,210.0
TXN006097,2026-07-05,1,6,2,60.0
TXN006097,2026-07-05,1,17,2,90.0
TXN006097,2026-07-05,1,10,2,90.0
TXN006098,2026-07-05,1,11,1,35.0
TXN006098,2026-07-05,1,59,1,35.0
TXN006099,2026-07-05,1,16,1,120.0
TXN006099,2026-07-05,1,21,2,620.0
TXN006099,2026-07-05,1,11,1,35.0
TXN006099,2026-07-05,1,30,3,120.0
TXN006100,2026-07-05,1,21,1,310.0
TXN006100,2026-07-05,1,43,1,240.0
TXN006100,2026-07-05,1,7,2,260.0
TXN006100,2026-07-05,1,4,1,140.0
TXN006101,2026-07-05,1,38,1,210.0
TXN006102,2026-07-05,1,43,1,240.0
TXN006103,2026-07-05,1,22,2,60.0
TXN006103,2026-07-05,1,33,1,85.0
TXN006104,2026-07-05,1,29,2,190.0
TXN006104,2026-07-05,1,57,2,180.0
TXN006104,2026-07-05,1,22,1,30.0
TXN006105,2026-07-05,1,43,2,480.0
TXN006105,2026-07-05,1,20,1,220.0
TXN006105,2026-07-05,1,30,2,80.0
TXN006105,2026-07-05,1,42,2,1240.0
TXN006105,2026-07-05,1,2,2,70.0
TXN006106,2026-07-05,1,53,2,80.0
TXN006106,2026-07-05,1,25,1,280.0
TXN006107,2026-07-05,1,55,3,90.0
TXN006107,2026-07-05,1,19,1,110.0
TXN006108,2026-07-05,1,8,1,84.0
TXN006108,2026-07-05,1,30,1,40.0
TXN006108,2026-07-05,1,21,1,310.0
TXN006109,2026-07-05,1,53,2,80.0
TXN006110,2026-07-05,1,26,1,450.0
TXN006110,2026-07-05,1,25,1,280.0
TXN006111,2026-07-05,1,27,2,80.0
TXN006111,2026-07-05,1,51,2,360.0
TXN006111,2026-07-05,1,1,2,128.0
TXN006111,2026-07-05,1,3,1,115.0
TXN006112,2026-07-05,1,10,1,45.0
TXN006112,2026-07-05,1,12,2,180.0
TXN006113,2026-07-05,1,6,1,30.0
TXN006113,2026-07-05,1,1,3,192.0
TXN006114,2026-07-05,1,21,1,310.0
TXN006114,2026-07-05,1,6,2,60.0
TXN006115,2026-07-05,1,41,1,90.0
TXN006115,2026-07-05,1,24,2,100.0
TXN006116,2026-07-05,1,32,1,120.0
TXN006116,2026-07-05,1,26,1,450.0
TXN006117,2026-07-05,1,14,1,80.0
TXN006117,2026-07-05,1,12,1,90.0
TXN006118,2026-07-05,1,51,2,360.0
TXN006118,2026-07-05,1,32,2,240.0
TXN006119,2026-07-05,1,8,2,168.0
TXN006119,2026-07-05,1,2,1,35.0
TXN006120,2026-07-05,1,58,1,25.0
TXN006121,2026-07-05,2,6,2,60.0
TXN006122,2026-07-05,2,37,1,160.0
TXN006122,2026-07-05,2,26,1,450.0
TXN006123,2026-07-05,2,52,1,50.0
TXN006123,2026-07-05,2,22,2,60.0
TXN006123,2026-07-05,2,39,2,280.0
TXN006123,2026-07-05,2,4,1,140.0
TXN006124,2026-07-05,2,32,2,240.0
TXN006124,2026-07-05,2,26,1,450.0
TXN006125,2026-07-05,2,10,1,45.0
TXN006126,2026-07-05,2,28,1,75.0
TXN006126,2026-07-05,2,60,1,40.0
TXN006127,2026-07-05,2,14,1,80.0
TXN006127,2026-07-05,2,27,2,80.0
TXN006128,2026-07-05,2,12,1,90.0
TXN006128,2026-07-05,2,22,2,60.0
TXN006128,2026-07-05,2,51,2,360.0
TXN006128,2026-07-05,2,41,1,90.0
TXN006128,2026-07-05,2,28,1,75.0
TXN006129,2026-07-05,2,14,1,80.0
TXN006129,2026-07-05,2,52,1,50.0
TXN006130,2026-07-05,2,48,2,48.0
TXN006130,2026-07-05,2,53,3,120.0
TXN006131,2026-07-05,2,53,3,120.0
TXN006131,2026-07-05,2,46,1,48.0
TXN006131,2026-07-05,2,39,1,140.0
TXN006131,2026-07-05,2,11,1,35.0
TXN006132,2026-07-05,2,17,2,90.0
TXN006132,2026-07-05,2,41,2,180.0
TXN006133,2026-07-05,2,27,1,40.0
TXN006133,2026-07-05,2,26,1,450.0
TXN006133,2026-07-05,2,7,2,260.0
TXN006133,2026-07-05,2,3,1,115.0
TXN006134,2026-07-05,2,25,2,560.0
TXN006134,2026-07-05,2,56,2,240.0
TXN006135,2026-07-05,2,40,1,65.0
TXN006135,2026-07-05,2,11,2,70.0
TXN006135,2026-07-05,2,18,1,20.0
TXN006135,2026-07-05,2,17,2,90.0
TXN006136,2026-07-05,2,6,1,30.0
TXN006136,2026-07-05,2,34,1,190.0
TXN006137,2026-07-05,2,15,2,220.0
TXN006137,2026-07-05,2,45,1,135.0
TXN006137,2026-07-05,2,42,1,620.0
TXN006137,2026-07-05,2,16,1,120.0
TXN006138,2026-07-05,2,48,1,24.0
TXN006138,2026-07-05,2,18,1,20.0
TXN006138,2026-07-05,2,31,1,175.0
TXN006138,2026-07-05,2,27,1,40.0
TXN006139,2026-07-05,2,39,2,280.0
TXN006139,2026-07-05,2,51,1,180.0
TXN006139,2026-07-05,2,16,2,240.0
TXN006139,2026-07-05,2,41,1,90.0
TXN006140,2026-07-05,2,11,1,35.0
TXN006140,2026-07-05,2,60,1,40.0
TXN006141,2026-07-05,2,7,1,130.0
TXN006141,2026-07-05,2,33,1,85.0
TXN006142,2026-07-05,2,41,1,90.0
TXN006143,2026-07-05,2,10,2,90.0
TXN006143,2026-07-05,2,14,1,80.0
TXN006143,2026-07-05,2,5,1,95.0
TXN006144,2026-07-05,2,49,1,85.0
TXN006144,2026-07-05,2,44,1,580.0
TXN006144,2026-07-05,2,14,1,80.0
TXN006145,2026-07-05,2,3,1,115.0
TXN006145,2026-07-05,2,16,1,120.0
TXN006145,2026-07-05,2,8,1,84.0
TXN006146,2026-07-05,2,12,1,90.0
TXN006147,2026-07-05,2,23,1,25.0
TXN006147,2026-07-05,2,39,1,140.0
TXN006147,2026-07-05,2,2,1,35.0
TXN006147,2026-07-05,2,55,1,30.0
TXN006148,2026-07-05,2,1,4,256.0
TXN006149,2026-07-05,2,45,2,270.0
TXN006150,2026-07-05,2,30,2,80.0
TXN006151,2026-07-05,2,56,1,120.0
TXN006151,2026-07-05,2,22,2,60.0
TXN006151,2026-07-05,2,54,2,70.0
TXN006152,2026-07-05,2,17,2,90.0
TXN006152,2026-07-05,2,14,2,160.0
TXN006152,2026-07-05,2,51,2,360.0
TXN006153,2026-07-05,2,28,1,75.0
TXN006153,2026-07-05,2,40,2,130.0
TXN006153,2026-07-05,2,8,3,252.0
TXN006154,2026-07-05,2,58,1,25.0
TXN006155,2026-07-05,2,9,2,80.0
TXN006156,2026-07-05,2,10,2,90.0
TXN006156,2026-07-05,2,35,1,145.0
TXN006156,2026-07-05,2,12,1,90.0
TXN006156,2026-07-05,2,58,1,25.0
TXN006157,2026-07-05,2,1,3,192.0
TXN006157,2026-07-05,2,56,1,120.0
TXN006157,2026-07-05,2,60,1,40.0
TXN006157,2026-07-05,2,47,1,165.0
TXN006158,2026-07-05,2,43,1,240.0
TXN006158,2026-07-05,2,1,2,128.0
TXN006158,2026-07-05,2,2,1,35.0
TXN006159,2026-07-05,2,17,3,135.0
TXN006159,2026-07-05,2,45,2,270.0
TXN006160,2026-07-05,2,12,1,90.0
TXN006160,2026-07-05,2,46,2,96.0
TXN006160,2026-07-05,2,29,1,95.0
TXN006161,2026-07-05,2,6,1,30.0
TXN006161,2026-07-05,2,15,2,220.0
TXN006162,2026-07-05,2,23,2,50.0
TXN006162,2026-07-05,2,47,2,330.0
TXN006162,2026-07-05,2,11,1,35.0
TXN006163,2026-07-05,2,48,2,48.0
TXN006164,2026-07-05,3,33,1,85.0
TXN006164,2026-07-05,3,8,2,168.0
TXN006165,2026-07-05,3,48,2,48.0
TXN006165,2026-07-05,3,9,2,80.0
TXN006165,2026-07-05,3,39,1,140.0
TXN006165,2026-07-05,3,1,3,192.0
TXN006166,2026-07-05,3,11,1,35.0
TXN006166,2026-07-05,3,28,1,75.0
TXN006168,2026-07-05,3,14,1,80.0
TXN006168,2026-07-05,3,42,3,1860.0
TXN006168,2026-07-05,3,55,1,30.0
TXN006169,2026-07-05,3,24,1,50.0
TXN006170,2026-07-05,3,18,1,20.0
TXN006170,2026-07-05,3,50,1,260.0
TXN006170,2026-07-05,3,5,1,95.0
TXN006170,2026-07-05,3,4,1,140.0
TXN006170,2026-07-05,3,43,1,240.0
TXN006171,2026-07-05,3,21,1,310.0
TXN006172,2026-07-05,3,33,1,85.0
TXN006172,2026-07-05,3,17,2,90.0
TXN006172,2026-07-05,3,28,1,75.0
TXN006172,2026-07-05,3,29,1,95.0
TXN006173,2026-07-05,3,2,1,35.0
TXN006173,2026-07-05,3,42,1,620.0
TXN006174,2026-07-05,3,54,1,35.0
TXN006174,2026-07-05,3,22,1,30.0
TXN006175,2026-07-05,3,32,2,240.0
TXN006176,2026-07-05,3,29,1,95.0
TXN006176,2026-07-05,3,11,1,35.0
TXN006177,2026-07-05,3,47,2,330.0
TXN006177,2026-07-05,3,9,3,120.0
TXN006178,2026-07-05,3,9,2,80.0
TXN006178,2026-07-05,3,1,2,128.0
TXN006179,2026-07-05,3,5,1,95.0
TXN006179,2026-07-05,3,53,1,40.0
TXN006180,2026-07-05,3,55,1,30.0
TXN006180,2026-07-05,3,25,1,280.0
TXN006181,2026-07-05,3,39,1,140.0
TXN006181,2026-07-05,3,3,1,115.0
TXN006181,2026-07-05,3,24,2,100.0
TXN006181,2026-07-05,3,2,1,35.0
TXN006182,2026-07-05,3,47,1,165.0
TXN006182,2026-07-05,3,6,1,30.0
TXN006183,2026-07-05,3,59,1,35.0
TXN006183,2026-07-05,3,33,1,85.0
TXN006184,2026-07-05,3,54,1,35.0
TXN006184,2026-07-05,3,4,1,140.0
TXN006186,2026-07-05,3,8,3,252.0
TXN006186,2026-07-05,3,37,1,160.0
TXN006186,2026-07-05,3,4,1,140.0
TXN006186,2026-07-05,3,59,1,35.0
TXN006186,2026-07-05,3,7,1,130.0
TXN006187,2026-07-05,3,45,2,270.0
TXN006187,2026-07-05,3,30,1,40.0
TXN006188,2026-07-05,3,48,2,48.0
TXN006188,2026-07-05,3,2,1,35.0
TXN006188,2026-07-05,3,7,1,130.0
TXN006188,2026-07-05,3,31,1,175.0
TXN006189,2026-07-05,3,22,2,60.0
TXN006189,2026-07-05,3,60,1,40.0
TXN006190,2026-07-05,3,43,1,240.0
TXN006191,2026-07-06,1,29,1,95.0
TXN006192,2026-07-06,1,29,1,95.0
TXN006192,2026-07-06,1,30,1,40.0
TXN006193,2026-07-06,1,47,2,330.0
TXN006193,2026-07-06,1,10,2,90.0
TXN006194,2026-07-06,1,42,1,620.0
TXN006194,2026-07-06,1,45,1,135.0
TXN006194,2026-07-06,1,12,1,90.0
TXN006194,2026-07-06,1,18,1,20.0
TXN006195,2026-07-06,1,11,1,35.0
TXN006195,2026-07-06,1,40,1,65.0
TXN006195,2026-07-06,1,39,1,140.0
TXN006195,2026-07-06,1,57,1,90.0
TXN006197,2026-07-06,1,2,1,35.0
TXN006197,2026-07-06,1,53,1,40.0
TXN006198,2026-07-06,1,52,2,100.0
TXN006198,2026-07-06,1,20,1,220.0
TXN006198,2026-07-06,1,50,2,520.0
TXN006198,2026-07-06,1,25,2,560.0
TXN006199,2026-07-06,1,36,1,105.0
TXN006199,2026-07-06,1,15,2,220.0
TXN006199,2026-07-06,1,21,1,310.0
TXN006199,2026-07-06,1,47,2,330.0
TXN006199,2026-07-06,1,49,2,170.0
TXN006200,2026-07-06,1,43,2,480.0
TXN006200,2026-07-06,1,30,1,40.0
TXN006200,2026-07-06,1,26,1,450.0
TXN006201,2026-07-06,1,54,2,70.0
TXN006202,2026-07-06,1,41,1,90.0
TXN006202,2026-07-06,1,11,1,35.0
TXN006202,2026-07-06,1,4,1,140.0
TXN006202,2026-07-06,1,55,2,60.0
TXN006203,2026-07-06,1,17,2,90.0
TXN006204,2026-07-06,1,26,1,450.0
TXN006204,2026-07-06,1,45,1,135.0
TXN006205,2026-07-06,1,52,1,50.0
TXN006206,2026-07-06,1,24,1,50.0
TXN006207,2026-07-06,1,24,2,100.0
TXN006207,2026-07-06,1,52,2,100.0
TXN006207,2026-07-06,1,46,1,48.0
TXN006208,2026-07-06,1,19,1,110.0
TXN006208,2026-07-06,1,60,1,40.0
TXN006209,2026-07-06,1,22,1,30.0
TXN006209,2026-07-06,1,17,4,180.0
TXN006209,2026-07-06,1,37,1,160.0
TXN006210,2026-07-06,1,41,1,90.0
TXN006211,2026-07-06,1,46,1,48.0
TXN006211,2026-07-06,1,20,1,220.0
TXN006211,2026-07-06,1,12,2,180.0
TXN006211,2026-07-06,1,55,2,60.0
TXN006212,2026-07-06,1,40,2,130.0
TXN006212,2026-07-06,1,8,3,252.0
TXN006213,2026-07-06,1,32,1,120.0
TXN006213,2026-07-06,1,42,1,620.0
TXN006214,2026-07-06,1,39,1,140.0
TXN006214,2026-07-06,1,57,1,90.0
TXN006214,2026-07-06,1,33,2,170.0
TXN006214,2026-07-06,1,29,1,95.0
TXN006214,2026-07-06,1,12,2,180.0
TXN006215,2026-07-06,1,40,1,65.0
TXN006215,2026-07-06,1,34,1,190.0
TXN006215,2026-07-06,1,32,1,120.0
TXN006215,2026-07-06,1,24,1,50.0
TXN006216,2026-07-06,1,52,2,100.0
TXN006216,2026-07-06,1,8,2,168.0
TXN006216,2026-07-06,1,17,3,135.0
TXN006217,2026-07-06,1,31,1,175.0
TXN006217,2026-07-06,1,57,1,90.0
TXN006217,2026-07-06,1,37,1,160.0
TXN006218,2026-07-06,1,53,1,40.0
TXN006218,2026-07-06,1,57,1,90.0
TXN006218,2026-07-06,1,36,3,315.0
TXN006218,2026-07-06,1,11,1,35.0
TXN006219,2026-07-06,1,6,1,30.0
TXN006219,2026-07-06,1,9,3,120.0
TXN006219,2026-07-06,1,17,2,90.0
TXN006220,2026-07-06,1,11,2,70.0
TXN006220,2026-07-06,1,20,1,220.0
TXN006220,2026-07-06,1,14,1,80.0
TXN006220,2026-07-06,1,48,2,48.0
TXN006221,2026-07-06,1,27,2,80.0
TXN006221,2026-07-06,1,48,2,48.0
TXN006221,2026-07-06,1,25,1,280.0
TXN006222,2026-07-06,1,41,1,90.0
TXN006222,2026-07-06,1,27,1,40.0
TXN006222,2026-07-06,1,16,2,240.0
TXN006222,2026-07-06,1,48,1,24.0
TXN006222,2026-07-06,1,29,2,190.0
TXN006223,2026-07-06,1,39,1,140.0
TXN006223,2026-07-06,1,45,1,135.0
TXN006223,2026-07-06,1,41,1,90.0
TXN006223,2026-07-06,1,3,2,230.0
TXN006224,2026-07-06,1,6,2,60.0
TXN006224,2026-07-06,1,23,2,50.0
TXN006224,2026-07-06,1,1,3,192.0
TXN006225,2026-07-06,1,47,1,165.0
TXN006225,2026-07-06,1,13,1,60.0
TXN006226,2026-07-06,1,49,2,170.0
TXN006226,2026-07-06,1,4,1,140.0
TXN006227,2026-07-06,1,27,1,40.0
TXN006227,2026-07-06,1,51,1,180.0
TXN006227,2026-07-06,1,33,1,85.0
TXN006227,2026-07-06,1,15,2,220.0
TXN006228,2026-07-06,1,17,2,90.0
TXN006229,2026-07-06,1,24,1,50.0
TXN006230,2026-07-06,1,40,1,65.0
TXN006230,2026-07-06,1,53,2,80.0
TXN006231,2026-07-06,1,42,2,1240.0
TXN006232,2026-07-06,1,9,3,120.0
TXN006232,2026-07-06,1,17,3,135.0
TXN006233,2026-07-06,1,16,1,120.0
TXN006233,2026-07-06,1,46,2,96.0
TXN006234,2026-07-06,2,11,1,35.0
TXN006235,2026-07-06,2,46,1,48.0
TXN006235,2026-07-06,2,56,1,120.0
TXN006235,2026-07-06,2,39,1,140.0
TXN006235,2026-07-06,2,18,1,20.0
TXN006235,2026-07-06,2,30,1,40.0
TXN006236,2026-07-06,2,45,1,135.0
TXN006236,2026-07-06,2,49,1,85.0
TXN006236,2026-07-06,2,33,1,85.0
TXN006237,2026-07-06,2,43,1,240.0
TXN006237,2026-07-06,2,53,1,40.0
TXN006237,2026-07-06,2,42,2,1240.0
TXN006239,2026-07-06,2,47,1,165.0
TXN006239,2026-07-06,2,44,1,580.0
TXN006239,2026-07-06,2,35,1,145.0
TXN006240,2026-07-06,2,4,1,140.0
TXN006241,2026-07-06,2,52,1,50.0
TXN006241,2026-07-06,2,28,1,75.0
TXN006241,2026-07-06,2,48,1,24.0
TXN006242,2026-07-06,2,25,1,280.0
TXN006243,2026-07-06,2,2,2,70.0
TXN006243,2026-07-06,2,32,1,120.0
TXN006243,2026-07-06,2,21,1,310.0
TXN006244,2026-07-06,2,9,2,80.0
TXN006244,2026-07-06,2,25,1,280.0
TXN006244,2026-07-06,2,11,1,35.0
TXN006245,2026-07-06,2,34,1,190.0
TXN006246,2026-07-06,2,55,1,30.0
TXN006246,2026-07-06,2,18,1,20.0
TXN006247,2026-07-06,2,23,1,25.0
TXN006247,2026-07-06,2,51,1,180.0
TXN006247,2026-07-06,2,39,1,140.0
TXN006247,2026-07-06,2,15,2,220.0
TXN006248,2026-07-06,2,50,1,260.0
TXN006249,2026-07-06,2,53,1,40.0
TXN006250,2026-07-06,2,47,1,165.0
TXN006250,2026-07-06,2,27,1,40.0
TXN006251,2026-07-06,2,32,2,240.0
TXN006252,2026-07-06,2,47,1,165.0
TXN006252,2026-07-06,2,59,1,35.0
TXN006252,2026-07-06,2,48,2,48.0
TXN006253,2026-07-06,2,54,2,70.0
TXN006253,2026-07-06,2,27,1,40.0
TXN006253,2026-07-06,2,30,2,80.0
TXN006253,2026-07-06,2,51,2,360.0
TXN006254,2026-07-06,2,50,1,260.0
TXN006254,2026-07-06,2,11,1,35.0
TXN006254,2026-07-06,2,55,1,30.0
TXN006255,2026-07-06,2,49,1,85.0
TXN006255,2026-07-06,2,55,2,60.0
TXN006256,2026-07-06,2,17,1,45.0
TXN006256,2026-07-06,2,56,1,120.0
TXN006257,2026-07-06,2,22,2,60.0
TXN006257,2026-07-06,2,18,1,20.0
TXN006257,2026-07-06,2,3,1,115.0
TXN006257,2026-07-06,2,29,2,190.0
TXN006257,2026-07-06,2,1,2,128.0
TXN006258,2026-07-06,2,9,2,80.0
TXN006259,2026-07-06,2,31,1,175.0
TXN006259,2026-07-06,2,57,1,90.0
TXN006261,2026-07-06,3,11,1,35.0
TXN006262,2026-07-06,3,48,1,24.0
TXN006262,2026-07-06,3,11,1,35.0
TXN006262,2026-07-06,3,2,1,35.0
TXN006262,2026-07-06,3,18,1,20.0
TXN006263,2026-07-06,3,14,1,80.0
TXN006263,2026-07-06,3,17,2,90.0
TXN006264,2026-07-06,3,39,1,140.0
TXN006264,2026-07-06,3,32,1,120.0
TXN006264,2026-07-06,3,13,1,60.0
TXN006265,2026-07-06,3,33,1,85.0
TXN006266,2026-07-06,3,5,1,95.0
TXN006266,2026-07-06,3,6,1,30.0
TXN006266,2026-07-06,3,52,1,50.0
TXN006266,2026-07-06,3,57,2,180.0
TXN006267,2026-07-06,3,4,1,140.0
TXN006267,2026-07-06,3,33,1,85.0
TXN006269,2026-07-06,3,27,1,40.0
TXN006269,2026-07-06,3,42,1,620.0
TXN006271,2026-07-06,3,15,1,110.0
TXN006272,2026-07-06,3,47,2,330.0
TXN006274,2026-07-06,3,32,2,240.0
TXN006274,2026-07-06,3,60,1,40.0
TXN006274,2026-07-06,3,27,1,40.0
TXN006275,2026-07-06,3,22,1,30.0
TXN006275,2026-07-06,3,49,1,85.0
TXN006275,2026-07-06,3,30,1,40.0
TXN006276,2026-07-06,3,17,3,135.0
TXN006276,2026-07-06,3,58,1,25.0
TXN006277,2026-07-06,3,52,1,50.0
TXN006277,2026-07-06,3,56,1,120.0
TXN006278,2026-07-06,3,7,2,260.0
TXN006279,2026-07-06,3,9,1,40.0
TXN006280,2026-07-06,3,24,1,50.0
TXN006280,2026-07-06,3,14,1,80.0
TXN006281,2026-07-06,3,13,1,60.0
TXN006284,2026-07-06,3,22,1,30.0
TXN006284,2026-07-06,3,48,1,24.0
TXN006284,2026-07-06,3,51,2,360.0
TXN006284,2026-07-06,3,2,1,35.0
TXN006285,2026-07-06,3,19,1,110.0
TXN006285,2026-07-06,3,46,2,96.0
TXN006285,2026-07-06,3,7,1,130.0
TXN006286,2026-07-06,3,53,2,80.0
TXN006286,2026-07-06,3,33,2,170.0
TXN006287,2026-07-06,3,36,1,105.0
TXN006287,2026-07-06,3,48,2,48.0
TXN006288,2026-07-06,3,4,1,140.0
TXN006288,2026-07-06,3,12,1,90.0
TXN006289,2026-07-06,3,59,1,35.0
TXN006289,2026-07-06,3,11,1,35.0
TXN006289,2026-07-06,3,23,1,25.0
TXN006290,2026-07-06,3,40,1,65.0
TXN006290,2026-07-06,3,30,1,40.0
TXN006290,2026-07-06,3,8,1,84.0
TXN006291,2026-07-06,3,58,1,25.0
TXN006291,2026-07-06,3,43,1,240.0
TXN006292,2026-07-07,1,47,1,165.0
TXN006293,2026-07-07,1,43,2,480.0
TXN006293,2026-07-07,1,19,1,110.0
TXN006293,2026-07-07,1,20,1,220.0
TXN006293,2026-07-07,1,28,1,75.0
TXN006294,2026-07-07,1,1,3,192.0
TXN006294,2026-07-07,1,2,2,70.0
TXN006294,2026-07-07,1,17,4,180.0
TXN006294,2026-07-07,1,5,1,95.0
TXN006294,2026-07-07,1,24,1,50.0
TXN006295,2026-07-07,1,22,2,60.0
TXN006295,2026-07-07,1,17,2,90.0
TXN006296,2026-07-07,1,23,1,25.0
TXN006296,2026-07-07,1,49,2,170.0
TXN006296,2026-07-07,1,3,2,230.0
TXN006296,2026-07-07,1,8,2,168.0
TXN006297,2026-07-07,1,28,1,75.0
TXN006297,2026-07-07,1,32,2,240.0
TXN006298,2026-07-07,1,58,1,25.0
TXN006298,2026-07-07,1,3,1,115.0
TXN006298,2026-07-07,1,48,3,72.0
TXN006299,2026-07-07,1,43,1,240.0
TXN006299,2026-07-07,1,30,1,40.0
TXN006300,2026-07-07,1,16,1,120.0
TXN006300,2026-07-07,1,18,2,40.0
TXN006300,2026-07-07,1,45,2,270.0
TXN006300,2026-07-07,1,55,2,60.0
TXN006301,2026-07-07,1,1,2,128.0
TXN006301,2026-07-07,1,48,2,48.0
TXN006301,2026-07-07,1,32,1,120.0
TXN006302,2026-07-07,1,23,1,25.0
TXN006303,2026-07-07,1,46,1,48.0
TXN006303,2026-07-07,1,33,1,85.0
TXN006304,2026-07-07,1,9,2,80.0
TXN006305,2026-07-07,1,33,2,170.0
TXN006305,2026-07-07,1,22,1,30.0
TXN006306,2026-07-07,1,59,1,35.0
TXN006306,2026-07-07,1,57,1,90.0
TXN006306,2026-07-07,1,26,1,450.0
TXN006307,2026-07-07,1,24,1,50.0
TXN006307,2026-07-07,1,54,1,35.0
TXN006307,2026-07-07,1,27,1,40.0
TXN006308,2026-07-07,1,58,1,25.0
TXN006308,2026-07-07,1,3,1,115.0
TXN006308,2026-07-07,1,16,1,120.0
TXN006309,2026-07-07,1,22,1,30.0
TXN006310,2026-07-07,1,45,1,135.0
TXN006311,2026-07-07,1,8,2,168.0
TXN006311,2026-07-07,1,56,1,120.0
TXN006311,2026-07-07,1,5,1,95.0
TXN006312,2026-07-07,1,17,2,90.0
TXN006312,2026-07-07,1,59,1,35.0
TXN006313,2026-07-07,1,24,1,50.0
TXN006313,2026-07-07,1,26,1,450.0
TXN006314,2026-07-07,1,42,1,620.0
TXN006314,2026-07-07,1,46,1,48.0
TXN006315,2026-07-07,1,36,2,210.0
TXN006315,2026-07-07,1,54,1,35.0
TXN006316,2026-07-07,1,36,1,105.0
TXN006318,2026-07-07,1,23,2,50.0
TXN006319,2026-07-07,1,46,2,96.0
TXN006319,2026-07-07,1,25,1,280.0
TXN006320,2026-07-07,1,12,1,90.0
TXN006320,2026-07-07,1,49,2,170.0
TXN006321,2026-07-07,1,28,1,75.0
TXN006322,2026-07-07,1,9,3,120.0
TXN006323,2026-07-07,1,19,1,110.0
TXN006323,2026-07-07,1,59,1,35.0
TXN006324,2026-07-07,2,6,1,30.0
TXN006324,2026-07-07,2,53,2,80.0
TXN006324,2026-07-07,2,33,2,170.0
TXN006324,2026-07-07,2,56,1,120.0
TXN006325,2026-07-07,2,15,2,220.0
TXN006325,2026-07-07,2,52,1,50.0
TXN006325,2026-07-07,2,25,1,280.0
TXN006326,2026-07-07,2,23,1,25.0
TXN006327,2026-07-07,2,32,1,120.0
TXN006327,2026-07-07,2,24,1,50.0
TXN006328,2026-07-07,2,39,1,140.0
TXN006329,2026-07-07,2,52,1,50.0
TXN006330,2026-07-07,2,14,1,80.0
TXN006331,2026-07-07,2,31,1,175.0
TXN006331,2026-07-07,2,14,1,80.0
TXN006332,2026-07-07,2,46,1,48.0
TXN006332,2026-07-07,2,29,1,95.0
TXN006333,2026-07-07,2,51,2,360.0
TXN006333,2026-07-07,2,22,1,30.0
TXN006334,2026-07-07,2,33,1,85.0
TXN006334,2026-07-07,2,45,2,270.0
TXN006334,2026-07-07,2,49,1,85.0
TXN006334,2026-07-07,2,1,2,128.0
TXN006335,2026-07-07,2,55,1,30.0
TXN006335,2026-07-07,2,53,1,40.0
TXN006335,2026-07-07,2,46,1,48.0
TXN006336,2026-07-07,2,36,2,210.0
TXN006337,2026-07-07,2,13,2,120.0
TXN006337,2026-07-07,2,42,1,620.0
TXN006338,2026-07-07,2,33,1,85.0
TXN006338,2026-07-07,2,49,1,85.0
TXN006339,2026-07-07,2,2,1,35.0
TXN006339,2026-07-07,2,52,1,50.0
TXN006339,2026-07-07,2,14,1,80.0
TXN006340,2026-07-07,2,12,1,90.0
TXN006340,2026-07-07,2,33,1,85.0
TXN006340,2026-07-07,2,5,1,95.0
TXN006340,2026-07-07,2,42,2,1240.0
TXN006341,2026-07-07,2,1,2,128.0
TXN006341,2026-07-07,2,13,1,60.0
TXN006342,2026-07-07,2,46,3,144.0
TXN006342,2026-07-07,2,12,1,90.0
TXN006342,2026-07-07,2,39,1,140.0
TXN006343,2026-07-07,2,43,2,480.0
TXN006343,2026-07-07,2,48,2,48.0
TXN006344,2026-07-07,2,48,2,48.0
TXN006344,2026-07-07,2,22,1,30.0
TXN006344,2026-07-07,2,9,1,40.0
TXN006345,2026-07-07,2,27,2,80.0
TXN006345,2026-07-07,2,29,2,190.0
TXN006345,2026-07-07,2,54,2,70.0
TXN006346,2026-07-07,2,4,1,140.0
TXN006347,2026-07-07,2,30,2,80.0
TXN006348,2026-07-07,2,9,2,80.0
TXN006349,2026-07-07,2,19,1,110.0
TXN006349,2026-07-07,2,55,1,30.0
TXN006350,2026-07-07,2,39,1,140.0
TXN006350,2026-07-07,2,23,1,25.0
TXN006350,2026-07-07,2,11,2,70.0
TXN006352,2026-07-07,3,30,1,40.0
TXN006352,2026-07-07,3,29,1,95.0
TXN006353,2026-07-07,3,6,2,60.0
TXN006353,2026-07-07,3,27,1,40.0
TXN006353,2026-07-07,3,55,2,60.0
TXN006354,2026-07-07,3,9,3,120.0
TXN006354,2026-07-07,3,46,1,48.0
TXN006356,2026-07-07,3,46,1,48.0
TXN006356,2026-07-07,3,60,1,40.0
TXN006358,2026-07-07,3,43,1,240.0
TXN006358,2026-07-07,3,55,1,30.0
TXN006359,2026-07-07,3,54,2,70.0
TXN006359,2026-07-07,3,52,2,100.0
TXN006359,2026-07-07,3,27,2,80.0
TXN006360,2026-07-07,3,55,2,60.0
TXN006360,2026-07-07,3,22,2,60.0
TXN006361,2026-07-07,3,45,1,135.0
TXN006362,2026-07-07,3,23,1,25.0
TXN006362,2026-07-07,3,47,1,165.0
TXN006363,2026-07-07,3,45,2,270.0
TXN006363,2026-07-07,3,48,2,48.0
TXN006363,2026-07-07,3,51,1,180.0
TXN006363,2026-07-07,3,49,1,85.0
TXN006364,2026-07-07,3,60,1,40.0
TXN006365,2026-07-07,3,10,2,90.0
TXN006366,2026-07-07,3,27,1,40.0
TXN006366,2026-07-07,3,25,1,280.0
TXN006366,2026-07-07,3,7,1,130.0
TXN006367,2026-07-07,3,32,2,240.0
TXN006367,2026-07-07,3,35,1,145.0
TXN006367,2026-07-07,3,3,1,115.0
TXN006367,2026-07-07,3,60,1,40.0
TXN006367,2026-07-07,3,29,1,95.0
TXN006368,2026-07-07,3,36,2,210.0
TXN006368,2026-07-07,3,7,1,130.0
TXN006369,2026-07-07,3,40,1,65.0
TXN006369,2026-07-07,3,28,1,75.0
TXN006369,2026-07-07,3,26,1,450.0
TXN006369,2026-07-07,3,55,2,60.0
TXN006369,2026-07-07,3,31,1,175.0
TXN006370,2026-07-07,3,33,1,85.0
TXN006370,2026-07-07,3,58,1,25.0
TXN006373,2026-07-07,3,43,1,240.0
TXN006373,2026-07-07,3,21,1,310.0
TXN006374,2026-07-07,3,17,2,90.0
TXN006375,2026-07-08,1,1,4,256.0
TXN006375,2026-07-08,1,48,2,48.0
TXN006375,2026-07-08,1,18,1,20.0
TXN006377,2026-07-08,1,35,2,290.0
TXN006377,2026-07-08,1,8,2,168.0
TXN006377,2026-07-08,1,4,1,140.0
TXN006377,2026-07-08,1,55,3,90.0
TXN006378,2026-07-08,1,28,1,75.0
TXN006378,2026-07-08,1,54,1,35.0
TXN006379,2026-07-08,1,32,1,120.0
TXN006379,2026-07-08,1,50,2,520.0
TXN006380,2026-07-08,1,21,1,310.0
TXN006380,2026-07-08,1,1,2,128.0
TXN006382,2026-07-08,1,5,2,190.0
TXN006383,2026-07-08,1,29,1,95.0
TXN006384,2026-07-08,1,33,1,85.0
TXN006385,2026-07-08,1,41,1,90.0
TXN006386,2026-07-08,1,16,1,120.0
TXN006386,2026-07-08,1,55,1,30.0
TXN006387,2026-07-08,1,36,1,105.0
TXN006389,2026-07-08,1,25,1,280.0
TXN006389,2026-07-08,1,32,2,240.0
TXN006389,2026-07-08,1,5,1,95.0
TXN006389,2026-07-08,1,34,1,190.0
TXN006389,2026-07-08,1,15,1,110.0
TXN006390,2026-07-08,1,41,2,180.0
TXN006390,2026-07-08,1,17,3,135.0
TXN006390,2026-07-08,1,42,2,1240.0
TXN006390,2026-07-08,1,51,3,540.0
TXN006390,2026-07-08,1,46,2,96.0
TXN006391,2026-07-08,1,42,1,620.0
TXN006391,2026-07-08,1,13,1,60.0
TXN006391,2026-07-08,1,49,1,85.0
TXN006391,2026-07-08,1,23,1,25.0
TXN006393,2026-07-08,1,48,1,24.0
TXN006393,2026-07-08,1,53,1,40.0
TXN006393,2026-07-08,1,38,1,210.0
TXN006393,2026-07-08,1,47,1,165.0
TXN006394,2026-07-08,1,30,2,80.0
TXN006394,2026-07-08,1,25,1,280.0
TXN006394,2026-07-08,1,55,2,60.0
TXN006395,2026-07-08,1,21,1,310.0
TXN006395,2026-07-08,1,54,2,70.0
TXN006395,2026-07-08,1,5,1,95.0
TXN006396,2026-07-08,1,53,1,40.0
TXN006396,2026-07-08,1,36,2,210.0
TXN006396,2026-07-08,1,14,1,80.0
TXN006396,2026-07-08,1,35,1,145.0
TXN006397,2026-07-08,1,13,1,60.0
TXN006397,2026-07-08,1,27,1,40.0
TXN006397,2026-07-08,1,16,1,120.0
TXN006397,2026-07-08,1,45,2,270.0
TXN006399,2026-07-08,1,31,1,175.0
TXN006400,2026-07-08,1,36,2,210.0
TXN006400,2026-07-08,1,6,2,60.0
TXN006400,2026-07-08,1,21,1,310.0
TXN006401,2026-07-08,1,5,1,95.0
TXN006402,2026-07-08,1,22,1,30.0
TXN006403,2026-07-08,1,54,2,70.0
TXN006403,2026-07-08,1,29,2,190.0
TXN006403,2026-07-08,1,32,2,240.0
TXN006404,2026-07-08,1,9,3,120.0
TXN006404,2026-07-08,1,49,2,170.0
TXN006405,2026-07-08,1,21,2,620.0
TXN006405,2026-07-08,1,52,1,50.0
TXN006405,2026-07-08,1,29,2,190.0
TXN006405,2026-07-08,1,18,1,20.0
TXN006407,2026-07-08,1,31,1,175.0
TXN006407,2026-07-08,1,8,2,168.0
TXN006407,2026-07-08,1,39,1,140.0
TXN006408,2026-07-08,1,25,1,280.0
TXN006409,2026-07-08,1,13,2,120.0
TXN006410,2026-07-08,1,37,1,160.0
TXN006410,2026-07-08,1,54,1,35.0
TXN006410,2026-07-08,1,27,1,40.0
TXN006411,2026-07-08,1,29,1,95.0
TXN006411,2026-07-08,1,23,1,25.0
TXN006412,2026-07-08,1,52,1,50.0
TXN006413,2026-07-08,1,55,2,60.0
TXN006413,2026-07-08,1,9,1,40.0
TXN006413,2026-07-08,1,47,1,165.0
TXN006415,2026-07-08,2,53,2,80.0
TXN006416,2026-07-08,2,58,1,25.0
TXN006416,2026-07-08,2,16,1,120.0
TXN006416,2026-07-08,2,51,1,180.0
TXN006416,2026-07-08,2,15,1,110.0
TXN006417,2026-07-08,2,32,2,240.0
TXN006417,2026-07-08,2,3,1,115.0
TXN006417,2026-07-08,2,42,2,1240.0
TXN006417,2026-07-08,2,24,2,100.0
TXN006419,2026-07-08,2,13,1,60.0
TXN006419,2026-07-08,2,48,1,24.0
TXN006419,2026-07-08,2,14,1,80.0
TXN006419,2026-07-08,2,5,1,95.0
TXN006420,2026-07-08,2,28,1,75.0
TXN006420,2026-07-08,2,4,1,140.0
TXN006420,2026-07-08,2,16,1,120.0
TXN006420,2026-07-08,2,41,1,90.0
TXN006421,2026-07-08,2,50,1,260.0
TXN006422,2026-07-08,2,24,1,50.0
TXN006422,2026-07-08,2,9,2,80.0
TXN006422,2026-07-08,2,18,2,40.0
TXN006422,2026-07-08,2,50,2,520.0
TXN006423,2026-07-08,2,31,1,175.0
TXN006423,2026-07-08,2,55,1,30.0
TXN006424,2026-07-08,2,35,1,145.0
TXN006424,2026-07-08,2,1,2,128.0
TXN006425,2026-07-08,2,18,1,20.0
TXN006426,2026-07-08,2,43,1,240.0
TXN006426,2026-07-08,2,48,1,24.0
TXN006427,2026-07-08,2,41,1,90.0
TXN006427,2026-07-08,2,60,1,40.0
TXN006428,2026-07-08,2,41,1,90.0
TXN006429,2026-07-08,2,36,2,210.0
TXN006429,2026-07-08,2,49,1,85.0
TXN006430,2026-07-08,2,7,1,130.0
TXN006430,2026-07-08,2,37,1,160.0
TXN006431,2026-07-08,2,45,1,135.0
TXN006432,2026-07-08,2,56,1,120.0
TXN006433,2026-07-08,2,16,2,240.0
TXN006434,2026-07-08,2,18,1,20.0
TXN006434,2026-07-08,2,54,1,35.0
TXN006435,2026-07-08,2,58,1,25.0
TXN006435,2026-07-08,2,34,1,190.0
TXN006435,2026-07-08,2,57,1,90.0
TXN006435,2026-07-08,2,60,1,40.0
TXN006436,2026-07-08,2,2,1,35.0
TXN006437,2026-07-08,2,28,1,75.0
TXN006438,2026-07-08,2,1,2,128.0
TXN006438,2026-07-08,2,38,1,210.0
TXN006438,2026-07-08,2,53,2,80.0
TXN006439,2026-07-08,2,42,1,620.0
TXN006439,2026-07-08,2,9,3,120.0
TXN006439,2026-07-08,2,6,2,60.0
TXN006440,2026-07-08,2,55,2,60.0
TXN006441,2026-07-08,2,19,1,110.0
TXN006441,2026-07-08,2,14,1,80.0
TXN006442,2026-07-08,2,12,1,90.0
TXN006442,2026-07-08,2,2,1,35.0
TXN006442,2026-07-08,2,11,1,35.0
TXN006443,2026-07-08,2,30,1,40.0
TXN006443,2026-07-08,2,60,1,40.0
TXN006444,2026-07-08,2,16,1,120.0
TXN006444,2026-07-08,2,2,1,35.0
TXN006444,2026-07-08,2,55,1,30.0
TXN006445,2026-07-08,2,58,2,50.0
TXN006445,2026-07-08,2,10,1,45.0
TXN006445,2026-07-08,2,33,1,85.0
TXN006446,2026-07-08,2,4,1,140.0
TXN006446,2026-07-08,2,53,1,40.0
TXN006446,2026-07-08,2,52,1,50.0
TXN006446,2026-07-08,2,19,1,110.0
TXN006447,2026-07-08,2,17,3,135.0
TXN006447,2026-07-08,2,55,1,30.0
TXN006448,2026-07-08,2,15,1,110.0
TXN006449,2026-07-08,2,4,1,140.0
TXN006450,2026-07-08,3,50,1,260.0
TXN006450,2026-07-08,3,25,2,560.0
TXN006450,2026-07-08,3,28,1,75.0
TXN006451,2026-07-08,3,54,1,35.0
TXN006451,2026-07-08,3,21,1,310.0
TXN006452,2026-07-08,3,59,1,35.0
TXN006452,2026-07-08,3,60,1,40.0
TXN006452,2026-07-08,3,55,1,30.0
TXN006453,2026-07-08,3,41,1,90.0
TXN006454,2026-07-08,3,34,1,190.0
TXN006454,2026-07-08,3,6,1,30.0
TXN006455,2026-07-08,3,48,2,48.0
TXN006455,2026-07-08,3,43,1,240.0
TXN006455,2026-07-08,3,51,1,180.0
TXN006456,2026-07-08,3,29,2,190.0
TXN006457,2026-07-08,3,40,1,65.0
TXN006457,2026-07-08,3,43,1,240.0
TXN006458,2026-07-08,3,53,3,120.0
TXN006458,2026-07-08,3,9,1,40.0
TXN006459,2026-07-08,3,21,1,310.0
TXN006460,2026-07-08,3,59,1,35.0
TXN006460,2026-07-08,3,5,1,95.0
TXN006461,2026-07-08,3,10,1,45.0
TXN006461,2026-07-08,3,58,1,25.0
TXN006462,2026-07-08,3,18,1,20.0
TXN006462,2026-07-08,3,48,1,24.0
TXN006462,2026-07-08,3,17,2,90.0
TXN006464,2026-07-08,3,40,1,65.0
TXN006465,2026-07-08,3,23,1,25.0
TXN006467,2026-07-08,3,35,1,145.0
TXN006467,2026-07-08,3,22,2,60.0
TXN006468,2026-07-08,3,32,1,120.0
TXN006469,2026-07-08,3,21,1,310.0
TXN006469,2026-07-08,3,23,1,25.0
TXN006469,2026-07-08,3,17,3,135.0
TXN006469,2026-07-08,3,48,1,24.0
TXN006470,2026-07-08,3,49,1,85.0
TXN006471,2026-07-08,3,33,1,85.0
TXN006471,2026-07-08,3,43,1,240.0
TXN006473,2026-07-08,3,9,1,40.0
TXN006473,2026-07-08,3,8,1,84.0
TXN006473,2026-07-08,3,55,1,30.0
TXN006474,2026-07-08,3,8,1,84.0
TXN006475,2026-07-08,3,28,1,75.0
TXN006475,2026-07-08,3,11,1,35.0
TXN006475,2026-07-08,3,22,1,30.0
TXN006475,2026-07-08,3,55,1,30.0
TXN006476,2026-07-08,3,5,1,95.0
TXN006476,2026-07-08,3,15,1,110.0
TXN006476,2026-07-08,3,57,1,90.0
TXN006476,2026-07-08,3,39,2,280.0
TXN006476,2026-07-08,3,19,1,110.0
TXN006477,2026-07-08,3,32,1,120.0
TXN006477,2026-07-08,3,17,1,45.0
TXN006478,2026-07-08,3,36,1,105.0
TXN006479,2026-07-08,3,49,1,85.0
TXN006480,2026-07-08,3,42,1,620.0
TXN006481,2026-07-09,1,54,2,70.0
TXN006481,2026-07-09,1,47,1,165.0
TXN006482,2026-07-09,1,2,1,35.0
TXN006482,2026-07-09,1,27,1,40.0
TXN006483,2026-07-09,1,38,1,210.0
TXN006483,2026-07-09,1,42,2,1240.0
TXN006484,2026-07-09,1,52,2,100.0
TXN006484,2026-07-09,1,2,1,35.0
TXN006484,2026-07-09,1,22,1,30.0
TXN006485,2026-07-09,1,43,2,480.0
TXN006485,2026-07-09,1,7,2,260.0
TXN006485,2026-07-09,1,22,1,30.0
TXN006486,2026-07-09,1,30,1,40.0
TXN006486,2026-07-09,1,32,2,240.0
TXN006487,2026-07-09,1,31,1,175.0
TXN006488,2026-07-09,1,31,1,175.0
TXN006488,2026-07-09,1,37,1,160.0
TXN006488,2026-07-09,1,45,2,270.0
TXN006489,2026-07-09,1,55,2,60.0
TXN006489,2026-07-09,1,46,2,96.0
TXN006489,2026-07-09,1,1,3,192.0
TXN006491,2026-07-09,1,60,1,40.0
TXN006492,2026-07-09,1,9,3,120.0
TXN006492,2026-07-09,1,15,1,110.0
TXN006493,2026-07-09,1,17,2,90.0
TXN006493,2026-07-09,1,7,1,130.0
TXN006493,2026-07-09,1,10,1,45.0
TXN006493,2026-07-09,1,1,3,192.0
TXN006494,2026-07-09,1,33,2,170.0
TXN006494,2026-07-09,1,41,2,180.0
TXN006495,2026-07-09,1,51,1,180.0
TXN006496,2026-07-09,1,1,1,64.0
TXN006496,2026-07-09,1,20,1,220.0
TXN006497,2026-07-09,1,9,2,80.0
TXN006498,2026-07-09,1,31,1,175.0
TXN006498,2026-07-09,1,29,2,190.0
TXN006498,2026-07-09,1,24,1,50.0
TXN006499,2026-07-09,1,36,1,105.0
TXN006499,2026-07-09,1,60,1,40.0
TXN006499,2026-07-09,1,4,2,280.0
TXN006500,2026-07-09,1,13,1,60.0
TXN006500,2026-07-09,1,26,1,450.0
TXN006500,2026-07-09,1,34,1,190.0
TXN006501,2026-07-09,1,16,2,240.0
TXN006501,2026-07-09,1,32,2,240.0
TXN006501,2026-07-09,1,25,1,280.0
TXN006502,2026-07-09,1,15,2,220.0
TXN006502,2026-07-09,1,49,1,85.0
TXN006502,2026-07-09,1,1,3,192.0
TXN006502,2026-07-09,1,14,1,80.0
TXN006503,2026-07-09,1,3,1,115.0
TXN006503,2026-07-09,1,42,2,1240.0
TXN006503,2026-07-09,1,35,2,290.0
TXN006504,2026-07-09,1,54,1,35.0
TXN006504,2026-07-09,1,30,1,40.0
TXN006504,2026-07-09,1,57,2,180.0
TXN006504,2026-07-09,1,16,2,240.0
TXN006505,2026-07-09,1,30,1,40.0
TXN006505,2026-07-09,1,22,1,30.0
TXN006505,2026-07-09,1,18,1,20.0
TXN006506,2026-07-09,1,55,1,30.0
TXN006506,2026-07-09,1,3,2,230.0
TXN006506,2026-07-09,1,18,2,40.0
TXN006507,2026-07-09,1,5,2,190.0
TXN006507,2026-07-09,1,39,1,140.0
TXN006508,2026-07-09,1,15,1,110.0
TXN006508,2026-07-09,1,40,1,65.0
TXN006508,2026-07-09,1,25,1,280.0
TXN006508,2026-07-09,1,7,2,260.0
TXN006509,2026-07-09,1,22,2,60.0
TXN006512,2026-07-09,1,46,1,48.0
TXN006513,2026-07-09,1,40,1,65.0
TXN006513,2026-07-09,1,41,1,90.0
TXN006514,2026-07-09,1,55,2,60.0
TXN006514,2026-07-09,1,11,1,35.0
TXN006515,2026-07-09,1,43,1,240.0
TXN006515,2026-07-09,1,30,1,40.0
TXN006515,2026-07-09,1,52,2,100.0
TXN006516,2026-07-09,1,21,1,310.0
TXN006516,2026-07-09,1,33,1,85.0
TXN006516,2026-07-09,1,30,1,40.0
TXN006516,2026-07-09,1,12,1,90.0
TXN006517,2026-07-09,1,55,2,60.0
TXN006517,2026-07-09,1,22,1,30.0
TXN006518,2026-07-09,1,10,1,45.0
TXN006519,2026-07-09,1,21,1,310.0
TXN006519,2026-07-09,1,52,2,100.0
TXN006519,2026-07-09,1,45,2,270.0
TXN006520,2026-07-09,2,55,2,60.0
TXN006520,2026-07-09,2,32,1,120.0
TXN006521,2026-07-09,2,24,1,50.0
TXN006521,2026-07-09,2,59,2,70.0
TXN006521,2026-07-09,2,42,1,620.0
TXN006522,2026-07-09,2,2,2,70.0
TXN006522,2026-07-09,2,41,1,90.0
TXN006523,2026-07-09,2,30,1,40.0
TXN006523,2026-07-09,2,46,2,96.0
TXN006524,2026-07-09,2,30,1,40.0
TXN006525,2026-07-09,2,2,2,70.0
TXN006525,2026-07-09,2,53,2,80.0
TXN006525,2026-07-09,2,8,1,84.0
TXN006526,2026-07-09,2,18,2,40.0
TXN006527,2026-07-09,2,1,2,128.0
TXN006527,2026-07-09,2,4,1,140.0
TXN006527,2026-07-09,2,48,1,24.0
TXN006528,2026-07-09,2,16,1,120.0
TXN006528,2026-07-09,2,50,1,260.0
TXN006529,2026-07-09,2,50,1,260.0
TXN006529,2026-07-09,2,29,1,95.0
TXN006530,2026-07-09,2,11,1,35.0
TXN006530,2026-07-09,2,12,1,90.0
TXN006531,2026-07-09,2,14,1,80.0
TXN006531,2026-07-09,2,48,2,48.0
TXN006532,2026-07-09,2,10,1,45.0
TXN006532,2026-07-09,2,58,1,25.0
TXN006532,2026-07-09,2,8,1,84.0
TXN006533,2026-07-09,2,27,1,40.0
TXN006533,2026-07-09,2,41,1,90.0
TXN006533,2026-07-09,2,53,1,40.0
TXN006534,2026-07-09,2,54,1,35.0
TXN006534,2026-07-09,2,36,1,105.0
TXN006534,2026-07-09,2,45,1,135.0
TXN006535,2026-07-09,2,54,1,35.0
TXN006536,2026-07-09,2,48,1,24.0
TXN006536,2026-07-09,2,45,1,135.0
TXN006536,2026-07-09,2,10,1,45.0
TXN006536,2026-07-09,2,42,2,1240.0
TXN006537,2026-07-09,2,8,1,84.0
TXN006537,2026-07-09,2,36,1,105.0
TXN006538,2026-07-09,2,45,1,135.0
TXN006538,2026-07-09,2,2,3,105.0
TXN006539,2026-07-09,2,23,1,25.0
TXN006539,2026-07-09,2,25,1,280.0
TXN006540,2026-07-09,2,8,2,168.0
TXN006540,2026-07-09,2,13,1,60.0
TXN006540,2026-07-09,2,58,1,25.0
TXN006542,2026-07-09,2,8,1,84.0
TXN006542,2026-07-09,2,10,1,45.0
TXN006542,2026-07-09,2,57,1,90.0
TXN006542,2026-07-09,2,29,1,95.0
TXN006543,2026-07-09,2,48,2,48.0
TXN006543,2026-07-09,2,1,4,256.0
TXN006544,2026-07-09,2,11,1,35.0
TXN006544,2026-07-09,2,37,1,160.0
TXN006544,2026-07-09,2,47,1,165.0
TXN006544,2026-07-09,2,39,1,140.0
TXN006545,2026-07-09,2,30,1,40.0
TXN006545,2026-07-09,2,9,2,80.0
TXN006546,2026-07-09,2,48,1,24.0
TXN006546,2026-07-09,2,23,2,50.0
TXN006547,2026-07-09,2,15,1,110.0
TXN006547,2026-07-09,2,5,1,95.0
TXN006548,2026-07-09,3,53,1,40.0
TXN006549,2026-07-09,3,25,2,560.0
TXN006549,2026-07-09,3,52,1,50.0
TXN006549,2026-07-09,3,30,1,40.0
TXN006550,2026-07-09,3,28,1,75.0
TXN006551,2026-07-09,3,21,1,310.0
TXN006552,2026-07-09,3,3,1,115.0
TXN006552,2026-07-09,3,43,1,240.0
TXN006552,2026-07-09,3,53,1,40.0
TXN006554,2026-07-09,3,56,1,120.0
TXN006555,2026-07-09,3,53,1,40.0
TXN006558,2026-07-09,3,37,1,160.0
TXN006558,2026-07-09,3,15,2,220.0
TXN006558,2026-07-09,3,22,2,60.0
TXN006559,2026-07-09,3,30,2,80.0
TXN006559,2026-07-09,3,36,1,105.0
TXN006560,2026-07-09,3,22,3,90.0
TXN006561,2026-07-09,3,15,1,110.0
TXN006562,2026-07-09,3,19,1,110.0
TXN006562,2026-07-09,3,23,1,25.0
TXN006562,2026-07-09,3,22,1,30.0
TXN006562,2026-07-09,3,54,1,35.0
TXN006563,2026-07-09,3,43,2,480.0
TXN006563,2026-07-09,3,24,1,50.0
TXN006563,2026-07-09,3,32,2,240.0
TXN006564,2026-07-09,3,36,2,210.0
TXN006565,2026-07-09,3,35,1,145.0
TXN006565,2026-07-09,3,32,1,120.0
TXN006565,2026-07-09,3,57,1,90.0
TXN006566,2026-07-09,3,45,1,135.0
TXN006566,2026-07-09,3,35,1,145.0
TXN006567,2026-07-09,3,56,1,120.0
TXN006568,2026-07-09,3,25,1,280.0
TXN006569,2026-07-09,3,6,1,30.0
TXN006570,2026-07-09,3,56,1,120.0
TXN006570,2026-07-09,3,29,1,95.0
TXN006571,2026-07-09,3,5,1,95.0
TXN006571,2026-07-09,3,54,1,35.0
TXN006572,2026-07-09,3,18,2,40.0
TXN006573,2026-07-09,3,42,1,620.0
TXN006574,2026-07-09,3,8,2,168.0
TXN006574,2026-07-09,3,13,1,60.0
TXN006575,2026-07-09,3,25,1,280.0
TXN006575,2026-07-09,3,5,2,190.0
TXN006576,2026-07-09,3,22,1,30.0
TXN006576,2026-07-09,3,16,1,120.0
TXN006576,2026-07-09,3,10,1,45.0
TXN006577,2026-07-09,3,3,1,115.0
TXN006577,2026-07-09,3,48,1,24.0
TXN006577,2026-07-09,3,33,1,85.0
TXN006579,2026-07-09,3,5,1,95.0
TXN006579,2026-07-09,3,40,1,65.0
TXN006579,2026-07-09,3,36,1,105.0
TXN006580,2026-07-10,1,29,2,190.0
TXN006580,2026-07-10,1,50,1,260.0
TXN006581,2026-07-10,1,52,2,100.0
TXN006582,2026-07-10,1,32,2,240.0
TXN006583,2026-07-10,1,16,2,240.0
TXN006583,2026-07-10,1,1,2,128.0
TXN006583,2026-07-10,1,47,1,165.0
TXN006583,2026-07-10,1,34,1,190.0
TXN006583,2026-07-10,1,55,1,30.0
TXN006584,2026-07-10,1,3,1,115.0
TXN006584,2026-07-10,1,35,1,145.0
TXN006584,2026-07-10,1,8,2,168.0
TXN006584,2026-07-10,1,18,1,20.0
TXN006584,2026-07-10,1,2,2,70.0
TXN006585,2026-07-10,1,45,2,270.0
TXN006587,2026-07-10,1,22,2,60.0
TXN006588,2026-07-10,1,52,1,50.0
TXN006588,2026-07-10,1,38,1,210.0
TXN006588,2026-07-10,1,3,1,115.0
TXN006588,2026-07-10,1,41,1,90.0
TXN006589,2026-07-10,1,7,1,130.0
TXN006590,2026-07-10,1,27,2,80.0
TXN006590,2026-07-10,1,2,2,70.0
TXN006590,2026-07-10,1,57,1,90.0
TXN006591,2026-07-10,1,59,1,35.0
TXN006591,2026-07-10,1,57,1,90.0
TXN006592,2026-07-10,1,54,1,35.0
TXN006592,2026-07-10,1,28,1,75.0
TXN006592,2026-07-10,1,50,1,260.0
TXN006592,2026-07-10,1,17,1,45.0
TXN006593,2026-07-10,1,37,1,160.0
TXN006593,2026-07-10,1,56,2,240.0
TXN006594,2026-07-10,1,40,1,65.0
TXN006594,2026-07-10,1,53,1,40.0
TXN006595,2026-07-10,1,58,1,25.0
TXN006595,2026-07-10,1,45,2,270.0
TXN006595,2026-07-10,1,47,2,330.0
TXN006595,2026-07-10,1,21,1,310.0
TXN006595,2026-07-10,1,39,1,140.0
TXN006596,2026-07-10,1,48,2,48.0
TXN006596,2026-07-10,1,24,1,50.0
TXN006597,2026-07-10,1,46,1,48.0
TXN006597,2026-07-10,1,8,2,168.0
TXN006598,2026-07-10,1,41,2,180.0
TXN006598,2026-07-10,1,7,1,130.0
TXN006598,2026-07-10,1,14,1,80.0
TXN006598,2026-07-10,1,2,1,35.0
TXN006598,2026-07-10,1,19,1,110.0
TXN006599,2026-07-10,1,42,2,1240.0
TXN006599,2026-07-10,1,7,2,260.0
TXN006600,2026-07-10,1,57,1,90.0
TXN006600,2026-07-10,1,13,3,180.0
TXN006600,2026-07-10,1,51,2,360.0
TXN006600,2026-07-10,1,9,4,160.0
TXN006601,2026-07-10,1,59,1,35.0
TXN006601,2026-07-10,1,32,2,240.0
TXN006601,2026-07-10,1,25,1,280.0
TXN006601,2026-07-10,1,17,3,135.0
TXN006601,2026-07-10,1,7,1,130.0
TXN006602,2026-07-10,1,24,1,50.0
TXN006602,2026-07-10,1,53,2,80.0
TXN006602,2026-07-10,1,54,1,35.0
TXN006602,2026-07-10,1,60,1,40.0
TXN006602,2026-07-10,1,50,1,260.0
TXN006603,2026-07-10,1,16,1,120.0
TXN006603,2026-07-10,1,57,1,90.0
TXN006604,2026-07-10,1,54,1,35.0
TXN006604,2026-07-10,1,10,1,45.0
TXN006605,2026-07-10,1,60,2,80.0
TXN006605,2026-07-10,1,33,1,85.0
TXN006605,2026-07-10,1,8,1,84.0
TXN006605,2026-07-10,1,38,1,210.0
TXN006605,2026-07-10,1,12,2,180.0
TXN006606,2026-07-10,1,27,1,40.0
TXN006606,2026-07-10,1,52,1,50.0
TXN006606,2026-07-10,1,10,1,45.0
TXN006606,2026-07-10,1,30,2,80.0
TXN006606,2026-07-10,1,28,1,75.0
TXN006607,2026-07-10,1,17,3,135.0
TXN006608,2026-07-10,1,46,2,96.0
TXN006608,2026-07-10,1,49,2,170.0
TXN006608,2026-07-10,1,23,1,25.0
TXN006608,2026-07-10,1,22,2,60.0
TXN006609,2026-07-10,1,11,2,70.0
TXN006610,2026-07-10,1,33,2,170.0
TXN006611,2026-07-10,1,6,2,60.0
TXN006611,2026-07-10,1,44,1,580.0
TXN006611,2026-07-10,1,2,1,35.0
TXN006611,2026-07-10,1,27,3,120.0
TXN006612,2026-07-10,1,9,2,80.0
TXN006613,2026-07-10,1,18,1,20.0
TXN006613,2026-07-10,1,30,2,80.0
TXN006613,2026-07-10,1,15,2,220.0
TXN006613,2026-07-10,1,50,2,520.0
TXN006614,2026-07-10,1,45,2,270.0
TXN006614,2026-07-10,1,16,2,240.0
TXN006614,2026-07-10,1,40,1,65.0
TXN006615,2026-07-10,1,53,2,80.0
TXN006616,2026-07-10,1,28,1,75.0
TXN006616,2026-07-10,1,54,1,35.0
TXN006616,2026-07-10,1,43,2,480.0
TXN006616,2026-07-10,1,48,1,24.0
TXN006617,2026-07-10,1,42,2,1240.0
TXN006617,2026-07-10,1,41,1,90.0
TXN006617,2026-07-10,1,9,2,80.0
TXN006618,2026-07-10,1,19,1,110.0
TXN006619,2026-07-10,2,48,1,24.0
TXN006619,2026-07-10,2,30,1,40.0
TXN006620,2026-07-10,2,51,1,180.0
TXN006621,2026-07-10,2,42,1,620.0
TXN006622,2026-07-10,2,51,1,180.0
TXN006622,2026-07-10,2,49,1,85.0
TXN006622,2026-07-10,2,23,2,50.0
TXN006623,2026-07-10,2,9,1,40.0
TXN006623,2026-07-10,2,21,1,310.0
TXN006624,2026-07-10,2,9,2,80.0
TXN006624,2026-07-10,2,17,1,45.0
TXN006624,2026-07-10,2,24,1,50.0
TXN006624,2026-07-10,2,57,1,90.0
TXN006624,2026-07-10,2,49,1,85.0
TXN006625,2026-07-10,2,29,3,285.0
TXN006625,2026-07-10,2,22,2,60.0
TXN006626,2026-07-10,2,34,1,190.0
TXN006626,2026-07-10,2,57,1,90.0
TXN006626,2026-07-10,2,23,1,25.0
TXN006626,2026-07-10,2,12,1,90.0
TXN006626,2026-07-10,2,6,1,30.0
TXN006627,2026-07-10,2,13,1,60.0
TXN006628,2026-07-10,2,56,2,240.0
TXN006628,2026-07-10,2,12,1,90.0
TXN006628,2026-07-10,2,51,2,360.0
TXN006629,2026-07-10,2,36,1,105.0
TXN006629,2026-07-10,2,24,1,50.0
TXN006629,2026-07-10,2,43,2,480.0
TXN006630,2026-07-10,2,44,1,580.0
TXN006631,2026-07-10,2,42,1,620.0
TXN006631,2026-07-10,2,41,2,180.0
TXN006632,2026-07-10,2,27,2,80.0
TXN006632,2026-07-10,2,6,1,30.0
TXN006633,2026-07-10,2,27,1,40.0
TXN006633,2026-07-10,2,48,1,24.0
TXN006635,2026-07-10,2,51,2,360.0
TXN006635,2026-07-10,2,46,1,48.0
TXN006636,2026-07-10,2,51,2,360.0
TXN006636,2026-07-10,2,9,3,120.0
TXN006637,2026-07-10,2,48,2,48.0
TXN006637,2026-07-10,2,29,1,95.0
TXN006637,2026-07-10,2,12,2,180.0
TXN006638,2026-07-10,2,6,1,30.0
TXN006639,2026-07-10,2,32,1,120.0
TXN006639,2026-07-10,2,28,1,75.0
TXN006639,2026-07-10,2,9,3,120.0
TXN006640,2026-07-10,2,50,2,520.0
TXN006641,2026-07-10,2,6,1,30.0
TXN006641,2026-07-10,2,36,1,105.0
TXN006641,2026-07-10,2,41,1,90.0
TXN006642,2026-07-10,2,2,1,35.0
TXN006643,2026-07-10,2,7,1,130.0
TXN006644,2026-07-10,2,43,1,240.0
TXN006644,2026-07-10,2,27,1,40.0
TXN006644,2026-07-10,2,39,1,140.0
TXN006644,2026-07-10,2,4,1,140.0
TXN006645,2026-07-10,2,7,2,260.0
TXN006645,2026-07-10,2,17,1,45.0
TXN006647,2026-07-10,2,7,1,130.0
TXN006647,2026-07-10,2,45,1,135.0
TXN006647,2026-07-10,2,51,1,180.0
TXN006648,2026-07-10,2,33,1,85.0
TXN006649,2026-07-10,2,55,2,60.0
TXN006649,2026-07-10,2,58,2,50.0
TXN006649,2026-07-10,2,42,1,620.0
TXN006650,2026-07-10,2,28,1,75.0
TXN006650,2026-07-10,2,23,1,25.0
TXN006650,2026-07-10,2,46,2,96.0
TXN006650,2026-07-10,2,43,2,480.0
TXN006651,2026-07-10,2,38,1,210.0
TXN006652,2026-07-10,3,14,1,80.0
TXN006652,2026-07-10,3,16,2,240.0
TXN006653,2026-07-10,3,29,1,95.0
TXN006654,2026-07-10,3,25,1,280.0
TXN006655,2026-07-10,3,21,1,310.0
TXN006655,2026-07-10,3,4,1,140.0
TXN006656,2026-07-10,3,17,3,135.0
TXN006658,2026-07-10,3,56,1,120.0
TXN006658,2026-07-10,3,33,1,85.0
TXN006659,2026-07-10,3,6,2,60.0
TXN006659,2026-07-10,3,43,1,240.0
TXN006660,2026-07-10,3,39,1,140.0
TXN006660,2026-07-10,3,54,1,35.0
TXN006662,2026-07-10,3,49,1,85.0
TXN006664,2026-07-10,3,51,1,180.0
TXN006664,2026-07-10,3,48,2,48.0
TXN006665,2026-07-10,3,25,1,280.0
TXN006665,2026-07-10,3,60,2,80.0
TXN006666,2026-07-10,3,46,1,48.0
TXN006666,2026-07-10,3,57,1,90.0
TXN006667,2026-07-10,3,32,3,360.0
TXN006667,2026-07-10,3,14,1,80.0
TXN006667,2026-07-10,3,21,1,310.0
TXN006668,2026-07-10,3,45,1,135.0
TXN006669,2026-07-10,3,48,2,48.0
TXN006669,2026-07-10,3,5,1,95.0
TXN006669,2026-07-10,3,12,1,90.0
TXN006670,2026-07-10,3,14,1,80.0
TXN006670,2026-07-10,3,43,1,240.0
TXN006670,2026-07-10,3,26,1,450.0
TXN006670,2026-07-10,3,60,1,40.0
TXN006670,2026-07-10,3,16,1,120.0
TXN006671,2026-07-10,3,17,1,45.0
TXN006671,2026-07-10,3,15,2,220.0
TXN006672,2026-07-10,3,57,1,90.0
TXN006672,2026-07-10,3,14,1,80.0
TXN006673,2026-07-10,3,10,1,45.0
TXN006673,2026-07-10,3,46,1,48.0
TXN006673,2026-07-10,3,8,1,84.0
TXN006674,2026-07-10,3,29,1,95.0
TXN006675,2026-07-10,3,30,1,40.0
TXN006675,2026-07-10,3,56,1,120.0
TXN006675,2026-07-10,3,48,1,24.0
TXN006675,2026-07-10,3,52,1,50.0
TXN006675,2026-07-10,3,46,1,48.0
TXN006676,2026-07-10,3,42,2,1240.0
TXN006678,2026-07-11,1,27,2,80.0
TXN006678,2026-07-11,1,24,2,100.0
TXN006678,2026-07-11,1,11,1,35.0
TXN006679,2026-07-11,1,26,1,450.0
TXN006679,2026-07-11,1,29,1,95.0
TXN006679,2026-07-11,1,30,1,40.0
TXN006679,2026-07-11,1,45,2,270.0
TXN006680,2026-07-11,1,31,1,175.0
TXN006681,2026-07-11,1,45,2,270.0
TXN006682,2026-07-11,1,21,1,310.0
TXN006683,2026-07-11,1,46,3,144.0
TXN006683,2026-07-11,1,36,2,210.0
TXN006683,2026-07-11,1,12,2,180.0
TXN006684,2026-07-11,1,16,2,240.0
TXN006684,2026-07-11,1,14,2,160.0
TXN006684,2026-07-11,1,50,2,520.0
TXN006684,2026-07-11,1,45,1,135.0
TXN006684,2026-07-11,1,53,2,80.0
TXN006685,2026-07-11,1,53,2,80.0
TXN006685,2026-07-11,1,17,3,135.0
TXN006685,2026-07-11,1,27,2,80.0
TXN006686,2026-07-11,1,24,1,50.0
TXN006686,2026-07-11,1,32,2,240.0
TXN006687,2026-07-11,1,12,1,90.0
TXN006687,2026-07-11,1,45,2,270.0
TXN006687,2026-07-11,1,42,2,1240.0
TXN006688,2026-07-11,1,31,1,175.0
TXN006689,2026-07-11,1,22,2,60.0
TXN006689,2026-07-11,1,36,2,210.0
TXN006690,2026-07-11,1,21,2,620.0
TXN006690,2026-07-11,1,36,3,315.0
TXN006690,2026-07-11,1,32,1,120.0
TXN006690,2026-07-11,1,43,2,480.0
TXN006690,2026-07-11,1,2,3,105.0
TXN006691,2026-07-11,1,10,1,45.0
TXN006692,2026-07-11,1,39,1,140.0
TXN006692,2026-07-11,1,60,1,40.0
TXN006693,2026-07-11,1,55,2,60.0
TXN006694,2026-07-11,1,24,1,50.0
TXN006695,2026-07-11,1,42,1,620.0
TXN006695,2026-07-11,1,27,1,40.0
TXN006695,2026-07-11,1,32,2,240.0
TXN006696,2026-07-11,1,21,1,310.0
TXN006697,2026-07-11,1,7,3,390.0
TXN006697,2026-07-11,1,49,1,85.0
TXN006698,2026-07-11,1,47,1,165.0
TXN006698,2026-07-11,1,4,1,140.0
TXN006699,2026-07-11,1,49,2,170.0
TXN006699,2026-07-11,1,2,1,35.0
TXN006699,2026-07-11,1,48,1,24.0
TXN006700,2026-07-11,1,21,1,310.0
TXN006701,2026-07-11,1,58,1,25.0
TXN006701,2026-07-11,1,42,2,1240.0
TXN006701,2026-07-11,1,36,1,105.0
TXN006701,2026-07-11,1,44,1,580.0
TXN006702,2026-07-11,1,6,2,60.0
TXN006702,2026-07-11,1,14,1,80.0
TXN006702,2026-07-11,1,29,1,95.0
TXN006703,2026-07-11,1,25,1,280.0
TXN006703,2026-07-11,1,54,1,35.0
TXN006703,2026-07-11,1,51,3,540.0
TXN006704,2026-07-11,1,53,2,80.0
TXN006705,2026-07-11,1,13,2,120.0
TXN006706,2026-07-11,1,10,2,90.0
TXN006706,2026-07-11,1,51,1,180.0
TXN006707,2026-07-11,1,33,1,85.0
TXN006707,2026-07-11,1,8,2,168.0
TXN006708,2026-07-11,1,12,1,90.0
TXN006709,2026-07-11,1,57,1,90.0
TXN006709,2026-07-11,1,41,1,90.0
TXN006709,2026-07-11,1,32,2,240.0
TXN006709,2026-07-11,1,16,2,240.0
TXN006709,2026-07-11,1,19,1,110.0
TXN006710,2026-07-11,1,1,3,192.0
TXN006710,2026-07-11,1,21,1,310.0
TXN006710,2026-07-11,1,59,1,35.0
TXN006711,2026-07-11,1,31,1,175.0
TXN006711,2026-07-11,1,56,1,120.0
TXN006711,2026-07-11,1,42,2,1240.0
TXN006712,2026-07-11,1,29,3,285.0
TXN006712,2026-07-11,1,16,2,240.0
TXN006712,2026-07-11,1,27,2,80.0
TXN006712,2026-07-11,1,25,1,280.0
TXN006713,2026-07-11,1,39,1,140.0
TXN006714,2026-07-11,1,32,1,120.0
TXN006714,2026-07-11,1,47,1,165.0
TXN006714,2026-07-11,1,15,2,220.0
TXN006715,2026-07-11,1,29,2,190.0
TXN006715,2026-07-11,1,42,3,1860.0
TXN006715,2026-07-11,1,23,1,25.0
TXN006715,2026-07-11,1,52,2,100.0
TXN006716,2026-07-11,1,29,2,190.0
TXN006716,2026-07-11,1,8,2,168.0
TXN006717,2026-07-11,1,51,2,360.0
TXN006717,2026-07-11,1,47,2,330.0
TXN006717,2026-07-11,1,39,1,140.0
TXN006718,2026-07-11,1,16,2,240.0
TXN006718,2026-07-11,1,55,2,60.0
TXN006718,2026-07-11,1,21,1,310.0
TXN006719,2026-07-11,1,6,2,60.0
TXN006719,2026-07-11,1,10,1,45.0
TXN006720,2026-07-11,1,29,2,190.0
TXN006720,2026-07-11,1,24,1,50.0
TXN006720,2026-07-11,1,25,1,280.0
TXN006720,2026-07-11,1,58,1,25.0
TXN006721,2026-07-11,1,49,1,85.0
TXN006721,2026-07-11,1,37,1,160.0
TXN006722,2026-07-11,1,47,1,165.0
TXN006722,2026-07-11,1,12,1,90.0
TXN006723,2026-07-11,1,59,1,35.0
TXN006724,2026-07-11,2,1,2,128.0
TXN006725,2026-07-11,2,21,2,620.0
TXN006725,2026-07-11,2,36,2,210.0
TXN006725,2026-07-11,2,24,1,50.0
TXN006725,2026-07-11,2,19,1,110.0
TXN006726,2026-07-11,2,12,2,180.0
TXN006726,2026-07-11,2,19,1,110.0
TXN006727,2026-07-11,2,40,1,65.0
TXN006728,2026-07-11,2,50,3,780.0
TXN006729,2026-07-11,2,22,2,60.0
TXN006729,2026-07-11,2,16,1,120.0
TXN006730,2026-07-11,2,53,1,40.0
TXN006731,2026-07-11,2,33,1,85.0
TXN006731,2026-07-11,2,12,1,90.0
TXN006732,2026-07-11,2,1,2,128.0
TXN006733,2026-07-11,2,10,1,45.0
TXN006733,2026-07-11,2,50,2,520.0
TXN006733,2026-07-11,2,45,1,135.0
TXN006733,2026-07-11,2,51,2,360.0
TXN006734,2026-07-11,2,30,1,40.0
TXN006734,2026-07-11,2,15,2,220.0
TXN006734,2026-07-11,2,42,1,620.0
TXN006735,2026-07-11,2,32,1,120.0
TXN006736,2026-07-11,2,51,2,360.0
TXN006738,2026-07-11,2,24,1,50.0
TXN006738,2026-07-11,2,43,1,240.0
TXN006739,2026-07-11,2,44,1,580.0
TXN006740,2026-07-11,2,40,2,130.0
TXN006740,2026-07-11,2,15,1,110.0
TXN006740,2026-07-11,2,46,1,48.0
TXN006740,2026-07-11,2,12,1,90.0
TXN006741,2026-07-11,2,23,2,50.0
TXN006741,2026-07-11,2,19,1,110.0
TXN006742,2026-07-11,2,43,1,240.0
TXN006742,2026-07-11,2,6,2,60.0
TXN006742,2026-07-11,2,48,2,48.0
TXN006742,2026-07-11,2,23,1,25.0
TXN006743,2026-07-11,2,11,1,35.0
TXN006743,2026-07-11,2,18,1,20.0
TXN006743,2026-07-11,2,52,2,100.0
TXN006743,2026-07-11,2,41,1,90.0
TXN006744,2026-07-11,2,30,1,40.0
TXN006744,2026-07-11,2,43,2,480.0
TXN006744,2026-07-11,2,3,1,115.0
TXN006744,2026-07-11,2,33,1,85.0
TXN006745,2026-07-11,2,24,1,50.0
TXN006746,2026-07-11,2,48,1,24.0
TXN006746,2026-07-11,2,26,1,450.0
TXN006747,2026-07-11,2,14,2,160.0
TXN006747,2026-07-11,2,56,1,120.0
TXN006747,2026-07-11,2,24,1,50.0
TXN006747,2026-07-11,2,3,1,115.0
TXN006748,2026-07-11,2,55,1,30.0
TXN006748,2026-07-11,2,3,1,115.0
TXN006749,2026-07-11,2,5,1,95.0
TXN006749,2026-07-11,2,50,1,260.0
TXN006750,2026-07-11,2,36,3,315.0
TXN006750,2026-07-11,2,16,2,240.0
TXN006750,2026-07-11,2,51,2,360.0
TXN006751,2026-07-11,2,15,2,220.0
TXN006751,2026-07-11,2,29,1,95.0
TXN006751,2026-07-11,2,37,1,160.0
TXN006752,2026-07-11,2,47,1,165.0
TXN006752,2026-07-11,2,37,1,160.0
TXN006752,2026-07-11,2,11,1,35.0
TXN006753,2026-07-11,2,1,3,192.0
TXN006754,2026-07-11,2,3,1,115.0
TXN006754,2026-07-11,2,54,1,35.0
TXN006754,2026-07-11,2,14,1,80.0
TXN006755,2026-07-11,3,60,1,40.0
TXN006755,2026-07-11,3,8,2,168.0
TXN006755,2026-07-11,3,28,1,75.0
TXN006755,2026-07-11,3,11,1,35.0
TXN006756,2026-07-11,3,60,1,40.0
TXN006756,2026-07-11,3,23,2,50.0
TXN006757,2026-07-11,3,7,1,130.0
TXN006757,2026-07-11,3,52,1,50.0
TXN006757,2026-07-11,3,1,3,192.0
TXN006758,2026-07-11,3,58,1,25.0
TXN006758,2026-07-11,3,43,1,240.0
TXN006758,2026-07-11,3,9,2,80.0
TXN006759,2026-07-11,3,42,2,1240.0
TXN006759,2026-07-11,3,40,1,65.0
TXN006759,2026-07-11,3,48,2,48.0
TXN006759,2026-07-11,3,33,2,170.0
TXN006759,2026-07-11,3,36,1,105.0
TXN006760,2026-07-11,3,10,1,45.0
TXN006760,2026-07-11,3,14,1,80.0
TXN006760,2026-07-11,3,32,1,120.0
TXN006761,2026-07-11,3,8,1,84.0
TXN006761,2026-07-11,3,2,1,35.0
TXN006761,2026-07-11,3,51,2,360.0
TXN006762,2026-07-11,3,48,1,24.0
TXN006762,2026-07-11,3,60,1,40.0
TXN006762,2026-07-11,3,20,1,220.0
TXN006763,2026-07-11,3,6,2,60.0
TXN006764,2026-07-11,3,41,1,90.0
TXN006764,2026-07-11,3,24,1,50.0
TXN006764,2026-07-11,3,25,1,280.0
TXN006765,2026-07-11,3,29,1,95.0
TXN006765,2026-07-11,3,43,1,240.0
TXN006765,2026-07-11,3,42,1,620.0
TXN006766,2026-07-11,3,22,2,60.0
TXN006766,2026-07-11,3,36,2,210.0
TXN006767,2026-07-11,3,41,2,180.0
TXN006768,2026-07-11,3,60,1,40.0
TXN006769,2026-07-11,3,20,1,220.0
TXN006769,2026-07-11,3,51,2,360.0
TXN006770,2026-07-11,3,44,1,580.0
TXN006770,2026-07-11,3,15,1,110.0
TXN006770,2026-07-11,3,51,1,180.0
TXN006771,2026-07-11,3,24,1,50.0
TXN006772,2026-07-11,3,48,1,24.0
TXN006772,2026-07-11,3,7,1,130.0
TXN006772,2026-07-11,3,32,2,240.0
TXN006772,2026-07-11,3,3,1,115.0
TXN006773,2026-07-11,3,17,1,45.0
TXN006774,2026-07-11,3,54,1,35.0
TXN006774,2026-07-11,3,27,1,40.0
TXN006774,2026-07-11,3,26,1,450.0
TXN006775,2026-07-11,3,14,1,80.0
TXN006776,2026-07-11,3,35,1,145.0
TXN006776,2026-07-11,3,52,1,50.0
TXN006776,2026-07-11,3,48,1,24.0
TXN006778,2026-07-11,3,48,1,24.0
TXN006779,2026-07-11,3,29,2,190.0
TXN006779,2026-07-11,3,14,1,80.0
TXN006779,2026-07-11,3,5,1,95.0
TXN006779,2026-07-11,3,32,2,240.0
TXN006779,2026-07-11,3,53,1,40.0
TXN006780,2026-07-11,3,35,1,145.0
TXN006780,2026-07-11,3,59,1,35.0
TXN006780,2026-07-11,3,36,2,210.0
TXN006780,2026-07-11,3,7,1,130.0
TXN006781,2026-07-11,3,7,1,130.0
TXN006781,2026-07-11,3,44,1,580.0
TXN006781,2026-07-11,3,12,1,90.0
TXN006782,2026-07-11,3,25,2,560.0
TXN006782,2026-07-11,3,10,1,45.0
TXN006782,2026-07-11,3,24,1,50.0
TXN006782,2026-07-11,3,29,1,95.0
TXN006783,2026-07-11,3,29,2,190.0
TXN006784,2026-07-11,3,26,1,450.0
TXN006784,2026-07-11,3,12,1,90.0
TXN006785,2026-07-11,3,32,2,240.0
TXN006786,2026-07-11,3,15,1,110.0
TXN006786,2026-07-11,3,6,2,60.0
TXN006787,2026-07-11,3,12,1,90.0
TXN006787,2026-07-11,3,25,2,560.0
TXN006787,2026-07-11,3,53,2,80.0
TXN006788,2026-07-11,3,29,1,95.0
TXN006788,2026-07-11,3,6,1,30.0
TXN006788,2026-07-11,3,58,1,25.0
TXN006789,2026-07-11,3,12,2,180.0
TXN006789,2026-07-11,3,28,1,75.0
TXN006789,2026-07-11,3,17,2,90.0
TXN006790,2026-07-11,3,39,2,280.0
TXN006790,2026-07-11,3,58,1,25.0
TXN006791,2026-07-11,3,24,1,50.0
TXN006791,2026-07-11,3,17,3,135.0
TXN006792,2026-07-11,3,52,2,100.0
TXN006792,2026-07-11,3,8,1,84.0
TXN006792,2026-07-11,3,54,1,35.0
TXN006793,2026-07-12,1,39,1,140.0
TXN006794,2026-07-12,1,52,2,100.0
TXN006794,2026-07-12,1,36,1,105.0
TXN006795,2026-07-12,1,26,1,450.0
TXN006795,2026-07-12,1,60,1,40.0
TXN006795,2026-07-12,1,21,2,620.0
TXN006795,2026-07-12,1,48,1,24.0
TXN006795,2026-07-12,1,11,1,35.0
TXN006796,2026-07-12,1,19,1,110.0
TXN006796,2026-07-12,1,43,2,480.0
TXN006796,2026-07-12,1,8,2,168.0
TXN006797,2026-07-12,1,45,3,405.0
TXN006797,2026-07-12,1,8,2,168.0
TXN006797,2026-07-12,1,13,1,60.0
TXN006797,2026-07-12,1,23,1,25.0
TXN006798,2026-07-12,1,13,1,60.0
TXN006798,2026-07-12,1,10,2,90.0
TXN006798,2026-07-12,1,53,2,80.0
TXN006798,2026-07-12,1,47,1,165.0
TXN006799,2026-07-12,1,23,2,50.0
TXN006799,2026-07-12,1,5,1,95.0
TXN006799,2026-07-12,1,54,1,35.0
TXN006800,2026-07-12,1,50,2,520.0
TXN006800,2026-07-12,1,10,1,45.0
TXN006800,2026-07-12,1,56,1,120.0
TXN006801,2026-07-12,1,58,2,50.0
TXN006801,2026-07-12,1,35,1,145.0
TXN006801,2026-07-12,1,33,1,85.0
TXN006802,2026-07-12,1,45,1,135.0
TXN006802,2026-07-12,1,1,3,192.0
TXN006803,2026-07-12,1,26,1,450.0
TXN006803,2026-07-12,1,13,2,120.0
TXN006804,2026-07-12,1,14,1,80.0
TXN006804,2026-07-12,1,32,2,240.0
TXN006804,2026-07-12,1,60,1,40.0
TXN006804,2026-07-12,1,7,2,260.0
TXN006805,2026-07-12,1,57,1,90.0
TXN006805,2026-07-12,1,27,2,80.0
TXN006806,2026-07-12,1,29,2,190.0
TXN006806,2026-07-12,1,57,1,90.0
TXN006807,2026-07-12,1,55,1,30.0
TXN006807,2026-07-12,1,19,1,110.0
TXN006807,2026-07-12,1,49,1,85.0
TXN006807,2026-07-12,1,25,1,280.0
TXN006808,2026-07-12,1,10,1,45.0
TXN006808,2026-07-12,1,37,1,160.0
TXN006808,2026-07-12,1,19,1,110.0
TXN006808,2026-07-12,1,18,1,20.0
TXN006809,2026-07-12,1,56,2,240.0
TXN006809,2026-07-12,1,54,1,35.0
TXN006810,2026-07-12,1,17,2,90.0
TXN006810,2026-07-12,1,46,1,48.0
TXN006810,2026-07-12,1,53,2,80.0
TXN006811,2026-07-12,1,42,2,1240.0
TXN006811,2026-07-12,1,58,1,25.0
TXN006811,2026-07-12,1,29,2,190.0
TXN006812,2026-07-12,1,8,2,168.0
TXN006812,2026-07-12,1,58,1,25.0
TXN006812,2026-07-12,1,46,2,96.0
TXN006812,2026-07-12,1,50,1,260.0
TXN006813,2026-07-12,1,3,1,115.0
TXN006814,2026-07-12,1,35,1,145.0
TXN006814,2026-07-12,1,15,1,110.0
TXN006814,2026-07-12,1,13,1,60.0
TXN006814,2026-07-12,1,7,1,130.0
TXN006815,2026-07-12,1,7,1,130.0
TXN006816,2026-07-12,1,11,1,35.0
TXN006817,2026-07-12,1,9,3,120.0
TXN006818,2026-07-12,1,15,1,110.0
TXN006818,2026-07-12,1,54,2,70.0
TXN006818,2026-07-12,1,45,2,270.0
TXN006819,2026-07-12,1,18,1,20.0
TXN006819,2026-07-12,1,50,1,260.0
TXN006820,2026-07-12,1,32,2,240.0
TXN006820,2026-07-12,1,16,2,240.0
TXN006820,2026-07-12,1,17,2,90.0
TXN006821,2026-07-12,1,52,2,100.0
TXN006821,2026-07-12,1,6,2,60.0
TXN006821,2026-07-12,1,2,1,35.0
TXN006821,2026-07-12,1,25,2,560.0
TXN006822,2026-07-12,1,4,1,140.0
TXN006822,2026-07-12,1,19,1,110.0
TXN006823,2026-07-12,1,52,1,50.0
TXN006823,2026-07-12,1,10,3,135.0
TXN006824,2026-07-12,1,41,1,90.0
TXN006824,2026-07-12,1,39,1,140.0
TXN006824,2026-07-12,1,9,2,80.0
TXN006824,2026-07-12,1,10,1,45.0
TXN006824,2026-07-12,1,60,1,40.0
TXN006825,2026-07-12,1,42,1,620.0
TXN006825,2026-07-12,1,7,2,260.0
TXN006825,2026-07-12,1,51,2,360.0
TXN006825,2026-07-12,1,50,1,260.0
TXN006826,2026-07-12,1,19,1,110.0
TXN006826,2026-07-12,1,5,1,95.0
TXN006827,2026-07-12,1,26,1,450.0
TXN006828,2026-07-12,1,57,2,180.0
TXN006828,2026-07-12,1,5,1,95.0
TXN006828,2026-07-12,1,3,1,115.0
TXN006828,2026-07-12,1,37,1,160.0
TXN006829,2026-07-12,1,4,1,140.0
TXN006829,2026-07-12,1,35,1,145.0
TXN006829,2026-07-12,1,14,1,80.0
TXN006830,2026-07-12,1,36,2,210.0
TXN006830,2026-07-12,1,60,1,40.0
TXN006830,2026-07-12,1,52,3,150.0
TXN006831,2026-07-12,1,4,1,140.0
TXN006832,2026-07-12,1,6,2,60.0
TXN006832,2026-07-12,1,60,1,40.0
TXN006832,2026-07-12,1,18,1,20.0
TXN006832,2026-07-12,1,49,1,85.0
TXN006833,2026-07-12,1,2,3,105.0
TXN006833,2026-07-12,1,59,1,35.0
TXN006834,2026-07-12,2,26,1,450.0
TXN006834,2026-07-12,2,51,2,360.0
TXN006835,2026-07-12,2,32,1,120.0
TXN006835,2026-07-12,2,19,1,110.0
TXN006836,2026-07-12,2,40,1,65.0
TXN006836,2026-07-12,2,34,1,190.0
TXN006836,2026-07-12,2,46,1,48.0
TXN006836,2026-07-12,2,35,1,145.0
TXN006837,2026-07-12,2,57,1,90.0
TXN006838,2026-07-12,2,12,1,90.0
TXN006838,2026-07-12,2,10,1,45.0
TXN006838,2026-07-12,2,39,1,140.0
TXN006839,2026-07-12,2,50,2,520.0
TXN006839,2026-07-12,2,21,1,310.0
TXN006840,2026-07-12,2,43,2,480.0
TXN006840,2026-07-12,2,55,1,30.0
TXN006840,2026-07-12,2,36,2,210.0
TXN006841,2026-07-12,2,42,1,620.0
TXN006841,2026-07-12,2,6,1,30.0
TXN006842,2026-07-12,2,24,1,50.0
TXN006842,2026-07-12,2,39,1,140.0
TXN006842,2026-07-12,2,18,1,20.0
TXN006843,2026-07-12,2,53,2,80.0
TXN006843,2026-07-12,2,41,2,180.0
TXN006843,2026-07-12,2,54,1,35.0
TXN006844,2026-07-12,2,54,1,35.0
TXN006844,2026-07-12,2,16,1,120.0
TXN006844,2026-07-12,2,31,1,175.0
TXN006844,2026-07-12,2,23,1,25.0
TXN006845,2026-07-12,2,35,1,145.0
TXN006845,2026-07-12,2,16,1,120.0
TXN006845,2026-07-12,2,32,1,120.0
TXN006847,2026-07-12,2,4,1,140.0
TXN006847,2026-07-12,2,47,1,165.0
TXN006847,2026-07-12,2,13,1,60.0
TXN006847,2026-07-12,2,8,1,84.0
TXN006847,2026-07-12,2,29,2,190.0
TXN006848,2026-07-12,2,1,1,64.0
TXN006848,2026-07-12,2,19,1,110.0
TXN006848,2026-07-12,2,13,1,60.0
TXN006848,2026-07-12,2,16,1,120.0
TXN006849,2026-07-12,2,2,2,70.0
TXN006849,2026-07-12,2,8,2,168.0
TXN006849,2026-07-12,2,4,2,280.0
TXN006850,2026-07-12,2,59,1,35.0
TXN006850,2026-07-12,2,14,1,80.0
TXN006851,2026-07-12,2,11,1,35.0
TXN006851,2026-07-12,2,12,2,180.0
TXN006851,2026-07-12,2,52,2,100.0
TXN006851,2026-07-12,2,25,2,560.0
TXN006852,2026-07-12,2,9,3,120.0
TXN006852,2026-07-12,2,25,2,560.0
TXN006853,2026-07-12,2,8,2,168.0
TXN006853,2026-07-12,2,25,1,280.0
TXN006854,2026-07-12,2,13,1,60.0
TXN006854,2026-07-12,2,7,2,260.0
TXN006854,2026-07-12,2,1,3,192.0
TXN006854,2026-07-12,2,5,1,95.0
TXN006855,2026-07-12,2,3,1,115.0
TXN006855,2026-07-12,2,22,2,60.0
TXN006855,2026-07-12,2,49,2,170.0
TXN006856,2026-07-12,2,24,1,50.0
TXN006856,2026-07-12,2,2,1,35.0
TXN006856,2026-07-12,2,36,2,210.0
TXN006857,2026-07-12,2,41,2,180.0
TXN006857,2026-07-12,2,23,2,50.0
TXN006858,2026-07-12,2,24,1,50.0
TXN006859,2026-07-12,2,16,2,240.0
TXN006859,2026-07-12,2,24,1,50.0
TXN006859,2026-07-12,2,12,2,180.0
TXN006859,2026-07-12,2,17,3,135.0
TXN006860,2026-07-12,2,51,2,360.0
TXN006860,2026-07-12,2,49,2,170.0
TXN006860,2026-07-12,2,25,1,280.0
TXN006860,2026-07-12,2,7,2,260.0
TXN006861,2026-07-12,2,13,1,60.0
TXN006861,2026-07-12,2,24,1,50.0
TXN006862,2026-07-12,2,6,1,30.0
TXN006862,2026-07-12,2,43,1,240.0
TXN006862,2026-07-12,2,20,1,220.0
TXN006863,2026-07-12,2,10,1,45.0
TXN006863,2026-07-12,2,9,1,40.0
TXN006864,2026-07-12,2,60,1,40.0
TXN006864,2026-07-12,2,55,1,30.0
TXN006864,2026-07-12,2,54,2,70.0
TXN006864,2026-07-12,2,32,2,240.0
TXN006865,2026-07-12,2,40,1,65.0
TXN006865,2026-07-12,2,59,1,35.0
TXN006865,2026-07-12,2,55,2,60.0
TXN006865,2026-07-12,2,60,2,80.0
TXN006866,2026-07-12,2,56,1,120.0
TXN006866,2026-07-12,2,16,1,120.0
TXN006866,2026-07-12,2,7,2,260.0
TXN006866,2026-07-12,2,31,1,175.0
TXN006866,2026-07-12,2,21,1,310.0
TXN006867,2026-07-12,2,19,1,110.0
TXN006867,2026-07-12,2,45,1,135.0
TXN006868,2026-07-12,2,57,1,90.0
TXN006868,2026-07-12,2,27,2,80.0
TXN006869,2026-07-12,2,29,2,190.0
TXN006869,2026-07-12,2,5,1,95.0
TXN006870,2026-07-12,2,6,2,60.0
TXN006871,2026-07-12,2,21,1,310.0
TXN006872,2026-07-12,2,13,1,60.0
TXN006873,2026-07-12,2,60,2,80.0
TXN006874,2026-07-12,2,57,1,90.0
TXN006874,2026-07-12,2,59,1,35.0
TXN006874,2026-07-12,2,6,2,60.0
TXN006875,2026-07-12,2,29,1,95.0
TXN006876,2026-07-12,2,54,2,70.0
TXN006876,2026-07-12,2,42,3,1860.0
TXN006876,2026-07-12,2,6,2,60.0
TXN006876,2026-07-12,2,30,1,40.0
TXN006877,2026-07-12,2,23,1,25.0
TXN006877,2026-07-12,2,54,1,35.0
TXN006877,2026-07-12,2,28,2,150.0
TXN006877,2026-07-12,2,17,3,135.0
TXN006878,2026-07-12,3,55,1,30.0
TXN006878,2026-07-12,3,9,2,80.0
TXN006878,2026-07-12,3,50,2,520.0
TXN006879,2026-07-12,3,55,1,30.0
TXN006879,2026-07-12,3,19,1,110.0
TXN006880,2026-07-12,3,14,1,80.0
TXN006880,2026-07-12,3,18,1,20.0
TXN006881,2026-07-12,3,54,2,70.0
TXN006882,2026-07-12,3,21,2,620.0
TXN006882,2026-07-12,3,19,1,110.0
TXN006882,2026-07-12,3,43,1,240.0
TXN006883,2026-07-12,3,9,3,120.0
TXN006883,2026-07-12,3,15,1,110.0
TXN006884,2026-07-12,3,58,1,25.0
TXN006884,2026-07-12,3,57,1,90.0
TXN006884,2026-07-12,3,9,1,40.0
TXN006885,2026-07-12,3,4,1,140.0
TXN006885,2026-07-12,3,15,2,220.0
TXN006885,2026-07-12,3,52,1,50.0
TXN006886,2026-07-12,3,10,2,90.0
TXN006886,2026-07-12,3,16,1,120.0
TXN006887,2026-07-12,3,19,1,110.0
TXN006887,2026-07-12,3,28,1,75.0
TXN006887,2026-07-12,3,17,2,90.0
TXN006887,2026-07-12,3,21,1,310.0
TXN006888,2026-07-12,3,49,1,85.0
TXN006888,2026-07-12,3,18,2,40.0
TXN006889,2026-07-12,3,7,1,130.0
TXN006890,2026-07-12,3,60,1,40.0
TXN006891,2026-07-12,3,42,1,620.0
TXN006891,2026-07-12,3,48,1,24.0
TXN006892,2026-07-12,3,32,1,120.0
TXN006893,2026-07-12,3,55,1,30.0
TXN006893,2026-07-12,3,3,1,115.0
TXN006894,2026-07-12,3,4,1,140.0
TXN006894,2026-07-12,3,8,1,84.0
TXN006894,2026-07-12,3,36,2,210.0
TXN006894,2026-07-12,3,52,1,50.0
TXN006895,2026-07-12,3,55,1,30.0
TXN006895,2026-07-12,3,18,1,20.0
TXN006896,2026-07-12,3,45,1,135.0
TXN006896,2026-07-12,3,15,2,220.0
TXN006896,2026-07-12,3,24,1,50.0
TXN006897,2026-07-12,3,16,2,240.0
TXN006897,2026-07-12,3,49,1,85.0
TXN006897,2026-07-12,3,39,2,280.0
TXN006898,2026-07-12,3,5,2,190.0
TXN006898,2026-07-12,3,43,1,240.0
TXN006899,2026-07-12,3,17,2,90.0
TXN006899,2026-07-12,3,1,2,128.0
TXN006900,2026-07-12,3,6,1,30.0
TXN006901,2026-07-12,3,36,1,105.0
TXN006902,2026-07-12,3,23,1,25.0
TXN006903,2026-07-12,3,10,1,45.0
TXN006903,2026-07-12,3,5,1,95.0
TXN006903,2026-07-12,3,18,2,40.0
TXN006904,2026-07-12,3,39,1,140.0
TXN006904,2026-07-12,3,41,2,180.0
TXN006904,2026-07-12,3,58,1,25.0
TXN006904,2026-07-12,3,12,2,180.0
TXN006904,2026-07-12,3,19,1,110.0
TXN006906,2026-07-12,3,48,1,24.0
TXN006906,2026-07-12,3,33,2,170.0
TXN006908,2026-07-12,3,6,1,30.0
TXN006908,2026-07-12,3,49,2,170.0
TXN006909,2026-07-12,3,30,2,80.0
TXN006910,2026-07-12,3,22,2,60.0
TXN006910,2026-07-12,3,39,2,280.0
TXN006910,2026-07-12,3,9,2,80.0
TXN006910,2026-07-12,3,57,1,90.0
TXN006910,2026-07-12,3,36,2,210.0
TXN006911,2026-07-12,3,32,1,120.0
TXN006911,2026-07-12,3,9,2,80.0
TXN006911,2026-07-12,3,1,2,128.0
TXN006912,2026-07-12,3,8,3,252.0
TXN006912,2026-07-12,3,28,1,75.0
TXN006912,2026-07-12,3,12,2,180.0
TXN006912,2026-07-12,3,45,2,270.0
TXN006913,2026-07-13,1,18,2,40.0
TXN006913,2026-07-13,1,51,2,360.0
TXN006914,2026-07-13,1,10,1,45.0
TXN006914,2026-07-13,1,21,1,310.0
TXN006914,2026-07-13,1,42,1,620.0
TXN006916,2026-07-13,1,1,2,128.0
TXN006916,2026-07-13,1,39,1,140.0
TXN006917,2026-07-13,1,16,1,120.0
TXN006917,2026-07-13,1,58,1,25.0
TXN006917,2026-07-13,1,31,1,175.0
TXN006917,2026-07-13,1,17,2,90.0
TXN006917,2026-07-13,1,8,1,84.0
TXN006918,2026-07-13,1,4,1,140.0
TXN006918,2026-07-13,1,56,1,120.0
TXN006918,2026-07-13,1,43,1,240.0
TXN006920,2026-07-13,1,24,1,50.0
TXN006920,2026-07-13,1,23,1,25.0
TXN006920,2026-07-13,1,48,1,24.0
TXN006921,2026-07-13,1,32,1,120.0
TXN006922,2026-07-13,1,15,1,110.0
TXN006923,2026-07-13,1,28,2,150.0
TXN006924,2026-07-13,1,9,2,80.0
TXN006925,2026-07-13,1,10,2,90.0
TXN006925,2026-07-13,1,6,2,60.0
TXN006925,2026-07-13,1,16,2,240.0
TXN006925,2026-07-13,1,21,1,310.0
TXN006925,2026-07-13,1,7,1,130.0
TXN006926,2026-07-13,1,13,1,60.0
TXN006926,2026-07-13,1,24,1,50.0
TXN006926,2026-07-13,1,49,1,85.0
TXN006927,2026-07-13,1,18,2,40.0
TXN006929,2026-07-13,1,9,2,80.0
TXN006929,2026-07-13,1,53,1,40.0
TXN006931,2026-07-13,1,49,1,85.0
TXN006931,2026-07-13,1,21,1,310.0
TXN006931,2026-07-13,1,57,1,90.0
TXN006932,2026-07-13,1,16,1,120.0
TXN006933,2026-07-13,1,1,3,192.0
TXN006933,2026-07-13,1,36,1,105.0
TXN006935,2026-07-13,1,9,2,80.0
TXN006935,2026-07-13,1,25,1,280.0
TXN006935,2026-07-13,1,42,1,620.0
TXN006935,2026-07-13,1,4,1,140.0
TXN006936,2026-07-13,1,5,1,95.0
TXN006937,2026-07-13,1,46,2,96.0
TXN006938,2026-07-13,1,35,1,145.0
TXN006938,2026-07-13,1,1,3,192.0
TXN006939,2026-07-13,1,57,1,90.0
TXN006939,2026-07-13,1,48,2,48.0
TXN006939,2026-07-13,1,52,1,50.0
TXN006939,2026-07-13,1,15,1,110.0
TXN006940,2026-07-13,1,37,1,160.0
TXN006940,2026-07-13,1,18,1,20.0
TXN006940,2026-07-13,1,26,1,450.0
TXN006941,2026-07-13,1,1,2,128.0
TXN006941,2026-07-13,1,21,1,310.0
TXN006942,2026-07-13,1,55,1,30.0
TXN006942,2026-07-13,1,14,1,80.0
TXN006943,2026-07-13,1,43,1,240.0
TXN006945,2026-07-13,2,42,1,620.0
TXN006945,2026-07-13,2,48,3,72.0
TXN006945,2026-07-13,2,15,1,110.0
TXN006946,2026-07-13,2,36,1,105.0
TXN006946,2026-07-13,2,11,1,35.0
TXN006946,2026-07-13,2,33,1,85.0
TXN006947,2026-07-13,2,50,2,520.0
TXN006947,2026-07-13,2,7,1,130.0
TXN006947,2026-07-13,2,21,2,620.0
TXN006948,2026-07-13,2,2,2,70.0
TXN006948,2026-07-13,2,25,2,560.0
TXN006948,2026-07-13,2,27,2,80.0
TXN006949,2026-07-13,2,14,1,80.0
TXN006949,2026-07-13,2,49,1,85.0
TXN006949,2026-07-13,2,58,2,50.0
TXN006949,2026-07-13,2,15,1,110.0
TXN006950,2026-07-13,2,7,2,260.0
TXN006951,2026-07-13,2,48,1,24.0
TXN006951,2026-07-13,2,2,1,35.0
TXN006952,2026-07-13,2,54,1,35.0
TXN006953,2026-07-13,2,32,2,240.0
TXN006953,2026-07-13,2,40,1,65.0
TXN006954,2026-07-13,2,32,1,120.0
TXN006955,2026-07-13,2,2,2,70.0
TXN006955,2026-07-13,2,27,2,80.0
TXN006956,2026-07-13,2,57,1,90.0
TXN006957,2026-07-13,2,9,2,80.0
TXN006958,2026-07-13,2,29,2,190.0
TXN006958,2026-07-13,2,45,2,270.0
TXN006959,2026-07-13,2,16,1,120.0
TXN006959,2026-07-13,2,24,1,50.0
TXN006961,2026-07-13,2,52,2,100.0
TXN006961,2026-07-13,2,29,1,95.0
TXN006961,2026-07-13,2,40,1,65.0
TXN006963,2026-07-13,2,53,1,40.0
TXN006964,2026-07-13,2,45,2,270.0
TXN006964,2026-07-13,2,1,1,64.0
TXN006965,2026-07-13,2,56,1,120.0
TXN006965,2026-07-13,2,52,1,50.0
TXN006966,2026-07-13,2,48,2,48.0
TXN006966,2026-07-13,2,45,1,135.0
TXN006967,2026-07-13,2,3,1,115.0
TXN006967,2026-07-13,2,21,1,310.0
TXN006968,2026-07-13,2,58,2,50.0
TXN006968,2026-07-13,2,6,1,30.0
TXN006968,2026-07-13,2,59,1,35.0
TXN006969,2026-07-13,2,27,1,40.0
TXN006969,2026-07-13,2,52,1,50.0
TXN006970,2026-07-13,2,8,1,84.0
TXN006971,2026-07-13,2,48,1,24.0
TXN006971,2026-07-13,2,44,1,580.0
TXN006972,2026-07-13,2,57,2,180.0
TXN006972,2026-07-13,2,17,2,90.0
TXN006973,2026-07-13,2,23,1,25.0
TXN006974,2026-07-13,2,25,1,280.0
TXN006974,2026-07-13,2,41,1,90.0
TXN006974,2026-07-13,2,2,1,35.0
TXN006975,2026-07-13,3,17,2,90.0
TXN006975,2026-07-13,3,1,2,128.0
TXN006975,2026-07-13,3,4,1,140.0
TXN006975,2026-07-13,3,3,1,115.0
TXN006976,2026-07-13,3,30,1,40.0
TXN006976,2026-07-13,3,25,2,560.0
TXN006976,2026-07-13,3,51,1,180.0
TXN006976,2026-07-13,3,14,1,80.0
TXN006978,2026-07-13,3,39,1,140.0
TXN006978,2026-07-13,3,10,1,45.0
TXN006978,2026-07-13,3,56,1,120.0
TXN006979,2026-07-13,3,45,2,270.0
TXN006979,2026-07-13,3,31,1,175.0
TXN006979,2026-07-13,3,39,1,140.0
TXN006979,2026-07-13,3,22,2,60.0
TXN006980,2026-07-13,3,44,1,580.0
TXN006980,2026-07-13,3,43,1,240.0
TXN006981,2026-07-13,3,22,2,60.0
TXN006981,2026-07-13,3,39,2,280.0
TXN006981,2026-07-13,3,16,1,120.0
TXN006982,2026-07-13,3,17,1,45.0
TXN006983,2026-07-13,3,57,1,90.0
TXN006983,2026-07-13,3,13,1,60.0
TXN006983,2026-07-13,3,53,1,40.0
TXN006983,2026-07-13,3,50,1,260.0
TXN006984,2026-07-13,3,45,1,135.0
TXN006984,2026-07-13,3,16,1,120.0
TXN006985,2026-07-13,3,4,1,140.0
TXN006985,2026-07-13,3,24,1,50.0
TXN006986,2026-07-13,3,25,1,280.0
TXN006986,2026-07-13,3,27,1,40.0
TXN006987,2026-07-13,3,12,2,180.0
TXN006987,2026-07-13,3,17,1,45.0
TXN006988,2026-07-13,3,56,1,120.0
TXN006989,2026-07-13,3,29,1,95.0
TXN006990,2026-07-13,3,48,1,24.0
TXN006992,2026-07-13,3,46,1,48.0
TXN006993,2026-07-13,3,54,2,70.0
TXN006995,2026-07-13,3,22,1,30.0
TXN006995,2026-07-13,3,56,1,120.0
TXN006996,2026-07-13,3,10,1,45.0
TXN006996,2026-07-13,3,48,1,24.0
TXN006996,2026-07-13,3,36,1,105.0
TXN006998,2026-07-13,3,17,2,90.0
TXN006998,2026-07-13,3,55,1,30.0
TXN006999,2026-07-13,3,18,1,20.0
TXN006999,2026-07-13,3,55,1,30.0
TXN007000,2026-07-13,3,55,1,30.0
TXN007001,2026-07-13,3,55,1,30.0
TXN007002,2026-07-13,3,52,1,50.0
TXN007002,2026-07-13,3,30,2,80.0
TXN007002,2026-07-13,3,45,1,135.0
TXN007003,2026-07-14,1,8,2,168.0
TXN007003,2026-07-14,1,39,2,280.0
TXN007003,2026-07-14,1,13,1,60.0
TXN007003,2026-07-14,1,58,1,25.0
TXN007003,2026-07-14,1,24,1,50.0
TXN007004,2026-07-14,1,56,1,120.0
TXN007005,2026-07-14,1,27,1,40.0
TXN007005,2026-07-14,1,49,1,85.0
TXN007005,2026-07-14,1,55,2,60.0
TXN007006,2026-07-14,1,47,1,165.0
TXN007006,2026-07-14,1,51,1,180.0
TXN007006,2026-07-14,1,58,1,25.0
TXN007007,2026-07-14,1,43,1,240.0
TXN007008,2026-07-14,1,18,2,40.0
TXN007008,2026-07-14,1,51,3,540.0
TXN007009,2026-07-14,1,52,2,100.0
TXN007010,2026-07-14,1,9,4,160.0
TXN007011,2026-07-14,1,45,1,135.0
TXN007013,2026-07-14,1,19,1,110.0
TXN007013,2026-07-14,1,54,1,35.0
TXN007013,2026-07-14,1,51,1,180.0
TXN007014,2026-07-14,1,9,3,120.0
TXN007014,2026-07-14,1,24,1,50.0
TXN007014,2026-07-14,1,25,1,280.0
TXN007015,2026-07-14,1,18,2,40.0
TXN007015,2026-07-14,1,23,1,25.0
TXN007015,2026-07-14,1,22,1,30.0
TXN007015,2026-07-14,1,47,3,495.0
TXN007015,2026-07-14,1,46,1,48.0
TXN007016,2026-07-14,1,53,3,120.0
TXN007016,2026-07-14,1,22,1,30.0
TXN007017,2026-07-14,1,2,1,35.0
TXN007017,2026-07-14,1,37,1,160.0
TXN007017,2026-07-14,1,58,1,25.0
TXN007018,2026-07-14,1,60,1,40.0
TXN007018,2026-07-14,1,47,1,165.0
TXN007019,2026-07-14,1,33,2,170.0
TXN007019,2026-07-14,1,57,1,90.0
TXN007019,2026-07-14,1,36,3,315.0
TXN007020,2026-07-14,1,48,2,48.0
TXN007021,2026-07-14,1,2,1,35.0
TXN007021,2026-07-14,1,16,1,120.0
TXN007021,2026-07-14,1,27,2,80.0
TXN007021,2026-07-14,1,60,2,80.0
TXN007022,2026-07-14,1,28,1,75.0
TXN007022,2026-07-14,1,44,1,580.0
TXN007022,2026-07-14,1,57,1,90.0
TXN007023,2026-07-14,1,13,2,120.0
TXN007023,2026-07-14,1,45,3,405.0
TXN007023,2026-07-14,1,24,1,50.0
TXN007024,2026-07-14,1,54,1,35.0
TXN007024,2026-07-14,1,52,2,100.0
TXN007024,2026-07-14,1,7,1,130.0
TXN007024,2026-07-14,1,28,1,75.0
TXN007025,2026-07-14,1,18,3,60.0
TXN007025,2026-07-14,1,32,3,360.0
TXN007026,2026-07-14,1,5,1,95.0
TXN007026,2026-07-14,1,8,1,84.0
TXN007026,2026-07-14,1,25,2,560.0
TXN007027,2026-07-14,1,22,1,30.0
TXN007027,2026-07-14,1,39,1,140.0
TXN007028,2026-07-14,1,28,1,75.0
TXN007029,2026-07-14,1,4,1,140.0
TXN007029,2026-07-14,1,31,1,175.0
TXN007030,2026-07-14,1,49,1,85.0
TXN007030,2026-07-14,1,55,1,30.0
TXN007031,2026-07-14,1,10,1,45.0
TXN007031,2026-07-14,1,14,1,80.0
TXN007031,2026-07-14,1,50,2,520.0
TXN007032,2026-07-14,1,40,1,65.0
TXN007032,2026-07-14,1,7,1,130.0
TXN007033,2026-07-14,1,41,1,90.0
TXN007033,2026-07-14,1,23,2,50.0
TXN007034,2026-07-14,1,55,2,60.0
TXN007034,2026-07-14,1,20,1,220.0
TXN007034,2026-07-14,1,27,2,80.0
TXN007034,2026-07-14,1,58,1,25.0
TXN007034,2026-07-14,1,17,3,135.0
TXN007035,2026-07-14,2,59,1,35.0
TXN007035,2026-07-14,2,23,1,25.0
TXN007036,2026-07-14,2,2,1,35.0
TXN007036,2026-07-14,2,52,1,50.0
TXN007038,2026-07-14,2,28,1,75.0
TXN007038,2026-07-14,2,42,1,620.0
TXN007039,2026-07-14,2,53,1,40.0
TXN007039,2026-07-14,2,36,1,105.0
TXN007040,2026-07-14,2,57,2,180.0
TXN007041,2026-07-14,2,16,1,120.0
TXN007041,2026-07-14,2,36,2,210.0
TXN007042,2026-07-14,2,53,2,80.0
TXN007043,2026-07-14,2,51,1,180.0
TXN007043,2026-07-14,2,9,3,120.0
TXN007044,2026-07-14,2,11,1,35.0
TXN007044,2026-07-14,2,23,1,25.0
TXN007044,2026-07-14,2,3,1,115.0
TXN007045,2026-07-14,2,18,1,20.0
TXN007045,2026-07-14,2,56,1,120.0
TXN007046,2026-07-14,2,45,2,270.0
TXN007046,2026-07-14,2,30,1,40.0
TXN007046,2026-07-14,2,10,1,45.0
TXN007047,2026-07-14,2,43,1,240.0
TXN007047,2026-07-14,2,54,2,70.0
TXN007048,2026-07-14,2,29,1,95.0
TXN007048,2026-07-14,2,11,1,35.0
TXN007048,2026-07-14,2,32,1,120.0
TXN007049,2026-07-14,2,4,1,140.0
TXN007050,2026-07-14,2,39,1,140.0
TXN007050,2026-07-14,2,25,2,560.0
TXN007051,2026-07-14,2,12,1,90.0
TXN007051,2026-07-14,2,54,2,70.0
TXN007051,2026-07-14,2,48,1,24.0
TXN007052,2026-07-14,2,4,1,140.0
TXN007052,2026-07-14,2,10,2,90.0
TXN007052,2026-07-14,2,2,2,70.0
TXN007052,2026-07-14,2,17,2,90.0
TXN007053,2026-07-14,2,9,1,40.0
TXN007054,2026-07-14,2,51,1,180.0
TXN007054,2026-07-14,2,45,1,135.0
TXN007055,2026-07-14,2,28,1,75.0
TXN007055,2026-07-14,2,24,1,50.0
TXN007057,2026-07-14,2,2,1,35.0
TXN007057,2026-07-14,2,6,1,30.0
TXN007058,2026-07-14,2,43,2,480.0
TXN007059,2026-07-14,2,33,1,85.0
TXN007059,2026-07-14,2,24,2,100.0
TXN007061,2026-07-14,2,4,1,140.0
TXN007062,2026-07-14,2,6,1,30.0
TXN007063,2026-07-14,3,15,1,110.0
TXN007063,2026-07-14,3,1,1,64.0
TXN007063,2026-07-14,3,12,2,180.0
TXN007063,2026-07-14,3,7,1,130.0
TXN007064,2026-07-14,3,30,1,40.0
TXN007064,2026-07-14,3,14,1,80.0
TXN007065,2026-07-14,3,6,2,60.0
TXN007067,2026-07-14,3,37,1,160.0
TXN007067,2026-07-14,3,27,2,80.0
TXN007068,2026-07-14,3,59,1,35.0
TXN007069,2026-07-14,3,1,2,128.0
TXN007069,2026-07-14,3,27,1,40.0
TXN007069,2026-07-14,3,5,1,95.0
TXN007070,2026-07-14,3,45,1,135.0
TXN007071,2026-07-14,3,55,1,30.0
TXN007071,2026-07-14,3,6,2,60.0
TXN007071,2026-07-14,3,18,1,20.0
TXN007072,2026-07-14,3,6,1,30.0
TXN007072,2026-07-14,3,5,1,95.0
TXN007072,2026-07-14,3,54,1,35.0
TXN007072,2026-07-14,3,36,2,210.0
TXN007073,2026-07-14,3,6,1,30.0
TXN007073,2026-07-14,3,58,1,25.0
TXN007074,2026-07-14,3,46,2,96.0
TXN007075,2026-07-14,3,59,1,35.0
TXN007075,2026-07-14,3,58,2,50.0
TXN007075,2026-07-14,3,53,2,80.0
TXN007075,2026-07-14,3,27,1,40.0
TXN007076,2026-07-14,3,52,1,50.0
TXN007077,2026-07-14,3,32,1,120.0
TXN007077,2026-07-14,3,39,1,140.0
TXN007077,2026-07-14,3,27,1,40.0
TXN007079,2026-07-14,3,11,1,35.0
TXN007079,2026-07-14,3,12,1,90.0
TXN007080,2026-07-14,3,43,1,240.0
TXN007080,2026-07-14,3,45,1,135.0
TXN007081,2026-07-14,3,22,2,60.0
TXN007081,2026-07-14,3,55,1,30.0
TXN007081,2026-07-14,3,17,1,45.0
TXN007081,2026-07-14,3,57,1,90.0
TXN007083,2026-07-14,3,25,2,560.0
TXN007085,2026-07-15,1,23,2,50.0
TXN007085,2026-07-15,1,59,1,35.0
TXN007085,2026-07-15,1,32,1,120.0
TXN007086,2026-07-15,1,48,3,72.0
TXN007086,2026-07-15,1,36,1,105.0
TXN007086,2026-07-15,1,25,1,280.0
TXN007086,2026-07-15,1,55,2,60.0
TXN007088,2026-07-15,1,40,2,130.0
TXN007088,2026-07-15,1,60,1,40.0
TXN007089,2026-07-15,1,32,2,240.0
TXN007089,2026-07-15,1,51,1,180.0
TXN007089,2026-07-15,1,41,1,90.0
TXN007089,2026-07-15,1,2,1,35.0
TXN007090,2026-07-15,1,53,2,80.0
TXN007090,2026-07-15,1,8,1,84.0
TXN007090,2026-07-15,1,15,1,110.0
TXN007091,2026-07-15,1,57,1,90.0
TXN007091,2026-07-15,1,12,2,180.0
TXN007091,2026-07-15,1,27,1,40.0
TXN007092,2026-07-15,1,17,3,135.0
TXN007093,2026-07-15,1,29,1,95.0
TXN007094,2026-07-15,1,43,1,240.0
TXN007094,2026-07-15,1,35,1,145.0
TXN007094,2026-07-15,1,29,1,95.0
TXN007095,2026-07-15,1,24,1,50.0
TXN007096,2026-07-15,1,39,1,140.0
TXN007096,2026-07-15,1,48,1,24.0
TXN007097,2026-07-15,1,48,2,48.0
TXN007097,2026-07-15,1,7,2,260.0
TXN007097,2026-07-15,1,4,1,140.0
TXN007098,2026-07-15,1,28,1,75.0
TXN007098,2026-07-15,1,1,3,192.0
TXN007098,2026-07-15,1,6,1,30.0
TXN007098,2026-07-15,1,45,2,270.0
TXN007099,2026-07-15,1,57,1,90.0
TXN007099,2026-07-15,1,1,2,128.0
TXN007099,2026-07-15,1,58,1,25.0
TXN007099,2026-07-15,1,59,1,35.0
TXN007100,2026-07-15,1,30,1,40.0
TXN007101,2026-07-15,1,28,1,75.0
TXN007101,2026-07-15,1,32,2,240.0
TXN007101,2026-07-15,1,9,3,120.0
TXN007101,2026-07-15,1,45,2,270.0
TXN007104,2026-07-15,1,51,1,180.0
TXN007104,2026-07-15,1,10,1,45.0
TXN007104,2026-07-15,1,8,1,84.0
TXN007104,2026-07-15,1,24,1,50.0
TXN007104,2026-07-15,1,11,1,35.0
TXN007105,2026-07-15,1,59,1,35.0
TXN007105,2026-07-15,1,18,2,40.0
TXN007105,2026-07-15,1,51,2,360.0
TXN007105,2026-07-15,1,45,1,135.0
TXN007106,2026-07-15,1,23,1,25.0
TXN007107,2026-07-15,1,52,2,100.0
TXN007107,2026-07-15,1,18,1,20.0
TXN007107,2026-07-15,1,19,1,110.0
TXN007107,2026-07-15,1,45,1,135.0
TXN007108,2026-07-15,1,2,2,70.0
TXN007108,2026-07-15,1,6,2,60.0
TXN007108,2026-07-15,1,12,1,90.0
TXN007108,2026-07-15,1,43,1,240.0
TXN007108,2026-07-15,1,50,1,260.0
TXN007109,2026-07-15,1,56,1,120.0
TXN007110,2026-07-15,1,35,1,145.0
TXN007110,2026-07-15,1,10,2,90.0
TXN007110,2026-07-15,1,23,1,25.0
TXN007110,2026-07-15,1,32,1,120.0
TXN007111,2026-07-15,1,46,1,48.0
TXN007111,2026-07-15,1,16,1,120.0
TXN007111,2026-07-15,1,30,2,80.0
TXN007111,2026-07-15,1,4,1,140.0
TXN007112,2026-07-15,1,7,2,260.0
TXN007112,2026-07-15,1,21,2,620.0
TXN007112,2026-07-15,1,8,1,84.0
TXN007113,2026-07-15,1,57,2,180.0
TXN007113,2026-07-15,1,52,2,100.0
TXN007113,2026-07-15,1,35,1,145.0
TXN007114,2026-07-15,2,24,1,50.0
TXN007115,2026-07-15,2,32,2,240.0
TXN007115,2026-07-15,2,13,1,60.0
TXN007115,2026-07-15,2,60,1,40.0
TXN007115,2026-07-15,2,10,1,45.0
TXN007115,2026-07-15,2,52,1,50.0
TXN007117,2026-07-15,2,25,1,280.0
TXN007118,2026-07-15,2,18,1,20.0
TXN007118,2026-07-15,2,40,1,65.0
TXN007118,2026-07-15,2,29,3,285.0
TXN007118,2026-07-15,2,36,1,105.0
TXN007119,2026-07-15,2,53,1,40.0
TXN007120,2026-07-15,2,59,1,35.0
TXN007120,2026-07-15,2,41,1,90.0
TXN007120,2026-07-15,2,57,1,90.0
TXN007121,2026-07-15,2,33,1,85.0
TXN007121,2026-07-15,2,19,1,110.0
TXN007122,2026-07-15,2,15,1,110.0
TXN007122,2026-07-15,2,2,1,35.0
TXN007122,2026-07-15,2,49,1,85.0
TXN007122,2026-07-15,2,1,1,64.0
TXN007122,2026-07-15,2,18,1,20.0
TXN007123,2026-07-15,2,39,1,140.0
TXN007123,2026-07-15,2,45,2,270.0
TXN007123,2026-07-15,2,55,1,30.0
TXN007123,2026-07-15,2,32,1,120.0
TXN007124,2026-07-15,2,24,1,50.0
TXN007125,2026-07-15,2,4,1,140.0
TXN007125,2026-07-15,2,54,1,35.0
TXN007125,2026-07-15,2,21,1,310.0
TXN007125,2026-07-15,2,48,2,48.0
TXN007126,2026-07-15,2,42,2,1240.0
TXN007126,2026-07-15,2,37,1,160.0
TXN007126,2026-07-15,2,2,2,70.0
TXN007127,2026-07-15,2,1,2,128.0
TXN007128,2026-07-15,2,58,1,25.0
TXN007130,2026-07-15,2,32,1,120.0
TXN007130,2026-07-15,2,22,1,30.0
TXN007131,2026-07-15,2,33,1,85.0
TXN007131,2026-07-15,2,50,1,260.0
TXN007131,2026-07-15,2,1,1,64.0
TXN007131,2026-07-15,2,35,1,145.0
TXN007132,2026-07-15,2,11,1,35.0
TXN007132,2026-07-15,2,23,1,25.0
TXN007132,2026-07-15,2,21,1,310.0
TXN007132,2026-07-15,2,15,1,110.0
TXN007133,2026-07-15,2,21,1,310.0
TXN007134,2026-07-15,2,58,1,25.0
TXN007134,2026-07-15,2,4,1,140.0
TXN007134,2026-07-15,2,8,1,84.0
TXN007135,2026-07-15,2,36,1,105.0
TXN007135,2026-07-15,2,33,1,85.0
TXN007135,2026-07-15,2,31,1,175.0
TXN007136,2026-07-15,2,40,1,65.0
TXN007137,2026-07-15,2,18,1,20.0
TXN007137,2026-07-15,2,6,1,30.0
TXN007137,2026-07-15,2,33,1,85.0
TXN007137,2026-07-15,2,2,1,35.0
TXN007138,2026-07-15,2,32,1,120.0
TXN007139,2026-07-15,2,48,3,72.0
TXN007139,2026-07-15,2,5,1,95.0
TXN007140,2026-07-15,3,52,1,50.0
TXN007140,2026-07-15,3,50,1,260.0
TXN007141,2026-07-15,3,51,1,180.0
TXN007141,2026-07-15,3,50,1,260.0
TXN007141,2026-07-15,3,25,1,280.0
TXN007143,2026-07-15,3,12,1,90.0
TXN007143,2026-07-15,3,55,1,30.0
TXN007145,2026-07-15,3,29,1,95.0
TXN007147,2026-07-15,3,14,2,160.0
TXN007148,2026-07-15,3,40,1,65.0
TXN007148,2026-07-15,3,55,1,30.0
TXN007149,2026-07-15,3,37,1,160.0
TXN007150,2026-07-15,3,25,1,280.0
TXN007150,2026-07-15,3,19,1,110.0
TXN007151,2026-07-15,3,43,1,240.0
TXN007152,2026-07-15,3,21,1,310.0
TXN007153,2026-07-15,3,36,1,105.0
TXN007153,2026-07-15,3,49,1,85.0
TXN007153,2026-07-15,3,8,1,84.0
TXN007154,2026-07-15,3,25,1,280.0
TXN007154,2026-07-15,3,45,1,135.0
TXN007156,2026-07-15,3,57,1,90.0
TXN007156,2026-07-15,3,27,1,40.0
TXN007156,2026-07-15,3,50,2,520.0
TXN007156,2026-07-15,3,15,1,110.0
TXN007157,2026-07-15,3,10,1,45.0
TXN007157,2026-07-15,3,52,1,50.0
TXN007157,2026-07-15,3,53,2,80.0
TXN007158,2026-07-15,3,41,1,90.0
TXN007158,2026-07-15,3,49,1,85.0
TXN007159,2026-07-15,3,2,1,35.0
TXN007160,2026-07-15,3,16,1,120.0
TXN007160,2026-07-15,3,54,1,35.0
TXN007161,2026-07-15,3,28,1,75.0
TXN007161,2026-07-15,3,20,1,220.0
TXN007161,2026-07-15,3,30,1,40.0
TXN007162,2026-07-15,3,21,1,310.0
TXN007163,2026-07-15,3,28,1,75.0
TXN007163,2026-07-15,3,13,1,60.0
TXN007163,2026-07-15,3,27,1,40.0
TXN007163,2026-07-15,3,33,1,85.0
TXN007167,2026-07-16,1,30,1,40.0
TXN007167,2026-07-16,1,32,2,240.0
TXN007167,2026-07-16,1,4,1,140.0
TXN007168,2026-07-16,1,9,2,80.0
TXN007168,2026-07-16,1,7,1,130.0
TXN007168,2026-07-16,1,1,3,192.0
TXN007170,2026-07-16,1,42,1,620.0
TXN007171,2026-07-16,1,25,2,560.0
TXN007171,2026-07-16,1,1,2,128.0
TXN007171,2026-07-16,1,50,1,260.0
TXN007171,2026-07-16,1,57,1,90.0
TXN007172,2026-07-16,1,32,2,240.0
TXN007172,2026-07-16,1,38,1,210.0
TXN007173,2026-07-16,1,35,1,145.0
TXN007173,2026-07-16,1,44,1,580.0
TXN007174,2026-07-16,1,60,1,40.0
TXN007174,2026-07-16,1,2,1,35.0
TXN007175,2026-07-16,1,19,1,110.0
TXN007176,2026-07-16,1,39,1,140.0
TXN007176,2026-07-16,1,29,2,190.0
TXN007176,2026-07-16,1,1,3,192.0
TXN007177,2026-07-16,1,40,1,65.0
TXN007178,2026-07-16,1,59,1,35.0
TXN007178,2026-07-16,1,55,3,90.0
TXN007178,2026-07-16,1,23,2,50.0
TXN007178,2026-07-16,1,57,1,90.0
TXN007178,2026-07-16,1,47,2,330.0
TXN007179,2026-07-16,1,58,1,25.0
TXN007179,2026-07-16,1,35,1,145.0
TXN007179,2026-07-16,1,16,2,240.0
TXN007181,2026-07-16,1,7,1,130.0
TXN007181,2026-07-16,1,14,3,240.0
TXN007182,2026-07-16,1,28,1,75.0
TXN007183,2026-07-16,1,48,3,72.0
TXN007183,2026-07-16,1,47,2,330.0
TXN007183,2026-07-16,1,27,1,40.0
TXN007184,2026-07-16,1,15,1,110.0
TXN007184,2026-07-16,1,2,1,35.0
TXN007185,2026-07-16,1,54,1,35.0
TXN007186,2026-07-16,1,42,2,1240.0
TXN007187,2026-07-16,1,29,1,95.0
TXN007187,2026-07-16,1,7,2,260.0
TXN007188,2026-07-16,1,34,1,190.0
TXN007188,2026-07-16,1,32,2,240.0
TXN007188,2026-07-16,1,2,1,35.0
TXN007190,2026-07-16,1,53,2,80.0
TXN007190,2026-07-16,1,11,1,35.0
TXN007190,2026-07-16,1,8,1,84.0
TXN007191,2026-07-16,1,9,1,40.0
TXN007191,2026-07-16,1,31,1,175.0
TXN007191,2026-07-16,1,39,1,140.0
TXN007192,2026-07-16,1,11,1,35.0
TXN007192,2026-07-16,1,29,2,190.0
TXN007192,2026-07-16,1,15,1,110.0
TXN007192,2026-07-16,1,47,1,165.0
TXN007192,2026-07-16,1,52,1,50.0
TXN007193,2026-07-16,1,3,1,115.0
TXN007194,2026-07-16,1,18,1,20.0
TXN007194,2026-07-16,1,46,2,96.0
TXN007194,2026-07-16,1,26,1,450.0
TXN007194,2026-07-16,1,17,2,90.0
TXN007195,2026-07-16,1,9,3,120.0
TXN007195,2026-07-16,1,8,1,84.0
TXN007196,2026-07-16,1,21,1,310.0
TXN007197,2026-07-16,1,17,3,135.0
TXN007197,2026-07-16,1,22,1,30.0
TXN007198,2026-07-16,1,12,1,90.0
TXN007198,2026-07-16,1,40,1,65.0
TXN007198,2026-07-16,1,37,1,160.0
TXN007198,2026-07-16,1,39,1,140.0
TXN007199,2026-07-16,1,40,1,65.0
TXN007199,2026-07-16,1,18,1,20.0
TXN007199,2026-07-16,1,3,1,115.0
TXN007200,2026-07-16,1,29,1,95.0
TXN007200,2026-07-16,1,46,1,48.0
TXN007200,2026-07-16,1,15,1,110.0
TXN007201,2026-07-16,1,9,2,80.0
TXN007201,2026-07-16,1,52,1,50.0
TXN007201,2026-07-16,1,54,1,35.0
TXN007202,2026-07-16,1,48,1,24.0
TXN007202,2026-07-16,1,27,1,40.0
TXN007202,2026-07-16,1,12,1,90.0
TXN007202,2026-07-16,1,37,1,160.0
TXN007203,2026-07-16,1,4,1,140.0
TXN007203,2026-07-16,1,59,1,35.0
TXN007203,2026-07-16,1,13,1,60.0
TXN007204,2026-07-16,1,31,1,175.0
TXN007204,2026-07-16,1,15,1,110.0
TXN007204,2026-07-16,1,41,1,90.0
TXN007205,2026-07-16,1,10,1,45.0
TXN007206,2026-07-16,1,55,1,30.0
TXN007206,2026-07-16,1,25,2,560.0
TXN007207,2026-07-16,1,5,2,190.0
TXN007207,2026-07-16,1,19,1,110.0
TXN007207,2026-07-16,1,39,1,140.0
TXN007207,2026-07-16,1,51,2,360.0
TXN007209,2026-07-16,1,56,1,120.0
TXN007209,2026-07-16,1,21,1,310.0
TXN007209,2026-07-16,1,20,1,220.0
TXN007209,2026-07-16,1,22,1,30.0
TXN007209,2026-07-16,1,60,2,80.0
TXN007210,2026-07-16,1,9,2,80.0
TXN007210,2026-07-16,1,42,1,620.0
TXN007210,2026-07-16,1,48,2,48.0
TXN007210,2026-07-16,1,56,1,120.0
TXN007212,2026-07-16,2,53,2,80.0
TXN007212,2026-07-16,2,46,2,96.0
TXN007213,2026-07-16,2,33,1,85.0
TXN007213,2026-07-16,2,60,1,40.0
TXN007213,2026-07-16,2,58,1,25.0
TXN007213,2026-07-16,2,30,1,40.0
TXN007214,2026-07-16,2,27,2,80.0
TXN007215,2026-07-16,2,57,1,90.0
TXN007215,2026-07-16,2,7,2,260.0
TXN007215,2026-07-16,2,3,1,115.0
TXN007216,2026-07-16,2,49,1,85.0
TXN007216,2026-07-16,2,59,1,35.0
TXN007216,2026-07-16,2,5,1,95.0
TXN007216,2026-07-16,2,56,2,240.0
TXN007217,2026-07-16,2,41,1,90.0
TXN007218,2026-07-16,2,27,1,40.0
TXN007219,2026-07-16,2,12,2,180.0
TXN007219,2026-07-16,2,10,1,45.0
TXN007219,2026-07-16,2,30,1,40.0
TXN007220,2026-07-16,2,42,2,1240.0
TXN007220,2026-07-16,2,49,2,170.0
TXN007220,2026-07-16,2,43,1,240.0
TXN007220,2026-07-16,2,27,1,40.0
TXN007221,2026-07-16,2,19,1,110.0
TXN007221,2026-07-16,2,32,1,120.0
TXN007222,2026-07-16,2,6,2,60.0
TXN007222,2026-07-16,2,27,2,80.0
TXN007222,2026-07-16,2,1,1,64.0
TXN007223,2026-07-16,2,22,1,30.0
TXN007223,2026-07-16,2,23,1,25.0
TXN007224,2026-07-16,2,4,1,140.0
TXN007224,2026-07-16,2,17,1,45.0
TXN007226,2026-07-16,2,4,1,140.0
TXN007226,2026-07-16,2,52,1,50.0
TXN007227,2026-07-16,2,47,1,165.0
TXN007227,2026-07-16,2,15,1,110.0
TXN007227,2026-07-16,2,2,1,35.0
TXN007228,2026-07-16,2,30,1,40.0
TXN007228,2026-07-16,2,46,1,48.0
TXN007228,2026-07-16,2,18,1,20.0
TXN007228,2026-07-16,2,19,1,110.0
TXN007229,2026-07-16,2,45,2,270.0
TXN007230,2026-07-16,2,59,1,35.0
TXN007230,2026-07-16,2,32,1,120.0
TXN007231,2026-07-16,2,30,1,40.0
TXN007231,2026-07-16,2,9,2,80.0
TXN007231,2026-07-16,2,17,2,90.0
TXN007231,2026-07-16,2,41,1,90.0
TXN007232,2026-07-16,2,51,2,360.0
TXN007233,2026-07-16,2,43,1,240.0
TXN007233,2026-07-16,2,50,2,520.0
TXN007235,2026-07-16,2,2,1,35.0
TXN007237,2026-07-16,2,12,1,90.0
TXN007237,2026-07-16,2,40,1,65.0
TXN007237,2026-07-16,2,33,1,85.0
TXN007238,2026-07-16,2,25,1,280.0
TXN007239,2026-07-16,2,33,1,85.0
TXN007239,2026-07-16,2,9,1,40.0
TXN007240,2026-07-16,2,50,1,260.0
TXN007240,2026-07-16,2,4,1,140.0
TXN007240,2026-07-16,2,59,1,35.0
TXN007240,2026-07-16,2,56,1,120.0
TXN007241,2026-07-16,2,6,1,30.0
TXN007241,2026-07-16,2,50,1,260.0
TXN007242,2026-07-16,2,23,2,50.0
TXN007242,2026-07-16,2,58,1,25.0
TXN007243,2026-07-16,2,19,1,110.0
TXN007244,2026-07-16,2,45,2,270.0
TXN007244,2026-07-16,2,2,1,35.0
TXN007244,2026-07-16,2,33,1,85.0
TXN007244,2026-07-16,2,50,2,520.0
TXN007245,2026-07-16,2,22,1,30.0
TXN007246,2026-07-16,2,35,1,145.0
TXN007246,2026-07-16,2,48,2,48.0
TXN007246,2026-07-16,2,51,1,180.0
TXN007246,2026-07-16,2,42,1,620.0
TXN007248,2026-07-16,3,11,1,35.0
TXN007248,2026-07-16,3,41,1,90.0
TXN007248,2026-07-16,3,7,1,130.0
TXN007248,2026-07-16,3,51,1,180.0
TXN007249,2026-07-16,3,17,1,45.0
TXN007249,2026-07-16,3,50,2,520.0
TXN007249,2026-07-16,3,32,1,120.0
TXN007251,2026-07-16,3,24,1,50.0
TXN007251,2026-07-16,3,55,2,60.0
TXN007251,2026-07-16,3,2,1,35.0
TXN007252,2026-07-16,3,60,1,40.0
TXN007252,2026-07-16,3,9,2,80.0
TXN007252,2026-07-16,3,25,1,280.0
TXN007252,2026-07-16,3,43,1,240.0
TXN007253,2026-07-16,3,9,2,80.0
TXN007254,2026-07-16,3,39,1,140.0
TXN007254,2026-07-16,3,4,1,140.0
TXN007254,2026-07-16,3,17,2,90.0
TXN007255,2026-07-16,3,29,2,190.0
TXN007256,2026-07-16,3,11,1,35.0
TXN007256,2026-07-16,3,45,1,135.0
TXN007256,2026-07-16,3,42,1,620.0
TXN007257,2026-07-16,3,25,1,280.0
TXN007258,2026-07-16,3,7,1,130.0
TXN007259,2026-07-16,3,46,1,48.0
TXN007259,2026-07-16,3,57,1,90.0
TXN007260,2026-07-16,3,27,2,80.0
TXN007261,2026-07-16,3,7,1,130.0
TXN007262,2026-07-16,3,54,1,35.0
TXN007262,2026-07-16,3,48,1,24.0
TXN007262,2026-07-16,3,7,1,130.0
TXN007262,2026-07-16,3,24,1,50.0
TXN007263,2026-07-16,3,50,1,260.0
TXN007263,2026-07-16,3,15,1,110.0
TXN007265,2026-07-16,3,55,1,30.0
TXN007266,2026-07-16,3,25,2,560.0
TXN007266,2026-07-16,3,24,1,50.0
TXN007266,2026-07-16,3,4,1,140.0
TXN007267,2026-07-16,3,43,1,240.0
TXN007268,2026-07-16,3,50,1,260.0
TXN007268,2026-07-16,3,1,2,128.0
TXN007268,2026-07-16,3,23,1,25.0
TXN007270,2026-07-16,3,13,1,60.0
TXN007270,2026-07-16,3,7,2,260.0
TXN007270,2026-07-16,3,45,2,270.0
TXN007271,2026-07-16,3,47,1,165.0
TXN007272,2026-07-16,3,46,2,96.0
TXN007273,2026-07-17,1,12,1,90.0
TXN007274,2026-07-17,1,13,1,60.0
TXN007274,2026-07-17,1,6,1,30.0
TXN007275,2026-07-17,1,9,2,80.0
TXN007275,2026-07-17,1,55,2,60.0
TXN007275,2026-07-17,1,43,1,240.0
TXN007275,2026-07-17,1,2,2,70.0
TXN007276,2026-07-17,1,17,2,90.0
TXN007276,2026-07-17,1,42,3,1860.0
TXN007276,2026-07-17,1,39,2,280.0
TXN007277,2026-07-17,1,43,2,480.0
TXN007278,2026-07-17,1,12,1,90.0
TXN007278,2026-07-17,1,41,1,90.0
TXN007278,2026-07-17,1,17,4,180.0
TXN007278,2026-07-17,1,43,1,240.0
TXN007279,2026-07-17,1,32,2,240.0
TXN007280,2026-07-17,1,29,2,190.0
TXN007280,2026-07-17,1,55,2,60.0
TXN007280,2026-07-17,1,60,1,40.0
TXN007281,2026-07-17,1,4,1,140.0
TXN007281,2026-07-17,1,21,1,310.0
TXN007281,2026-07-17,1,44,1,580.0
TXN007281,2026-07-17,1,8,1,84.0
TXN007282,2026-07-17,1,51,2,360.0
TXN007283,2026-07-17,1,28,1,75.0
TXN007283,2026-07-17,1,29,1,95.0
TXN007283,2026-07-17,1,9,3,120.0
TXN007283,2026-07-17,1,2,1,35.0
TXN007284,2026-07-17,1,40,2,130.0
TXN007285,2026-07-17,1,52,1,50.0
TXN007285,2026-07-17,1,30,1,40.0
TXN007286,2026-07-17,1,16,1,120.0
TXN007286,2026-07-17,1,18,1,20.0
TXN007286,2026-07-17,1,1,2,128.0
TXN007287,2026-07-17,1,26,1,450.0
TXN007287,2026-07-17,1,42,1,620.0
TXN007288,2026-07-17,1,24,1,50.0
TXN007288,2026-07-17,1,27,2,80.0
TXN007288,2026-07-17,1,42,1,620.0
TXN007289,2026-07-17,1,47,2,330.0
TXN007289,2026-07-17,1,9,2,80.0
TXN007290,2026-07-17,1,6,1,30.0
TXN007290,2026-07-17,1,49,1,85.0
TXN007290,2026-07-17,1,4,1,140.0
TXN007291,2026-07-17,1,40,1,65.0
TXN007291,2026-07-17,1,51,2,360.0
TXN007292,2026-07-17,1,58,1,25.0
TXN007292,2026-07-17,1,56,1,120.0
TXN007293,2026-07-17,1,45,2,270.0
TXN007293,2026-07-17,1,32,1,120.0
TXN007293,2026-07-17,1,41,1,90.0
TXN007294,2026-07-17,1,15,1,110.0
TXN007294,2026-07-17,1,55,2,60.0
TXN007294,2026-07-17,1,54,1,35.0
TXN007295,2026-07-17,1,21,1,310.0
TXN007296,2026-07-17,1,11,2,70.0
TXN007296,2026-07-17,1,35,1,145.0
TXN007296,2026-07-17,1,39,1,140.0
TXN007297,2026-07-17,1,5,1,95.0
TXN007297,2026-07-17,1,41,1,90.0
TXN007297,2026-07-17,1,58,2,50.0
TXN007297,2026-07-17,1,54,1,35.0
TXN007297,2026-07-17,1,27,1,40.0
TXN007298,2026-07-17,1,31,1,175.0
TXN007299,2026-07-17,1,28,1,75.0
TXN007300,2026-07-17,1,8,2,168.0
TXN007300,2026-07-17,1,39,2,280.0
TXN007300,2026-07-17,1,4,1,140.0
TXN007301,2026-07-17,1,8,2,168.0
TXN007302,2026-07-17,1,43,2,480.0
TXN007302,2026-07-17,1,54,1,35.0
TXN007302,2026-07-17,1,41,1,90.0
TXN007303,2026-07-17,1,27,2,80.0
TXN007303,2026-07-17,1,29,1,95.0
TXN007303,2026-07-17,1,3,1,115.0
TXN007304,2026-07-17,1,56,1,120.0
TXN007305,2026-07-17,1,10,2,90.0
TXN007306,2026-07-17,1,33,1,85.0
TXN007307,2026-07-17,1,46,1,48.0
TXN007307,2026-07-17,1,29,1,95.0
TXN007307,2026-07-17,1,55,1,30.0
TXN007309,2026-07-17,1,28,1,75.0
TXN007309,2026-07-17,1,12,1,90.0
TXN007311,2026-07-17,1,58,1,25.0
TXN007312,2026-07-17,1,17,2,90.0
TXN007312,2026-07-17,1,32,3,360.0
TXN007312,2026-07-17,1,53,3,120.0
TXN007313,2026-07-17,1,55,2,60.0
TXN007313,2026-07-17,1,49,1,85.0
TXN007314,2026-07-17,1,55,1,30.0
TXN007314,2026-07-17,1,10,2,90.0
TXN007314,2026-07-17,1,47,2,330.0
TXN007314,2026-07-17,1,43,1,240.0
TXN007315,2026-07-17,1,5,2,190.0
TXN007315,2026-07-17,1,18,1,20.0
TXN007315,2026-07-17,1,2,1,35.0
TXN007315,2026-07-17,1,11,2,70.0
TXN007316,2026-07-17,1,39,2,280.0
TXN007316,2026-07-17,1,42,1,620.0
TXN007316,2026-07-17,1,54,2,70.0
TXN007317,2026-07-17,2,51,2,360.0
TXN007317,2026-07-17,2,21,1,310.0
TXN007317,2026-07-17,2,4,2,280.0
TXN007318,2026-07-17,2,43,1,240.0
TXN007318,2026-07-17,2,7,2,260.0
TXN007319,2026-07-17,2,31,1,175.0
TXN007319,2026-07-17,2,35,1,145.0
TXN007320,2026-07-17,2,5,2,190.0
TXN007320,2026-07-17,2,24,1,50.0
TXN007320,2026-07-17,2,7,1,130.0
TXN007320,2026-07-17,2,33,1,85.0
TXN007321,2026-07-17,2,18,2,40.0
TXN007322,2026-07-17,2,28,1,75.0
TXN007322,2026-07-17,2,47,1,165.0
TXN007323,2026-07-17,2,44,1,580.0
TXN007323,2026-07-17,2,52,2,100.0
TXN007323,2026-07-17,2,35,1,145.0
TXN007324,2026-07-17,2,17,2,90.0
TXN007324,2026-07-17,2,10,2,90.0
TXN007324,2026-07-17,2,36,3,315.0
TXN007325,2026-07-17,2,51,2,360.0
TXN007326,2026-07-17,2,4,2,280.0
TXN007326,2026-07-17,2,2,1,35.0
TXN007326,2026-07-17,2,40,1,65.0
TXN007326,2026-07-17,2,33,1,85.0
TXN007326,2026-07-17,2,55,1,30.0
TXN007328,2026-07-17,2,49,1,85.0
TXN007328,2026-07-17,2,30,1,40.0
TXN007329,2026-07-17,2,27,2,80.0
TXN007330,2026-07-17,2,2,1,35.0
TXN007330,2026-07-17,2,22,1,30.0
TXN007330,2026-07-17,2,48,1,24.0
TXN007330,2026-07-17,2,23,1,25.0
TXN007331,2026-07-17,2,46,2,96.0
TXN007331,2026-07-17,2,45,1,135.0
TXN007332,2026-07-17,2,4,1,140.0
TXN007332,2026-07-17,2,13,1,60.0
TXN007333,2026-07-17,2,56,1,120.0
TXN007333,2026-07-17,2,27,1,40.0
TXN007333,2026-07-17,2,6,1,30.0
TXN007333,2026-07-17,2,29,1,95.0
TXN007333,2026-07-17,2,23,1,25.0
TXN007334,2026-07-17,2,40,1,65.0
TXN007336,2026-07-17,2,56,2,240.0
TXN007336,2026-07-17,2,33,1,85.0
TXN007336,2026-07-17,2,60,3,120.0
TXN007337,2026-07-17,2,39,1,140.0
TXN007338,2026-07-17,2,52,1,50.0
TXN007339,2026-07-17,2,54,1,35.0
TXN007339,2026-07-17,2,9,2,80.0
TXN007339,2026-07-17,2,29,1,95.0
TXN007339,2026-07-17,2,59,1,35.0
TXN007340,2026-07-17,2,55,1,30.0
TXN007340,2026-07-17,2,11,1,35.0
TXN007340,2026-07-17,2,28,1,75.0
TXN007341,2026-07-17,2,45,1,135.0
TXN007341,2026-07-17,2,18,2,40.0
TXN007342,2026-07-17,2,16,1,120.0
TXN007343,2026-07-17,2,21,1,310.0
TXN007344,2026-07-17,3,26,1,450.0
TXN007344,2026-07-17,3,39,2,280.0
TXN007344,2026-07-17,3,18,1,20.0
TXN007344,2026-07-17,3,50,2,520.0
TXN007345,2026-07-17,3,24,1,50.0
TXN007345,2026-07-17,3,52,2,100.0
TXN007345,2026-07-17,3,16,2,240.0
TXN007346,2026-07-17,3,24,1,50.0
TXN007346,2026-07-17,3,1,2,128.0
TXN007346,2026-07-17,3,33,1,85.0
TXN007346,2026-07-17,3,49,1,85.0
TXN007347,2026-07-17,3,53,2,80.0
TXN007347,2026-07-17,3,21,2,620.0
TXN007348,2026-07-17,3,10,1,45.0
TXN007348,2026-07-17,3,18,2,40.0
TXN007349,2026-07-17,3,48,1,24.0
TXN007350,2026-07-17,3,51,2,360.0
TXN007351,2026-07-17,3,24,1,50.0
TXN007351,2026-07-17,3,2,2,70.0
TXN007352,2026-07-17,3,50,1,260.0
TXN007352,2026-07-17,3,47,1,165.0
TXN007353,2026-07-17,3,51,1,180.0
TXN007354,2026-07-17,3,25,1,280.0
TXN007355,2026-07-17,3,29,1,95.0
TXN007355,2026-07-17,3,48,2,48.0
TXN007356,2026-07-17,3,2,1,35.0
TXN007356,2026-07-17,3,28,1,75.0
TXN007357,2026-07-17,3,25,1,280.0
TXN007358,2026-07-17,3,9,2,80.0
TXN007358,2026-07-17,3,53,1,40.0
TXN007358,2026-07-17,3,10,3,135.0
TXN007359,2026-07-17,3,55,1,30.0
TXN007359,2026-07-17,3,2,1,35.0
TXN007359,2026-07-17,3,5,1,95.0
TXN007360,2026-07-17,3,29,1,95.0
TXN007361,2026-07-17,3,50,1,260.0
TXN007361,2026-07-17,3,7,1,130.0
TXN007361,2026-07-17,3,54,1,35.0
TXN007362,2026-07-17,3,49,1,85.0
TXN007363,2026-07-17,3,6,1,30.0
TXN007363,2026-07-17,3,29,1,95.0
TXN007364,2026-07-17,3,12,1,90.0
TXN007365,2026-07-17,3,46,1,48.0
TXN007366,2026-07-17,3,52,1,50.0
TXN007366,2026-07-17,3,53,1,40.0
TXN007366,2026-07-17,3,22,1,30.0
TXN007366,2026-07-17,3,29,2,190.0
TXN007367,2026-07-17,3,18,1,20.0
TXN007367,2026-07-17,3,52,1,50.0
TXN007367,2026-07-17,3,22,1,30.0
TXN007368,2026-07-17,3,35,1,145.0
TXN007369,2026-07-17,3,51,1,180.0
TXN007370,2026-07-17,3,9,1,40.0
TXN007370,2026-07-17,3,38,1,210.0
TXN007371,2026-07-17,3,4,1,140.0
TXN007371,2026-07-17,3,29,1,95.0
TXN007371,2026-07-17,3,5,1,95.0
TXN007371,2026-07-17,3,36,1,105.0
TXN007372,2026-07-17,3,39,1,140.0
TXN007372,2026-07-17,3,17,2,90.0
TXN007373,2026-07-18,1,13,1,60.0
TXN007373,2026-07-18,1,47,2,330.0
TXN007373,2026-07-18,1,40,1,65.0
TXN007375,2026-07-18,1,33,1,85.0
TXN007375,2026-07-18,1,24,1,50.0
TXN007375,2026-07-18,1,45,2,270.0
TXN007375,2026-07-18,1,32,2,240.0
TXN007376,2026-07-18,1,1,4,256.0
TXN007377,2026-07-18,1,59,2,70.0
TXN007377,2026-07-18,1,12,1,90.0
TXN007377,2026-07-18,1,21,1,310.0
TXN007377,2026-07-18,1,41,1,90.0
TXN007378,2026-07-18,1,11,1,35.0
TXN007379,2026-07-18,1,51,2,360.0
TXN007379,2026-07-18,1,53,1,40.0
TXN007379,2026-07-18,1,1,3,192.0
TXN007379,2026-07-18,1,36,2,210.0
TXN007380,2026-07-18,1,6,2,60.0
TXN007381,2026-07-18,1,19,1,110.0
TXN007382,2026-07-18,1,48,2,48.0
TXN007382,2026-07-18,1,12,2,180.0
TXN007382,2026-07-18,1,59,2,70.0
TXN007382,2026-07-18,1,14,1,80.0
TXN007382,2026-07-18,1,46,1,48.0
TXN007383,2026-07-18,1,43,1,240.0
TXN007383,2026-07-18,1,33,1,85.0
TXN007383,2026-07-18,1,17,3,135.0
TXN007383,2026-07-18,1,51,2,360.0
TXN007384,2026-07-18,1,54,2,70.0
TXN007385,2026-07-18,1,32,2,240.0
TXN007385,2026-07-18,1,55,2,60.0
TXN007385,2026-07-18,1,27,1,40.0
TXN007385,2026-07-18,1,14,1,80.0
TXN007386,2026-07-18,1,5,2,190.0
TXN007386,2026-07-18,1,60,1,40.0
TXN007386,2026-07-18,1,33,2,170.0
TXN007386,2026-07-18,1,4,1,140.0
TXN007387,2026-07-18,1,31,1,175.0
TXN007387,2026-07-18,1,32,1,120.0
TXN007387,2026-07-18,1,22,2,60.0
TXN007387,2026-07-18,1,50,2,520.0
TXN007388,2026-07-18,1,36,2,210.0
TXN007389,2026-07-18,1,55,2,60.0
TXN007389,2026-07-18,1,48,2,48.0
TXN007389,2026-07-18,1,18,2,40.0
TXN007389,2026-07-18,1,30,2,80.0
TXN007390,2026-07-18,1,25,1,280.0
TXN007390,2026-07-18,1,23,1,25.0
TXN007391,2026-07-18,1,1,2,128.0
TXN007391,2026-07-18,1,14,1,80.0
TXN007391,2026-07-18,1,4,1,140.0
TXN007391,2026-07-18,1,9,4,160.0
TXN007392,2026-07-18,1,51,2,360.0
TXN007392,2026-07-18,1,49,1,85.0
TXN007392,2026-07-18,1,2,2,70.0
TXN007392,2026-07-18,1,20,1,220.0
TXN007393,2026-07-18,1,34,1,190.0
TXN007393,2026-07-18,1,35,1,145.0
TXN007393,2026-07-18,1,36,2,210.0
TXN007394,2026-07-18,1,2,2,70.0
TXN007394,2026-07-18,1,27,3,120.0
TXN007395,2026-07-18,1,25,1,280.0
TXN007396,2026-07-18,1,57,2,180.0
TXN007396,2026-07-18,1,26,1,450.0
TXN007397,2026-07-18,1,7,2,260.0
TXN007397,2026-07-18,1,1,3,192.0
TXN007397,2026-07-18,1,23,2,50.0
TXN007397,2026-07-18,1,15,1,110.0
TXN007398,2026-07-18,1,49,2,170.0
TXN007398,2026-07-18,1,21,1,310.0
TXN007399,2026-07-18,1,10,1,45.0
TXN007399,2026-07-18,1,13,1,60.0
TXN007400,2026-07-18,1,43,2,480.0
TXN007400,2026-07-18,1,29,2,190.0
TXN007401,2026-07-18,1,42,2,1240.0
TXN007401,2026-07-18,1,57,1,90.0
TXN007401,2026-07-18,1,36,3,315.0
TXN007401,2026-07-18,1,55,2,60.0
TXN007401,2026-07-18,1,6,2,60.0
TXN007402,2026-07-18,1,56,2,240.0
TXN007403,2026-07-18,1,53,3,120.0
TXN007403,2026-07-18,1,26,1,450.0
TXN007404,2026-07-18,1,11,1,35.0
TXN007404,2026-07-18,1,3,1,115.0
TXN007404,2026-07-18,1,41,1,90.0
TXN007404,2026-07-18,1,48,2,48.0
TXN007406,2026-07-18,1,45,2,270.0
TXN007406,2026-07-18,1,44,1,580.0
TXN007407,2026-07-18,1,24,1,50.0
TXN007407,2026-07-18,1,2,2,70.0
TXN007408,2026-07-18,1,27,2,80.0
TXN007408,2026-07-18,1,9,3,120.0
TXN007409,2026-07-18,1,54,2,70.0
TXN007409,2026-07-18,1,37,1,160.0
TXN007409,2026-07-18,1,18,2,40.0
TXN007410,2026-07-18,1,43,2,480.0
TXN007410,2026-07-18,1,5,1,95.0
TXN007410,2026-07-18,1,52,1,50.0
TXN007411,2026-07-18,1,15,2,220.0
TXN007411,2026-07-18,1,43,2,480.0
TXN007412,2026-07-18,1,56,1,120.0
TXN007412,2026-07-18,1,60,1,40.0
TXN007413,2026-07-18,1,31,1,175.0
TXN007414,2026-07-18,1,22,1,30.0
TXN007414,2026-07-18,1,37,1,160.0
TXN007415,2026-07-18,1,37,1,160.0
TXN007415,2026-07-18,1,4,1,140.0
TXN007416,2026-07-18,1,15,1,110.0
TXN007416,2026-07-18,1,43,2,480.0
TXN007417,2026-07-18,1,45,1,135.0
TXN007418,2026-07-18,1,2,2,70.0
TXN007419,2026-07-18,1,10,1,45.0
TXN007419,2026-07-18,1,25,2,560.0
TXN007419,2026-07-18,1,32,2,240.0
TXN007420,2026-07-18,1,16,1,120.0
TXN007420,2026-07-18,1,42,3,1860.0
TXN007420,2026-07-18,1,8,2,168.0
TXN007420,2026-07-18,1,18,1,20.0
TXN007420,2026-07-18,1,26,1,450.0
TXN007421,2026-07-18,1,54,1,35.0
TXN007421,2026-07-18,1,24,1,50.0
TXN007422,2026-07-18,1,42,1,620.0
TXN007422,2026-07-18,1,11,1,35.0
TXN007422,2026-07-18,1,4,1,140.0
TXN007423,2026-07-18,1,2,3,105.0
TXN007423,2026-07-18,1,9,4,160.0
TXN007423,2026-07-18,1,14,2,160.0
TXN007423,2026-07-18,1,11,1,35.0
TXN007423,2026-07-18,1,1,3,192.0
TXN007424,2026-07-18,1,54,1,35.0
TXN007425,2026-07-18,1,8,3,252.0
TXN007425,2026-07-18,1,55,2,60.0
TXN007425,2026-07-18,1,32,3,360.0
TXN007425,2026-07-18,1,50,3,780.0
TXN007425,2026-07-18,1,23,1,25.0
TXN007426,2026-07-18,2,41,1,90.0
TXN007426,2026-07-18,2,23,1,25.0
TXN007426,2026-07-18,2,52,2,100.0
TXN007426,2026-07-18,2,2,1,35.0
TXN007427,2026-07-18,2,41,1,90.0
TXN007428,2026-07-18,2,47,1,165.0
TXN007429,2026-07-18,2,54,1,35.0
TXN007429,2026-07-18,2,49,1,85.0
TXN007429,2026-07-18,2,41,1,90.0
TXN007429,2026-07-18,2,32,2,240.0
TXN007429,2026-07-18,2,51,1,180.0
TXN007430,2026-07-18,2,32,1,120.0
TXN007430,2026-07-18,2,6,2,60.0
TXN007430,2026-07-18,2,57,1,90.0
TXN007430,2026-07-18,2,2,2,70.0
TXN007430,2026-07-18,2,54,1,35.0
TXN007431,2026-07-18,2,19,1,110.0
TXN007431,2026-07-18,2,51,1,180.0
TXN007432,2026-07-18,2,8,3,252.0
TXN007432,2026-07-18,2,38,1,210.0
TXN007433,2026-07-18,2,24,2,100.0
TXN007433,2026-07-18,2,38,1,210.0
TXN007433,2026-07-18,2,23,1,25.0
TXN007434,2026-07-18,2,41,2,180.0
TXN007435,2026-07-18,2,20,1,220.0
TXN007435,2026-07-18,2,13,1,60.0
TXN007435,2026-07-18,2,21,1,310.0
TXN007436,2026-07-18,2,41,1,90.0
TXN007436,2026-07-18,2,6,1,30.0
TXN007436,2026-07-18,2,51,2,360.0
TXN007437,2026-07-18,2,42,1,620.0
TXN007438,2026-07-18,2,8,2,168.0
TXN007438,2026-07-18,2,17,3,135.0
TXN007438,2026-07-18,2,46,2,96.0
TXN007438,2026-07-18,2,43,1,240.0
TXN007439,2026-07-18,2,51,2,360.0
TXN007440,2026-07-18,2,1,3,192.0
TXN007440,2026-07-18,2,11,1,35.0
TXN007440,2026-07-18,2,12,2,180.0
TXN007441,2026-07-18,2,13,1,60.0
TXN007442,2026-07-18,2,12,1,90.0
TXN007442,2026-07-18,2,2,1,35.0
TXN007442,2026-07-18,2,59,1,35.0
TXN007443,2026-07-18,2,7,2,260.0
TXN007444,2026-07-18,2,16,1,120.0
TXN007444,2026-07-18,2,29,2,190.0
TXN007445,2026-07-18,2,13,1,60.0
TXN007446,2026-07-18,2,49,2,170.0
TXN007447,2026-07-18,2,52,1,50.0
TXN007447,2026-07-18,2,42,2,1240.0
TXN007448,2026-07-18,2,19,1,110.0
TXN007448,2026-07-18,2,18,2,40.0
TXN007448,2026-07-18,2,47,1,165.0
TXN007449,2026-07-18,2,53,2,80.0
TXN007449,2026-07-18,2,23,2,50.0
TXN007449,2026-07-18,2,25,1,280.0
TXN007449,2026-07-18,2,11,1,35.0
TXN007449,2026-07-18,2,22,1,30.0
TXN007450,2026-07-18,2,42,2,1240.0
TXN007451,2026-07-18,2,51,2,360.0
TXN007451,2026-07-18,2,54,1,35.0
TXN007452,2026-07-18,2,23,2,50.0
TXN007452,2026-07-18,2,30,1,40.0
TXN007453,2026-07-18,2,57,2,180.0
TXN007453,2026-07-18,2,11,1,35.0
TXN007453,2026-07-18,2,8,2,168.0
TXN007454,2026-07-18,2,21,1,310.0
TXN007455,2026-07-18,2,16,2,240.0
TXN007456,2026-07-18,2,49,2,170.0
TXN007456,2026-07-18,2,27,2,80.0
TXN007456,2026-07-18,2,22,2,60.0
TXN007456,2026-07-18,2,54,2,70.0
TXN007457,2026-07-18,2,3,1,115.0
TXN007457,2026-07-18,2,50,2,520.0
TXN007457,2026-07-18,2,12,1,90.0
TXN007458,2026-07-18,2,1,1,64.0
TXN007458,2026-07-18,2,28,1,75.0
TXN007459,2026-07-18,2,15,1,110.0
TXN007459,2026-07-18,2,52,1,50.0
TXN007459,2026-07-18,2,4,1,140.0
TXN007459,2026-07-18,2,36,1,105.0
TXN007460,2026-07-18,2,45,2,270.0
TXN007460,2026-07-18,2,56,2,240.0
TXN007461,2026-07-18,2,48,2,48.0
TXN007462,2026-07-18,2,22,2,60.0
TXN007464,2026-07-18,2,23,1,25.0
TXN007464,2026-07-18,2,32,1,120.0
TXN007464,2026-07-18,2,19,2,220.0
TXN007464,2026-07-18,2,49,2,170.0
TXN007465,2026-07-18,2,8,1,84.0
TXN007465,2026-07-18,2,57,1,90.0
TXN007465,2026-07-18,2,20,1,220.0
TXN007465,2026-07-18,2,16,1,120.0
TXN007465,2026-07-18,2,33,1,85.0
TXN007466,2026-07-18,2,48,1,24.0
TXN007466,2026-07-18,2,52,2,100.0
TXN007467,2026-07-18,2,11,2,70.0
TXN007467,2026-07-18,2,25,2,560.0
TXN007467,2026-07-18,2,12,2,180.0
TXN007467,2026-07-18,2,48,2,48.0
TXN007468,2026-07-18,2,32,2,240.0
TXN007468,2026-07-18,2,49,2,170.0
TXN007469,2026-07-18,2,6,2,60.0
TXN007469,2026-07-18,2,43,1,240.0
TXN007469,2026-07-18,2,21,2,620.0
TXN007470,2026-07-18,2,5,1,95.0
TXN007470,2026-07-18,2,15,2,220.0
TXN007471,2026-07-18,2,42,2,1240.0
TXN007471,2026-07-18,2,55,2,60.0
TXN007471,2026-07-18,2,15,1,110.0
TXN007471,2026-07-18,2,10,1,45.0
TXN007473,2026-07-18,3,52,1,50.0
TXN007473,2026-07-18,3,47,1,165.0
TXN007473,2026-07-18,3,41,1,90.0
TXN007474,2026-07-18,3,12,1,90.0
TXN007474,2026-07-18,3,16,1,120.0
TXN007475,2026-07-18,3,43,1,240.0
TXN007475,2026-07-18,3,14,2,160.0
TXN007476,2026-07-18,3,17,3,135.0
TXN007476,2026-07-18,3,13,1,60.0
TXN007476,2026-07-18,3,5,1,95.0
TXN007476,2026-07-18,3,23,1,25.0
TXN007477,2026-07-18,3,10,1,45.0
TXN007477,2026-07-18,3,27,1,40.0
TXN007477,2026-07-18,3,5,2,190.0
TXN007477,2026-07-18,3,7,2,260.0
TXN007478,2026-07-18,3,35,1,145.0
TXN007478,2026-07-18,3,57,1,90.0
TXN007478,2026-07-18,3,51,1,180.0
TXN007479,2026-07-18,3,53,1,40.0
TXN007479,2026-07-18,3,21,2,620.0
TXN007479,2026-07-18,3,60,1,40.0
TXN007480,2026-07-18,3,42,2,1240.0
TXN007481,2026-07-18,3,21,1,310.0
TXN007481,2026-07-18,3,12,1,90.0
TXN007481,2026-07-18,3,15,1,110.0
TXN007482,2026-07-18,3,57,1,90.0
TXN007482,2026-07-18,3,39,1,140.0
TXN007482,2026-07-18,3,15,1,110.0
TXN007484,2026-07-18,3,1,2,128.0
TXN007484,2026-07-18,3,4,2,280.0
TXN007485,2026-07-18,3,44,1,580.0
TXN007485,2026-07-18,3,3,1,115.0
TXN007485,2026-07-18,3,49,1,85.0
TXN007486,2026-07-18,3,28,1,75.0
TXN007486,2026-07-18,3,5,1,95.0
TXN007487,2026-07-18,3,30,2,80.0
TXN007487,2026-07-18,3,14,1,80.0
TXN007487,2026-07-18,3,49,1,85.0
TXN007488,2026-07-18,3,29,1,95.0
TXN007488,2026-07-18,3,59,1,35.0
TXN007489,2026-07-18,3,48,2,48.0
TXN007490,2026-07-18,3,22,1,30.0
TXN007490,2026-07-18,3,1,3,192.0
TXN007490,2026-07-18,3,42,1,620.0
TXN007491,2026-07-18,3,37,1,160.0
TXN007492,2026-07-18,3,26,1,450.0
TXN007493,2026-07-18,3,17,1,45.0
TXN007493,2026-07-18,3,12,1,90.0
TXN007493,2026-07-18,3,47,1,165.0
TXN007494,2026-07-18,3,60,1,40.0
TXN007494,2026-07-18,3,47,1,165.0
TXN007495,2026-07-18,3,41,1,90.0
TXN007495,2026-07-18,3,32,2,240.0
TXN007498,2026-07-18,3,12,1,90.0
TXN007498,2026-07-18,3,24,1,50.0
TXN007498,2026-07-18,3,45,3,405.0
TXN007498,2026-07-18,3,33,1,85.0
TXN007498,2026-07-18,3,35,1,145.0
TXN007499,2026-07-18,3,27,2,80.0
TXN007500,2026-07-18,3,5,1,95.0
TXN007500,2026-07-18,3,47,1,165.0
TXN007501,2026-07-18,3,39,2,280.0
TXN007501,2026-07-18,3,1,3,192.0
TXN007502,2026-07-18,3,33,2,170.0
TXN007502,2026-07-18,3,5,1,95.0
TXN007502,2026-07-18,3,1,1,64.0
TXN007502,2026-07-18,3,22,1,30.0
TXN007502,2026-07-18,3,45,2,270.0
TXN007503,2026-07-18,3,29,2,190.0
TXN007504,2026-07-18,3,22,1,30.0
TXN007504,2026-07-18,3,58,3,75.0
TXN007504,2026-07-18,3,15,2,220.0
TXN007505,2026-07-18,3,29,1,95.0
TXN007506,2026-07-18,3,28,1,75.0
TXN007506,2026-07-18,3,37,1,160.0
TXN007507,2026-07-18,3,47,1,165.0
TXN007507,2026-07-18,3,10,2,90.0
TXN007508,2026-07-18,3,53,2,80.0
TXN007508,2026-07-18,3,33,1,85.0
TXN007508,2026-07-18,3,27,1,40.0
TXN007509,2026-07-18,3,15,2,220.0
TXN007509,2026-07-18,3,4,1,140.0
TXN007511,2026-07-19,1,32,1,120.0
TXN007511,2026-07-19,1,3,1,115.0
TXN007511,2026-07-19,1,6,1,30.0
TXN007511,2026-07-19,1,18,2,40.0
TXN007512,2026-07-19,1,17,4,180.0
TXN007513,2026-07-19,1,29,2,190.0
TXN007513,2026-07-19,1,7,1,130.0
TXN007514,2026-07-19,1,36,1,105.0
TXN007515,2026-07-19,1,12,2,180.0
TXN007515,2026-07-19,1,53,1,40.0
TXN007515,2026-07-19,1,29,2,190.0
TXN007516,2026-07-19,1,52,2,100.0
TXN007516,2026-07-19,1,9,3,120.0
TXN007517,2026-07-19,1,2,1,35.0
TXN007517,2026-07-19,1,46,2,96.0
TXN007517,2026-07-19,1,27,3,120.0
TXN007517,2026-07-19,1,49,1,85.0
TXN007518,2026-07-19,1,27,1,40.0
TXN007518,2026-07-19,1,36,1,105.0
TXN007519,2026-07-19,1,24,1,50.0
TXN007519,2026-07-19,1,50,2,520.0
TXN007519,2026-07-19,1,19,1,110.0
TXN007520,2026-07-19,1,27,2,80.0
TXN007521,2026-07-19,1,48,1,24.0
TXN007522,2026-07-19,1,18,2,40.0
TXN007522,2026-07-19,1,23,1,25.0
TXN007522,2026-07-19,1,15,2,220.0
TXN007522,2026-07-19,1,22,2,60.0
TXN007522,2026-07-19,1,31,1,175.0
TXN007523,2026-07-19,1,18,1,20.0
TXN007523,2026-07-19,1,22,3,90.0
TXN007523,2026-07-19,1,33,2,170.0
TXN007523,2026-07-19,1,15,2,220.0
TXN007523,2026-07-19,1,27,1,40.0
TXN007524,2026-07-19,1,29,1,95.0
TXN007524,2026-07-19,1,19,2,220.0
TXN007526,2026-07-19,1,19,1,110.0
TXN007527,2026-07-19,1,12,2,180.0
TXN007528,2026-07-19,1,54,1,35.0
TXN007528,2026-07-19,1,55,2,60.0
TXN007528,2026-07-19,1,25,2,560.0
TXN007529,2026-07-19,1,12,2,180.0
TXN007529,2026-07-19,1,22,1,30.0
TXN007529,2026-07-19,1,51,3,540.0
TXN007530,2026-07-19,1,29,1,95.0
TXN007530,2026-07-19,1,47,1,165.0
TXN007531,2026-07-19,1,19,1,110.0
TXN007531,2026-07-19,1,1,2,128.0
TXN007531,2026-07-19,1,15,1,110.0
TXN007531,2026-07-19,1,54,2,70.0
TXN007531,2026-07-19,1,51,2,360.0
TXN007532,2026-07-19,1,17,2,90.0
TXN007532,2026-07-19,1,6,2,60.0
TXN007532,2026-07-19,1,41,1,90.0
TXN007532,2026-07-19,1,11,1,35.0
TXN007533,2026-07-19,1,55,2,60.0
TXN007533,2026-07-19,1,8,3,252.0
TXN007533,2026-07-19,1,1,4,256.0
TXN007534,2026-07-19,1,59,1,35.0
TXN007534,2026-07-19,1,1,2,128.0
TXN007534,2026-07-19,1,56,1,120.0
TXN007534,2026-07-19,1,32,3,360.0
TXN007535,2026-07-19,1,16,2,240.0
TXN007537,2026-07-19,1,23,2,50.0
TXN007537,2026-07-19,1,58,2,50.0
TXN007538,2026-07-19,1,24,1,50.0
TXN007538,2026-07-19,1,29,2,190.0
TXN007538,2026-07-19,1,21,2,620.0
TXN007539,2026-07-19,1,1,3,192.0
TXN007539,2026-07-19,1,44,1,580.0
TXN007539,2026-07-19,1,59,1,35.0
TXN007539,2026-07-19,1,43,2,480.0
TXN007540,2026-07-19,1,14,1,80.0
TXN007541,2026-07-19,1,8,1,84.0
TXN007541,2026-07-19,1,4,2,280.0
TXN007542,2026-07-19,1,53,3,120.0
TXN007542,2026-07-19,1,8,2,168.0
TXN007542,2026-07-19,1,27,2,80.0
TXN007542,2026-07-19,1,57,1,90.0
TXN007543,2026-07-19,1,29,2,190.0
TXN007544,2026-07-19,1,19,1,110.0
TXN007544,2026-07-19,1,45,1,135.0
TXN007545,2026-07-19,1,6,2,60.0
TXN007545,2026-07-19,1,33,1,85.0
TXN007545,2026-07-19,1,14,1,80.0
TXN007546,2026-07-19,2,30,2,80.0
TXN007546,2026-07-19,2,22,1,30.0
TXN007546,2026-07-19,2,55,2,60.0
TXN007547,2026-07-19,2,18,1,20.0
TXN007547,2026-07-19,2,50,2,520.0
TXN007548,2026-07-19,2,13,1,60.0
TXN007548,2026-07-19,2,16,1,120.0
TXN007548,2026-07-19,2,56,1,120.0
TXN007549,2026-07-19,2,39,2,280.0
TXN007549,2026-07-19,2,46,1,48.0
TXN007552,2026-07-19,2,49,1,85.0
TXN007552,2026-07-19,2,21,1,310.0
TXN007552,2026-07-19,2,36,2,210.0
TXN007553,2026-07-19,2,29,3,285.0
TXN007553,2026-07-19,2,17,3,135.0
TXN007554,2026-07-19,2,59,1,35.0
TXN007555,2026-07-19,2,57,1,90.0
TXN007555,2026-07-19,2,16,1,120.0
TXN007555,2026-07-19,2,40,1,65.0
TXN007556,2026-07-19,2,19,1,110.0
TXN007556,2026-07-19,2,14,1,80.0
TXN007556,2026-07-19,2,5,1,95.0
TXN007557,2026-07-19,2,18,1,20.0
TXN007557,2026-07-19,2,55,1,30.0
TXN007558,2026-07-19,2,39,1,140.0
TXN007558,2026-07-19,2,40,1,65.0
TXN007558,2026-07-19,2,59,1,35.0
TXN007559,2026-07-19,2,9,1,40.0
TXN007559,2026-07-19,2,16,1,120.0
TXN007559,2026-07-19,2,4,2,280.0
TXN007559,2026-07-19,2,25,2,560.0
TXN007560,2026-07-19,2,42,1,620.0
TXN007561,2026-07-19,2,7,1,130.0
TXN007561,2026-07-19,2,51,2,360.0
TXN007562,2026-07-19,2,32,1,120.0
TXN007562,2026-07-19,2,52,1,50.0
TXN007563,2026-07-19,2,18,1,20.0
TXN007564,2026-07-19,2,6,1,30.0
TXN007564,2026-07-19,2,27,2,80.0
TXN007564,2026-07-19,2,31,1,175.0
TXN007565,2026-07-19,2,2,1,35.0
TXN007565,2026-07-19,2,54,1,35.0
TXN007566,2026-07-19,2,60,1,40.0
TXN007567,2026-07-19,2,46,1,48.0
TXN007568,2026-07-19,2,14,1,80.0
TXN007568,2026-07-19,2,36,1,105.0
TXN007568,2026-07-19,2,60,1,40.0
TXN007569,2026-07-19,2,18,1,20.0
TXN007569,2026-07-19,2,8,1,84.0
TXN007569,2026-07-19,2,16,2,240.0
TXN007569,2026-07-19,2,25,1,280.0
TXN007570,2026-07-19,2,39,1,140.0
TXN007570,2026-07-19,2,1,2,128.0
TXN007571,2026-07-19,2,8,2,168.0
TXN007571,2026-07-19,2,35,2,290.0
TXN007571,2026-07-19,2,45,1,135.0
TXN007572,2026-07-19,2,4,1,140.0
TXN007573,2026-07-19,2,30,2,80.0
TXN007574,2026-07-19,2,22,1,30.0
TXN007574,2026-07-19,2,47,1,165.0
TXN007574,2026-07-19,2,10,1,45.0
TXN007575,2026-07-19,2,39,1,140.0
TXN007576,2026-07-19,2,36,2,210.0
TXN007576,2026-07-19,2,31,1,175.0
TXN007577,2026-07-19,2,30,1,40.0
TXN007578,2026-07-19,2,16,2,240.0
TXN007578,2026-07-19,2,40,1,65.0
TXN007578,2026-07-19,2,8,2,168.0
TXN007578,2026-07-19,2,17,3,135.0
TXN007579,2026-07-19,2,2,1,35.0
TXN007579,2026-07-19,2,15,1,110.0
TXN007579,2026-07-19,2,27,2,80.0
TXN007580,2026-07-19,2,35,1,145.0
TXN007581,2026-07-19,2,7,2,260.0
TXN007582,2026-07-19,2,42,2,1240.0
TXN007583,2026-07-19,2,21,2,620.0
TXN007584,2026-07-19,2,54,1,35.0
TXN007584,2026-07-19,2,60,1,40.0
TXN007584,2026-07-19,2,31,1,175.0
TXN007585,2026-07-19,2,50,1,260.0
TXN007586,2026-07-19,2,27,2,80.0
TXN007586,2026-07-19,2,5,1,95.0
TXN007586,2026-07-19,2,15,1,110.0
TXN007588,2026-07-19,2,48,1,24.0
TXN007588,2026-07-19,2,52,2,100.0
TXN007589,2026-07-19,2,27,1,40.0
TXN007589,2026-07-19,2,20,1,220.0
TXN007589,2026-07-19,2,2,2,70.0
TXN007589,2026-07-19,2,40,1,65.0
TXN007590,2026-07-19,2,15,1,110.0
TXN007590,2026-07-19,2,26,1,450.0
TXN007591,2026-07-19,2,53,2,80.0
TXN007591,2026-07-19,2,17,2,90.0
TXN007592,2026-07-19,3,9,3,120.0
TXN007593,2026-07-19,3,4,1,140.0
TXN007593,2026-07-19,3,58,1,25.0
TXN007594,2026-07-19,3,45,1,135.0
TXN007596,2026-07-19,3,1,3,192.0
TXN007597,2026-07-19,3,53,2,80.0
TXN007597,2026-07-19,3,2,1,35.0
TXN007597,2026-07-19,3,23,1,25.0
TXN007597,2026-07-19,3,16,2,240.0
TXN007598,2026-07-19,3,28,1,75.0
TXN007598,2026-07-19,3,40,1,65.0
TXN007598,2026-07-19,3,27,1,40.0
TXN007598,2026-07-19,3,39,1,140.0
TXN007598,2026-07-19,3,3,1,115.0
TXN007599,2026-07-19,3,9,3,120.0
TXN007599,2026-07-19,3,52,1,50.0
TXN007600,2026-07-19,3,30,1,40.0
TXN007600,2026-07-19,3,21,1,310.0
TXN007601,2026-07-19,3,27,1,40.0
TXN007601,2026-07-19,3,55,1,30.0
TXN007601,2026-07-19,3,6,2,60.0
TXN007601,2026-07-19,3,42,3,1860.0
TXN007602,2026-07-19,3,48,2,48.0
TXN007602,2026-07-19,3,55,2,60.0
TXN007602,2026-07-19,3,52,2,100.0
TXN007602,2026-07-19,3,16,1,120.0
TXN007603,2026-07-19,3,36,2,210.0
TXN007604,2026-07-19,3,17,1,45.0
TXN007604,2026-07-19,3,51,2,360.0
TXN007604,2026-07-19,3,21,2,620.0
TXN007605,2026-07-19,3,57,1,90.0
TXN007606,2026-07-19,3,4,1,140.0
TXN007606,2026-07-19,3,47,1,165.0
TXN007606,2026-07-19,3,27,2,80.0
TXN007607,2026-07-19,3,57,1,90.0
TXN007607,2026-07-19,3,16,1,120.0
TXN007607,2026-07-19,3,43,1,240.0
TXN007607,2026-07-19,3,12,1,90.0
TXN007608,2026-07-19,3,24,1,50.0
TXN007608,2026-07-19,3,45,1,135.0
TXN007608,2026-07-19,3,58,1,25.0
TXN007608,2026-07-19,3,19,1,110.0
TXN007610,2026-07-19,3,12,3,270.0
TXN007610,2026-07-19,3,28,1,75.0
TXN007610,2026-07-19,3,17,3,135.0
TXN007612,2026-07-19,3,22,1,30.0
TXN007613,2026-07-19,3,22,1,30.0
TXN007614,2026-07-19,3,54,1,35.0
TXN007615,2026-07-19,3,32,1,120.0
TXN007616,2026-07-19,3,51,1,180.0
TXN007616,2026-07-19,3,33,1,85.0
TXN007617,2026-07-19,3,55,2,60.0
TXN007617,2026-07-19,3,5,1,95.0
TXN007617,2026-07-19,3,16,1,120.0
TXN007618,2026-07-19,3,30,1,40.0
TXN007619,2026-07-19,3,48,1,24.0
TXN007619,2026-07-19,3,2,2,70.0
TXN007619,2026-07-19,3,24,1,50.0
TXN007621,2026-07-19,3,27,2,80.0
TXN007621,2026-07-19,3,46,1,48.0
TXN007621,2026-07-19,3,23,1,25.0
TXN007622,2026-07-19,3,2,2,70.0
TXN007622,2026-07-19,3,43,2,480.0
TXN007622,2026-07-19,3,41,1,90.0
TXN007622,2026-07-19,3,42,1,620.0
TXN007623,2026-07-19,3,41,1,90.0
TXN007623,2026-07-19,3,29,2,190.0
TXN007624,2026-07-19,3,15,2,220.0
TXN007625,2026-07-19,3,15,1,110.0
TXN007625,2026-07-19,3,49,1,85.0
TXN007625,2026-07-19,3,39,2,280.0
TXN007626,2026-07-20,1,2,2,70.0
TXN007626,2026-07-20,1,45,2,270.0
TXN007626,2026-07-20,1,21,1,310.0
TXN007626,2026-07-20,1,17,4,180.0
TXN007627,2026-07-20,1,37,1,160.0
TXN007629,2026-07-20,1,1,3,192.0
TXN007630,2026-07-20,1,2,1,35.0
TXN007630,2026-07-20,1,55,2,60.0
TXN007630,2026-07-20,1,49,1,85.0
TXN007631,2026-07-20,1,10,1,45.0
TXN007631,2026-07-20,1,2,1,35.0
TXN007631,2026-07-20,1,22,1,30.0
TXN007632,2026-07-20,1,53,2,80.0
TXN007632,2026-07-20,1,10,1,45.0
TXN007632,2026-07-20,1,57,2,180.0
TXN007632,2026-07-20,1,33,1,85.0
TXN007633,2026-07-20,1,35,1,145.0
TXN007633,2026-07-20,1,45,2,270.0
TXN007633,2026-07-20,1,15,1,110.0
TXN007633,2026-07-20,1,54,1,35.0
TXN007634,2026-07-20,1,14,2,160.0
TXN007634,2026-07-20,1,2,1,35.0
TXN007635,2026-07-20,1,23,2,50.0
TXN007635,2026-07-20,1,49,1,85.0
TXN007635,2026-07-20,1,29,1,95.0
TXN007635,2026-07-20,1,36,2,210.0
TXN007636,2026-07-20,1,22,1,30.0
TXN007636,2026-07-20,1,12,1,90.0
TXN007636,2026-07-20,1,47,2,330.0
TXN007636,2026-07-20,1,56,1,120.0
TXN007637,2026-07-20,1,36,3,315.0
TXN007638,2026-07-20,1,36,1,105.0
TXN007638,2026-07-20,1,53,1,40.0
TXN007638,2026-07-20,1,41,1,90.0
TXN007640,2026-07-20,1,19,1,110.0
TXN007640,2026-07-20,1,22,1,30.0
TXN007641,2026-07-20,1,1,3,192.0
TXN007641,2026-07-20,1,58,1,25.0
TXN007642,2026-07-20,1,23,1,25.0
TXN007642,2026-07-20,1,29,2,190.0
TXN007642,2026-07-20,1,53,2,80.0
TXN007643,2026-07-20,1,22,1,30.0
TXN007643,2026-07-20,1,57,1,90.0
TXN007643,2026-07-20,1,43,2,480.0
TXN007643,2026-07-20,1,59,1,35.0
TXN007645,2026-07-20,1,2,1,35.0
TXN007646,2026-07-20,1,40,3,195.0
TXN007646,2026-07-20,1,11,1,35.0
TXN007647,2026-07-20,1,53,2,80.0
TXN007647,2026-07-20,1,58,1,25.0
TXN007647,2026-07-20,1,50,2,520.0
TXN007648,2026-07-20,1,7,1,130.0
TXN007649,2026-07-20,1,42,2,1240.0
TXN007649,2026-07-20,1,40,1,65.0
TXN007649,2026-07-20,1,48,2,48.0
TXN007649,2026-07-20,1,1,1,64.0
TXN007650,2026-07-20,1,40,1,65.0
TXN007651,2026-07-20,1,60,1,40.0
TXN007651,2026-07-20,1,9,1,40.0
TXN007651,2026-07-20,1,58,2,50.0
TXN007652,2026-07-20,1,27,2,80.0
TXN007652,2026-07-20,1,43,1,240.0
TXN007652,2026-07-20,1,18,1,20.0
TXN007652,2026-07-20,1,31,1,175.0
TXN007653,2026-07-20,1,27,1,40.0
TXN007653,2026-07-20,1,24,2,100.0
TXN007653,2026-07-20,1,9,2,80.0
TXN007654,2026-07-20,1,16,1,120.0
TXN007654,2026-07-20,1,7,1,130.0
TXN007654,2026-07-20,1,44,1,580.0
TXN007654,2026-07-20,1,58,1,25.0
TXN007654,2026-07-20,1,49,1,85.0
TXN007655,2026-07-20,1,15,3,330.0
TXN007655,2026-07-20,1,12,1,90.0
TXN007655,2026-07-20,1,6,3,90.0
TXN007655,2026-07-20,1,22,2,60.0
TXN007656,2026-07-20,1,57,2,180.0
TXN007656,2026-07-20,1,25,1,280.0
TXN007656,2026-07-20,1,46,3,144.0
TXN007656,2026-07-20,1,45,1,135.0
TXN007657,2026-07-20,1,10,1,45.0
TXN007657,2026-07-20,1,36,2,210.0
TXN007657,2026-07-20,1,55,1,30.0
TXN007658,2026-07-20,1,9,2,80.0
TXN007658,2026-07-20,1,14,1,80.0
TXN007658,2026-07-20,1,55,2,60.0
TXN007658,2026-07-20,1,20,1,220.0
TXN007659,2026-07-20,1,51,1,180.0
TXN007660,2026-07-20,2,28,1,75.0
TXN007661,2026-07-20,2,59,1,35.0
TXN007662,2026-07-20,2,11,1,35.0
TXN007662,2026-07-20,2,5,1,95.0
TXN007662,2026-07-20,2,17,2,90.0
TXN007662,2026-07-20,2,8,2,168.0
TXN007663,2026-07-20,2,52,1,50.0
TXN007663,2026-07-20,2,54,1,35.0
TXN007663,2026-07-20,2,3,1,115.0
TXN007664,2026-07-20,2,18,1,20.0
TXN007665,2026-07-20,2,29,2,190.0
TXN007666,2026-07-20,2,21,1,310.0
TXN007666,2026-07-20,2,41,1,90.0
TXN007667,2026-07-20,2,6,1,30.0
TXN007667,2026-07-20,2,53,1,40.0
TXN007668,2026-07-20,2,35,1,145.0
TXN007668,2026-07-20,2,46,1,48.0
TXN007669,2026-07-20,2,54,1,35.0
TXN007669,2026-07-20,2,14,1,80.0
TXN007669,2026-07-20,2,13,1,60.0
TXN007670,2026-07-20,2,40,1,65.0
TXN007670,2026-07-20,2,53,2,80.0
TXN007670,2026-07-20,2,35,1,145.0
TXN007671,2026-07-20,2,50,1,260.0
TXN007672,2026-07-20,2,17,2,90.0
TXN007672,2026-07-20,2,29,2,190.0
TXN007673,2026-07-20,2,28,1,75.0
TXN007674,2026-07-20,2,6,2,60.0
TXN007675,2026-07-20,2,53,2,80.0
TXN007675,2026-07-20,2,41,1,90.0
TXN007676,2026-07-20,2,33,1,85.0
TXN007676,2026-07-20,2,6,1,30.0
TXN007677,2026-07-20,2,15,2,220.0
TXN007677,2026-07-20,2,44,1,580.0
TXN007677,2026-07-20,2,16,1,120.0
TXN007677,2026-07-20,2,56,2,240.0
TXN007678,2026-07-20,2,53,1,40.0
TXN007678,2026-07-20,2,1,1,64.0
TXN007679,2026-07-20,2,7,1,130.0
TXN007681,2026-07-20,2,4,1,140.0
TXN007682,2026-07-20,2,60,1,40.0
TXN007682,2026-07-20,2,9,2,80.0
TXN007682,2026-07-20,2,6,1,30.0
TXN007683,2026-07-20,2,58,1,25.0
TXN007683,2026-07-20,2,7,1,130.0
TXN007683,2026-07-20,2,55,1,30.0
TXN007683,2026-07-20,2,43,1,240.0
TXN007683,2026-07-20,2,56,1,120.0
TXN007684,2026-07-20,2,9,2,80.0
TXN007684,2026-07-20,2,6,2,60.0
TXN007684,2026-07-20,2,22,1,30.0
TXN007685,2026-07-20,2,5,2,190.0
TXN007686,2026-07-20,2,29,1,95.0
TXN007687,2026-07-20,2,42,1,620.0
TXN007687,2026-07-20,2,28,1,75.0
TXN007688,2026-07-20,2,23,1,25.0
TXN007689,2026-07-20,2,37,1,160.0
TXN007689,2026-07-20,2,22,1,30.0
TXN007689,2026-07-20,2,13,1,60.0
TXN007689,2026-07-20,2,30,1,40.0
TXN007690,2026-07-20,2,41,1,90.0
TXN007690,2026-07-20,2,45,1,135.0
TXN007691,2026-07-20,2,15,2,220.0
TXN007691,2026-07-20,2,47,1,165.0
TXN007693,2026-07-20,2,2,2,70.0
TXN007696,2026-07-20,2,25,1,280.0
TXN007696,2026-07-20,2,47,1,165.0
TXN007696,2026-07-20,2,43,2,480.0
TXN007696,2026-07-20,2,41,1,90.0
TXN007697,2026-07-20,3,22,1,30.0
TXN007697,2026-07-20,3,46,1,48.0
TXN007700,2026-07-20,3,50,2,520.0
TXN007700,2026-07-20,3,9,3,120.0
TXN007701,2026-07-20,3,36,1,105.0
TXN007701,2026-07-20,3,48,1,24.0
TXN007701,2026-07-20,3,49,1,85.0
TXN007703,2026-07-20,3,2,1,35.0
TXN007703,2026-07-20,3,60,1,40.0
TXN007705,2026-07-20,3,60,1,40.0
TXN007705,2026-07-20,3,13,1,60.0
TXN007706,2026-07-20,3,45,1,135.0
TXN007706,2026-07-20,3,60,1,40.0
TXN007707,2026-07-20,3,10,1,45.0
TXN007708,2026-07-20,3,25,1,280.0
TXN007708,2026-07-20,3,7,1,130.0
TXN007708,2026-07-20,3,52,1,50.0
TXN007709,2026-07-20,3,32,2,240.0
TXN007709,2026-07-20,3,9,2,80.0
TXN007710,2026-07-20,3,47,1,165.0
TXN007711,2026-07-20,3,39,1,140.0
TXN007712,2026-07-20,3,22,1,30.0
TXN007712,2026-07-20,3,7,2,260.0
TXN007712,2026-07-20,3,27,2,80.0
TXN007713,2026-07-20,3,25,1,280.0
TXN007714,2026-07-20,3,7,1,130.0
TXN007715,2026-07-20,3,7,2,260.0
TXN007715,2026-07-20,3,9,1,40.0
TXN007716,2026-07-20,3,26,1,450.0
TXN007716,2026-07-20,3,15,1,110.0
TXN007716,2026-07-20,3,18,1,20.0
TXN007716,2026-07-20,3,1,2,128.0
TXN007717,2026-07-20,3,22,1,30.0
TXN007717,2026-07-20,3,46,1,48.0
TXN007717,2026-07-20,3,12,1,90.0
TXN007718,2026-07-20,3,26,1,450.0
TXN007718,2026-07-20,3,52,1,50.0
TXN007718,2026-07-20,3,22,1,30.0
TXN007719,2026-07-20,3,41,1,90.0
TXN007719,2026-07-20,3,36,1,105.0
TXN007720,2026-07-20,3,42,1,620.0
TXN007720,2026-07-20,3,2,1,35.0
TXN007721,2026-07-20,3,17,2,90.0
TXN007721,2026-07-20,3,22,2,60.0
TXN007721,2026-07-20,3,46,1,48.0
TXN007722,2026-07-20,3,30,1,40.0
TXN007723,2026-07-20,3,12,1,90.0
TXN007724,2026-07-20,3,50,1,260.0
TXN007724,2026-07-20,3,16,1,120.0
TXN007724,2026-07-20,3,23,1,25.0
TXN007724,2026-07-20,3,39,1,140.0
TXN007725,2026-07-20,3,53,1,40.0
TXN007726,2026-07-20,3,1,1,64.0
TXN007726,2026-07-20,3,43,1,240.0
TXN007727,2026-07-20,3,27,1,40.0
TXN007727,2026-07-20,3,7,2,260.0
TXN007728,2026-07-20,3,42,2,1240.0
TXN007728,2026-07-20,3,7,1,130.0
TXN007730,2026-07-20,3,21,1,310.0
TXN007731,2026-07-21,1,9,2,80.0
TXN007732,2026-07-21,1,32,1,120.0
TXN007732,2026-07-21,1,45,1,135.0
TXN007732,2026-07-21,1,7,2,260.0
TXN007732,2026-07-21,1,59,1,35.0
TXN007733,2026-07-21,1,1,2,128.0
TXN007733,2026-07-21,1,54,1,35.0
TXN007733,2026-07-21,1,7,1,130.0
TXN007735,2026-07-21,1,51,1,180.0
TXN007736,2026-07-21,1,39,2,280.0
TXN007736,2026-07-21,1,47,1,165.0
TXN007736,2026-07-21,1,11,1,35.0
TXN007737,2026-07-21,1,36,3,315.0
TXN007737,2026-07-21,1,48,2,48.0
TXN007737,2026-07-21,1,19,1,110.0
TXN007738,2026-07-21,1,9,3,120.0
TXN007738,2026-07-21,1,53,1,40.0
TXN007738,2026-07-21,1,27,1,40.0
TXN007739,2026-07-21,1,1,2,128.0
TXN007740,2026-07-21,1,27,3,120.0
TXN007740,2026-07-21,1,12,2,180.0
TXN007740,2026-07-21,1,3,1,115.0
TXN007741,2026-07-21,1,35,1,145.0
TXN007741,2026-07-21,1,2,2,70.0
TXN007742,2026-07-21,1,33,2,170.0
TXN007742,2026-07-21,1,1,2,128.0
TXN007742,2026-07-21,1,45,2,270.0
TXN007742,2026-07-21,1,16,3,360.0
TXN007742,2026-07-21,1,22,2,60.0
TXN007743,2026-07-21,1,51,1,180.0
TXN007743,2026-07-21,1,47,1,165.0
TXN007745,2026-07-21,1,1,4,256.0
TXN007745,2026-07-21,1,30,2,80.0
TXN007746,2026-07-21,1,5,1,95.0
TXN007746,2026-07-21,1,49,1,85.0
TXN007746,2026-07-21,1,28,1,75.0
TXN007747,2026-07-21,1,11,2,70.0
TXN007747,2026-07-21,1,8,2,168.0
TXN007748,2026-07-21,1,4,1,140.0
TXN007748,2026-07-21,1,29,1,95.0
TXN007748,2026-07-21,1,1,2,128.0
TXN007748,2026-07-21,1,50,2,520.0
TXN007749,2026-07-21,1,55,2,60.0
TXN007749,2026-07-21,1,53,1,40.0
TXN007749,2026-07-21,1,60,1,40.0
TXN007749,2026-07-21,1,10,1,45.0
TXN007750,2026-07-21,1,25,1,280.0
TXN007751,2026-07-21,1,40,1,65.0
TXN007751,2026-07-21,1,21,1,310.0
TXN007751,2026-07-21,1,23,2,50.0
TXN007752,2026-07-21,1,16,2,240.0
TXN007753,2026-07-21,1,30,2,80.0
TXN007753,2026-07-21,1,55,2,60.0
TXN007753,2026-07-21,1,10,1,45.0
TXN007754,2026-07-21,1,42,2,1240.0
TXN007754,2026-07-21,1,14,1,80.0
TXN007755,2026-07-21,1,6,1,30.0
TXN007755,2026-07-21,1,43,2,480.0
TXN007755,2026-07-21,1,2,1,35.0
TXN007756,2026-07-21,1,45,1,135.0
TXN007757,2026-07-21,1,18,1,20.0
TXN007758,2026-07-21,1,39,2,280.0
TXN007758,2026-07-21,1,49,1,85.0
TXN007758,2026-07-21,1,4,1,140.0
TXN007758,2026-07-21,1,51,1,180.0
TXN007759,2026-07-21,1,42,2,1240.0
TXN007759,2026-07-21,1,3,1,115.0
TXN007760,2026-07-21,1,40,1,65.0
TXN007760,2026-07-21,1,44,1,580.0
TXN007760,2026-07-21,1,47,2,330.0
TXN007760,2026-07-21,1,7,2,260.0
TXN007761,2026-07-21,2,41,1,90.0
TXN007761,2026-07-21,2,33,1,85.0
TXN007762,2026-07-21,2,17,2,90.0
TXN007762,2026-07-21,2,3,1,115.0
TXN007762,2026-07-21,2,54,1,35.0
TXN007763,2026-07-21,2,54,1,35.0
TXN007763,2026-07-21,2,2,1,35.0
TXN007763,2026-07-21,2,57,1,90.0
TXN007763,2026-07-21,2,32,2,240.0
TXN007763,2026-07-21,2,43,1,240.0
TXN007764,2026-07-21,2,23,1,25.0
TXN007765,2026-07-21,2,58,1,25.0
TXN007765,2026-07-21,2,32,2,240.0
TXN007765,2026-07-21,2,56,1,120.0
TXN007765,2026-07-21,2,14,1,80.0
TXN007766,2026-07-21,2,43,1,240.0
TXN007767,2026-07-21,2,41,1,90.0
TXN007767,2026-07-21,2,27,1,40.0
TXN007768,2026-07-21,2,47,1,165.0
TXN007768,2026-07-21,2,1,2,128.0
TXN007768,2026-07-21,2,7,1,130.0
TXN007768,2026-07-21,2,22,1,30.0
TXN007768,2026-07-21,2,45,1,135.0
TXN007769,2026-07-21,2,18,1,20.0
TXN007769,2026-07-21,2,46,2,96.0
TXN007770,2026-07-21,2,51,2,360.0
TXN007770,2026-07-21,2,44,1,580.0
TXN007772,2026-07-21,2,58,1,25.0
TXN007772,2026-07-21,2,9,2,80.0
TXN007772,2026-07-21,2,45,2,270.0
TXN007773,2026-07-21,2,52,1,50.0
TXN007773,2026-07-21,2,31,1,175.0
TXN007773,2026-07-21,2,45,1,135.0
TXN007774,2026-07-21,2,32,1,120.0
TXN007774,2026-07-21,2,19,2,220.0
TXN007774,2026-07-21,2,30,2,80.0
TXN007774,2026-07-21,2,25,1,280.0
TXN007775,2026-07-21,2,22,2,60.0
TXN007775,2026-07-21,2,29,2,190.0
TXN007776,2026-07-21,2,40,1,65.0
TXN007777,2026-07-21,2,3,1,115.0
TXN007778,2026-07-21,2,16,1,120.0
TXN007778,2026-07-21,2,18,2,40.0
TXN007778,2026-07-21,2,42,1,620.0
TXN007778,2026-07-21,2,30,1,40.0
TXN007779,2026-07-21,2,57,1,90.0
TXN007779,2026-07-21,2,50,1,260.0
TXN007779,2026-07-21,2,9,2,80.0
TXN007780,2026-07-21,2,31,1,175.0
TXN007780,2026-07-21,2,57,1,90.0
TXN007780,2026-07-21,2,23,1,25.0
TXN007780,2026-07-21,2,30,1,40.0
TXN007781,2026-07-21,2,33,1,85.0
TXN007782,2026-07-21,2,47,1,165.0
TXN007782,2026-07-21,2,23,2,50.0
TXN007782,2026-07-21,2,9,2,80.0
TXN007783,2026-07-21,2,24,1,50.0
TXN007783,2026-07-21,2,47,2,330.0
TXN007784,2026-07-21,2,33,1,85.0
TXN007784,2026-07-21,2,31,1,175.0
TXN007785,2026-07-21,2,23,1,25.0
TXN007785,2026-07-21,2,17,2,90.0
TXN007785,2026-07-21,2,26,1,450.0
TXN007786,2026-07-21,2,29,1,95.0
TXN007786,2026-07-21,2,33,1,85.0
TXN007787,2026-07-21,2,30,1,40.0
TXN007787,2026-07-21,2,1,3,192.0
TXN007787,2026-07-21,2,53,1,40.0
TXN007787,2026-07-21,2,8,1,84.0
TXN007788,2026-07-21,2,3,1,115.0
TXN007788,2026-07-21,2,28,1,75.0
TXN007788,2026-07-21,2,39,1,140.0
TXN007788,2026-07-21,2,59,1,35.0
TXN007789,2026-07-21,3,42,1,620.0
TXN007789,2026-07-21,3,8,1,84.0
TXN007791,2026-07-21,3,57,1,90.0
TXN007792,2026-07-21,3,43,1,240.0
TXN007792,2026-07-21,3,40,1,65.0
TXN007792,2026-07-21,3,30,2,80.0
TXN007792,2026-07-21,3,55,1,30.0
TXN007792,2026-07-21,3,57,1,90.0
TXN007793,2026-07-21,3,45,1,135.0
TXN007793,2026-07-21,3,51,2,360.0
TXN007794,2026-07-21,3,40,1,65.0
TXN007794,2026-07-21,3,1,2,128.0
TXN007794,2026-07-21,3,56,1,120.0
TXN007794,2026-07-21,3,38,1,210.0
TXN007795,2026-07-21,3,37,1,160.0
TXN007796,2026-07-21,3,45,1,135.0
TXN007797,2026-07-21,3,43,2,480.0
TXN007797,2026-07-21,3,52,1,50.0
TXN007797,2026-07-21,3,25,1,280.0
TXN007798,2026-07-21,3,51,1,180.0
TXN007799,2026-07-21,3,27,2,80.0
TXN007799,2026-07-21,3,21,1,310.0
TXN007799,2026-07-21,3,47,1,165.0
TXN007800,2026-07-21,3,13,1,60.0
TXN007800,2026-07-21,3,43,1,240.0
TXN007801,2026-07-21,3,4,1,140.0
TXN007801,2026-07-21,3,9,2,80.0
TXN007801,2026-07-21,3,59,1,35.0
TXN007802,2026-07-21,3,35,1,145.0
TXN007804,2026-07-21,3,6,1,30.0
TXN007804,2026-07-21,3,15,2,220.0
TXN007804,2026-07-21,3,3,1,115.0
TXN007805,2026-07-21,3,45,1,135.0
TXN007805,2026-07-21,3,16,1,120.0
TXN007805,2026-07-21,3,23,1,25.0
TXN007806,2026-07-21,3,12,2,180.0
TXN007807,2026-07-21,3,48,2,48.0
TXN007807,2026-07-21,3,12,2,180.0
TXN007808,2026-07-21,3,18,2,40.0
TXN007808,2026-07-21,3,50,1,260.0
TXN007808,2026-07-21,3,22,1,30.0
TXN007809,2026-07-21,3,13,1,60.0
TXN007809,2026-07-21,3,9,2,80.0
TXN007809,2026-07-21,3,32,2,240.0
TXN007810,2026-07-21,3,34,1,190.0
TXN007811,2026-07-21,3,1,1,64.0
TXN007811,2026-07-21,3,50,1,260.0
TXN007811,2026-07-21,3,41,1,90.0
TXN007811,2026-07-21,3,55,1,30.0
TXN007812,2026-07-22,1,12,2,180.0
TXN007813,2026-07-22,1,14,1,80.0
TXN007813,2026-07-22,1,16,1,120.0
TXN007813,2026-07-22,1,47,1,165.0
TXN007813,2026-07-22,1,24,1,50.0
TXN007814,2026-07-22,1,43,1,240.0
TXN007814,2026-07-22,1,32,2,240.0
TXN007814,2026-07-22,1,11,1,35.0
TXN007815,2026-07-22,1,23,2,50.0
TXN007815,2026-07-22,1,55,2,60.0
TXN007816,2026-07-22,1,43,1,240.0
TXN007816,2026-07-22,1,25,2,560.0
TXN007817,2026-07-22,1,47,1,165.0
TXN007817,2026-07-22,1,48,1,24.0
TXN007817,2026-07-22,1,51,1,180.0
TXN007818,2026-07-22,1,25,1,280.0
TXN007819,2026-07-22,1,22,1,30.0
TXN007820,2026-07-22,1,17,3,135.0
TXN007821,2026-07-22,1,52,1,50.0
TXN007821,2026-07-22,1,53,3,120.0
TXN007821,2026-07-22,1,58,2,50.0
TXN007822,2026-07-22,1,2,2,70.0
TXN007823,2026-07-22,1,59,1,35.0
TXN007823,2026-07-22,1,39,1,140.0
TXN007823,2026-07-22,1,9,2,80.0
TXN007823,2026-07-22,1,31,1,175.0
TXN007823,2026-07-22,1,24,1,50.0
TXN007824,2026-07-22,1,27,2,80.0
TXN007824,2026-07-22,1,36,3,315.0
TXN007825,2026-07-22,1,15,1,110.0
TXN007825,2026-07-22,1,22,2,60.0
TXN007826,2026-07-22,1,33,1,85.0
TXN007826,2026-07-22,1,24,1,50.0
TXN007827,2026-07-22,1,36,2,210.0
TXN007827,2026-07-22,1,17,2,90.0
TXN007828,2026-07-22,1,34,1,190.0
TXN007828,2026-07-22,1,51,2,360.0
TXN007828,2026-07-22,1,25,1,280.0
TXN007829,2026-07-22,1,46,2,96.0
TXN007829,2026-07-22,1,53,2,80.0
TXN007829,2026-07-22,1,56,1,120.0
TXN007831,2026-07-22,1,17,2,90.0
TXN007831,2026-07-22,1,30,1,40.0
TXN007831,2026-07-22,1,57,1,90.0
TXN007832,2026-07-22,1,21,1,310.0
TXN007832,2026-07-22,1,1,2,128.0
TXN007832,2026-07-22,1,22,2,60.0
TXN007833,2026-07-22,1,49,1,85.0
TXN007833,2026-07-22,1,41,2,180.0
TXN007833,2026-07-22,1,48,1,24.0
TXN007834,2026-07-22,1,11,1,35.0
TXN007834,2026-07-22,1,13,1,60.0
TXN007835,2026-07-22,1,16,2,240.0
TXN007835,2026-07-22,1,2,1,35.0
TXN007835,2026-07-22,1,4,1,140.0
TXN007836,2026-07-22,1,7,2,260.0
TXN007836,2026-07-22,1,3,1,115.0
TXN007836,2026-07-22,1,53,1,40.0
TXN007836,2026-07-22,1,28,1,75.0
TXN007837,2026-07-22,1,6,2,60.0
TXN007837,2026-07-22,1,49,1,85.0
TXN007838,2026-07-22,1,4,1,140.0
TXN007839,2026-07-22,1,7,1,130.0
TXN007839,2026-07-22,1,9,3,120.0
TXN007839,2026-07-22,1,53,2,80.0
TXN007839,2026-07-22,1,10,1,45.0
TXN007841,2026-07-22,1,46,2,96.0
TXN007842,2026-07-22,1,20,1,220.0
TXN007842,2026-07-22,1,9,2,80.0
TXN007842,2026-07-22,1,10,1,45.0
TXN007843,2026-07-22,1,2,1,35.0
TXN007843,2026-07-22,1,10,1,45.0
TXN007844,2026-07-22,1,1,3,192.0
TXN007845,2026-07-22,1,7,2,260.0
TXN007846,2026-07-22,1,11,1,35.0
TXN007846,2026-07-22,1,43,1,240.0
TXN007846,2026-07-22,1,17,3,135.0
TXN007847,2026-07-22,1,22,1,30.0
TXN007847,2026-07-22,1,15,1,110.0
TXN007848,2026-07-22,1,8,1,84.0
TXN007848,2026-07-22,1,41,1,90.0
TXN007848,2026-07-22,1,32,2,240.0
TXN007848,2026-07-22,1,27,1,40.0
TXN007849,2026-07-22,1,48,1,24.0
TXN007849,2026-07-22,1,32,1,120.0
TXN007849,2026-07-22,1,52,3,150.0
TXN007850,2026-07-22,1,30,1,40.0
TXN007850,2026-07-22,1,60,1,40.0
TXN007850,2026-07-22,1,24,1,50.0
TXN007851,2026-07-22,1,3,1,115.0
TXN007851,2026-07-22,1,39,1,140.0
TXN007851,2026-07-22,1,4,2,280.0
TXN007851,2026-07-22,1,26,1,450.0
TXN007852,2026-07-22,1,32,2,240.0
TXN007853,2026-07-22,1,54,1,35.0
TXN007854,2026-07-22,1,12,1,90.0
TXN007855,2026-07-22,1,43,1,240.0
TXN007855,2026-07-22,1,35,1,145.0
TXN007855,2026-07-22,1,46,1,48.0
TXN007856,2026-07-22,1,10,1,45.0
TXN007856,2026-07-22,1,5,1,95.0
TXN007856,2026-07-22,1,18,1,20.0
TXN007856,2026-07-22,1,28,2,150.0
TXN007856,2026-07-22,1,11,1,35.0
TXN007857,2026-07-22,2,47,1,165.0
TXN007858,2026-07-22,2,12,2,180.0
TXN007858,2026-07-22,2,47,1,165.0
TXN007858,2026-07-22,2,11,1,35.0
TXN007859,2026-07-22,2,25,2,560.0
TXN007860,2026-07-22,2,56,1,120.0
TXN007860,2026-07-22,2,46,2,96.0
TXN007861,2026-07-22,2,5,1,95.0
TXN007861,2026-07-22,2,11,1,35.0
TXN007862,2026-07-22,2,17,2,90.0
TXN007862,2026-07-22,2,52,2,100.0
TXN007864,2026-07-22,2,15,1,110.0
TXN007864,2026-07-22,2,37,1,160.0
TXN007864,2026-07-22,2,46,1,48.0
TXN007864,2026-07-22,2,58,2,50.0
TXN007865,2026-07-22,2,45,2,270.0
TXN007865,2026-07-22,2,13,1,60.0
TXN007865,2026-07-22,2,42,2,1240.0
TXN007865,2026-07-22,2,30,1,40.0
TXN007865,2026-07-22,2,18,1,20.0
TXN007867,2026-07-22,2,24,1,50.0
TXN007867,2026-07-22,2,51,2,360.0
TXN007867,2026-07-22,2,6,2,60.0
TXN007867,2026-07-22,2,47,1,165.0
TXN007869,2026-07-22,2,22,1,30.0
TXN007869,2026-07-22,2,36,2,210.0
TXN007870,2026-07-22,2,23,1,25.0
TXN007870,2026-07-22,2,52,1,50.0
TXN007871,2026-07-22,2,48,1,24.0
TXN007871,2026-07-22,2,45,1,135.0
TXN007872,2026-07-22,2,1,3,192.0
TXN007872,2026-07-22,2,36,1,105.0
TXN007872,2026-07-22,2,27,1,40.0
TXN007873,2026-07-22,2,26,1,450.0
TXN007873,2026-07-22,2,30,1,40.0
TXN007874,2026-07-22,2,7,1,130.0
TXN007874,2026-07-22,2,36,2,210.0
TXN007874,2026-07-22,2,16,1,120.0
TXN007874,2026-07-22,2,48,1,24.0
TXN007875,2026-07-22,2,37,1,160.0
TXN007875,2026-07-22,2,9,3,120.0
TXN007875,2026-07-22,2,54,1,35.0
TXN007876,2026-07-22,2,9,2,80.0
TXN007877,2026-07-22,2,41,1,90.0
TXN007878,2026-07-22,2,58,1,25.0
TXN007879,2026-07-22,2,42,2,1240.0
TXN007879,2026-07-22,2,5,1,95.0
TXN007880,2026-07-22,2,2,2,70.0
TXN007880,2026-07-22,2,42,1,620.0
TXN007880,2026-07-22,2,37,1,160.0
TXN007881,2026-07-22,2,16,1,120.0
TXN007882,2026-07-22,2,54,2,70.0
TXN007882,2026-07-22,2,19,1,110.0
TXN007883,2026-07-22,2,46,1,48.0
TXN007883,2026-07-22,2,10,1,45.0
TXN007884,2026-07-22,2,9,2,80.0
TXN007884,2026-07-22,2,27,1,40.0
TXN007885,2026-07-22,2,20,1,220.0
TXN007886,2026-07-22,2,5,1,95.0
TXN007887,2026-07-22,2,51,1,180.0
TXN007887,2026-07-22,2,8,2,168.0
TXN007888,2026-07-22,2,35,1,145.0
TXN007888,2026-07-22,2,16,2,240.0
TXN007888,2026-07-22,2,42,2,1240.0
TXN007888,2026-07-22,2,59,1,35.0
TXN007889,2026-07-22,3,11,1,35.0
TXN007890,2026-07-22,3,29,1,95.0
TXN007891,2026-07-22,3,33,2,170.0
TXN007891,2026-07-22,3,27,1,40.0
TXN007893,2026-07-22,3,47,1,165.0
TXN007894,2026-07-22,3,7,3,390.0
TXN007895,2026-07-22,3,50,3,780.0
TXN007895,2026-07-22,3,1,1,64.0
TXN007896,2026-07-22,3,7,1,130.0
TXN007896,2026-07-22,3,8,1,84.0
TXN007897,2026-07-22,3,2,1,35.0
TXN007897,2026-07-22,3,18,1,20.0
TXN007897,2026-07-22,3,17,3,135.0
TXN007898,2026-07-22,3,45,1,135.0
TXN007899,2026-07-22,3,2,1,35.0
TXN007899,2026-07-22,3,19,1,110.0
TXN007899,2026-07-22,3,37,1,160.0
TXN007899,2026-07-22,3,39,2,280.0
TXN007900,2026-07-22,3,6,1,30.0
TXN007900,2026-07-22,3,9,2,80.0
TXN007900,2026-07-22,3,5,1,95.0
TXN007901,2026-07-22,3,2,1,35.0
TXN007904,2026-07-22,3,27,1,40.0
TXN007904,2026-07-22,3,1,1,64.0
TXN007905,2026-07-22,3,23,1,25.0
TXN007906,2026-07-22,3,8,1,84.0
TXN007906,2026-07-22,3,18,1,20.0
TXN007906,2026-07-22,3,47,1,165.0
TXN007907,2026-07-22,3,44,1,580.0
TXN007908,2026-07-22,3,50,1,260.0
TXN007908,2026-07-22,3,15,1,110.0
TXN007909,2026-07-22,3,12,1,90.0
TXN007909,2026-07-22,3,47,1,165.0
TXN007910,2026-07-22,3,8,2,168.0
TXN007910,2026-07-22,3,3,1,115.0
TXN007911,2026-07-23,1,41,1,90.0
TXN007912,2026-07-23,1,12,2,180.0
TXN007912,2026-07-23,1,21,1,310.0
TXN007912,2026-07-23,1,23,2,50.0
TXN007913,2026-07-23,1,12,1,90.0
TXN007914,2026-07-23,1,1,3,192.0
TXN007914,2026-07-23,1,29,2,190.0
TXN007915,2026-07-23,1,42,2,1240.0
TXN007915,2026-07-23,1,20,1,220.0
TXN007915,2026-07-23,1,53,1,40.0
TXN007915,2026-07-23,1,47,1,165.0
TXN007916,2026-07-23,1,48,1,24.0
TXN007917,2026-07-23,1,50,2,520.0
TXN007918,2026-07-23,1,7,2,260.0
TXN007918,2026-07-23,1,1,2,128.0
TXN007919,2026-07-23,1,16,1,120.0
TXN007919,2026-07-23,1,51,1,180.0
TXN007919,2026-07-23,1,5,1,95.0
TXN007919,2026-07-23,1,56,1,120.0
TXN007920,2026-07-23,1,40,1,65.0
TXN007920,2026-07-23,1,33,1,85.0
TXN007920,2026-07-23,1,8,1,84.0
TXN007921,2026-07-23,1,9,1,40.0
TXN007921,2026-07-23,1,43,1,240.0
TXN007921,2026-07-23,1,45,1,135.0
TXN007921,2026-07-23,1,51,2,360.0
TXN007922,2026-07-23,1,22,1,30.0
TXN007923,2026-07-23,1,10,1,45.0
TXN007923,2026-07-23,1,52,2,100.0
TXN007924,2026-07-23,1,46,2,96.0
TXN007924,2026-07-23,1,22,1,30.0
TXN007924,2026-07-23,1,53,2,80.0
TXN007925,2026-07-23,1,35,1,145.0
TXN007925,2026-07-23,1,60,1,40.0
TXN007926,2026-07-23,1,58,1,25.0
TXN007926,2026-07-23,1,18,1,20.0
TXN007927,2026-07-23,1,41,1,90.0
TXN007928,2026-07-23,1,10,2,90.0
TXN007928,2026-07-23,1,53,2,80.0
TXN007928,2026-07-23,1,13,1,60.0
TXN007929,2026-07-23,1,43,1,240.0
TXN007929,2026-07-23,1,25,1,280.0
TXN007930,2026-07-23,1,32,2,240.0
TXN007931,2026-07-23,1,17,2,90.0
TXN007932,2026-07-23,1,6,1,30.0
TXN007932,2026-07-23,1,46,2,96.0
TXN007932,2026-07-23,1,45,1,135.0
TXN007933,2026-07-23,1,23,1,25.0
TXN007934,2026-07-23,1,12,1,90.0
TXN007934,2026-07-23,1,16,2,240.0
TXN007934,2026-07-23,1,51,1,180.0
TXN007934,2026-07-23,1,28,1,75.0
TXN007935,2026-07-23,1,29,2,190.0
TXN007936,2026-07-23,1,21,1,310.0
TXN007936,2026-07-23,1,47,2,330.0
TXN007936,2026-07-23,1,8,2,168.0
TXN007937,2026-07-23,1,50,1,260.0
TXN007937,2026-07-23,1,8,2,168.0
TXN007938,2026-07-23,1,1,2,128.0
TXN007938,2026-07-23,1,44,1,580.0
TXN007938,2026-07-23,1,16,1,120.0
TXN007939,2026-07-23,1,58,2,50.0
TXN007939,2026-07-23,1,31,1,175.0
TXN007939,2026-07-23,1,14,1,80.0
TXN007940,2026-07-23,1,53,1,40.0
TXN007941,2026-07-23,1,45,3,405.0
TXN007942,2026-07-23,1,23,1,25.0
TXN007942,2026-07-23,1,2,1,35.0
TXN007944,2026-07-23,1,14,1,80.0
TXN007944,2026-07-23,1,3,1,115.0
TXN007944,2026-07-23,1,27,1,40.0
TXN007944,2026-07-23,1,40,1,65.0
TXN007945,2026-07-23,1,60,2,80.0
TXN007946,2026-07-23,1,48,2,48.0
TXN007946,2026-07-23,1,19,1,110.0
TXN007946,2026-07-23,1,50,1,260.0
TXN007946,2026-07-23,1,5,1,95.0
TXN007947,2026-07-23,1,39,1,140.0
TXN007948,2026-07-23,1,29,1,95.0
TXN007949,2026-07-23,1,8,2,168.0
TXN007949,2026-07-23,1,48,2,48.0
TXN007949,2026-07-23,1,58,1,25.0
TXN007949,2026-07-23,1,40,1,65.0
TXN007950,2026-07-23,1,54,1,35.0
TXN007950,2026-07-23,1,6,1,30.0
TXN007951,2026-07-23,1,8,2,168.0
TXN007952,2026-07-23,1,28,1,75.0
TXN007952,2026-07-23,1,29,2,190.0
TXN007952,2026-07-23,1,22,1,30.0
TXN007952,2026-07-23,1,24,1,50.0
TXN007953,2026-07-23,2,22,1,30.0
TXN007953,2026-07-23,2,42,1,620.0
TXN007953,2026-07-23,2,56,1,120.0
TXN007954,2026-07-23,2,58,1,25.0
TXN007954,2026-07-23,2,12,1,90.0
TXN007955,2026-07-23,2,16,2,240.0
TXN007955,2026-07-23,2,53,1,40.0
TXN007955,2026-07-23,2,36,2,210.0
TXN007955,2026-07-23,2,26,1,450.0
TXN007955,2026-07-23,2,3,1,115.0
TXN007956,2026-07-23,2,55,2,60.0
TXN007956,2026-07-23,2,24,1,50.0
TXN007957,2026-07-23,2,5,1,95.0
TXN007957,2026-07-23,2,57,2,180.0
TXN007957,2026-07-23,2,21,1,310.0
TXN007958,2026-07-23,2,39,1,140.0
TXN007958,2026-07-23,2,60,1,40.0
TXN007959,2026-07-23,2,11,1,35.0
TXN007962,2026-07-23,2,35,1,145.0
TXN007962,2026-07-23,2,6,1,30.0
TXN007962,2026-07-23,2,55,2,60.0
TXN007962,2026-07-23,2,1,3,192.0
TXN007963,2026-07-23,2,10,2,90.0
TXN007963,2026-07-23,2,55,2,60.0
TXN007963,2026-07-23,2,16,2,240.0
TXN007963,2026-07-23,2,17,2,90.0
TXN007963,2026-07-23,2,59,1,35.0
TXN007964,2026-07-23,2,46,1,48.0
TXN007964,2026-07-23,2,35,1,145.0
TXN007964,2026-07-23,2,52,1,50.0
TXN007965,2026-07-23,2,37,1,160.0
TXN007966,2026-07-23,2,17,2,90.0
TXN007966,2026-07-23,2,18,1,20.0
TXN007966,2026-07-23,2,58,1,25.0
TXN007967,2026-07-23,2,46,2,96.0
TXN007967,2026-07-23,2,5,1,95.0
TXN007967,2026-07-23,2,42,2,1240.0
TXN007968,2026-07-23,2,9,1,40.0
TXN007968,2026-07-23,2,7,2,260.0
TXN007968,2026-07-23,2,2,1,35.0
TXN007969,2026-07-23,2,2,1,35.0
TXN007969,2026-07-23,2,48,1,24.0
TXN007969,2026-07-23,2,55,1,30.0
TXN007969,2026-07-23,2,12,1,90.0
TXN007970,2026-07-23,2,38,1,210.0
TXN007971,2026-07-23,2,33,1,85.0
TXN007971,2026-07-23,2,52,2,100.0
TXN007971,2026-07-23,2,17,3,135.0
TXN007972,2026-07-23,2,23,1,25.0
TXN007972,2026-07-23,2,57,1,90.0
TXN007973,2026-07-23,2,36,2,210.0
TXN007973,2026-07-23,2,29,2,190.0
TXN007973,2026-07-23,2,27,2,80.0
TXN007974,2026-07-23,2,17,2,90.0
TXN007974,2026-07-23,2,15,1,110.0
TXN007974,2026-07-23,2,47,1,165.0
TXN007975,2026-07-23,2,50,1,260.0
TXN007976,2026-07-23,2,33,1,85.0
TXN007977,2026-07-23,2,29,1,95.0
TXN007977,2026-07-23,2,15,1,110.0
TXN007978,2026-07-23,2,7,2,260.0
TXN007979,2026-07-23,2,12,1,90.0
TXN007979,2026-07-23,2,46,1,48.0
TXN007980,2026-07-23,2,32,1,120.0
TXN007981,2026-07-23,2,55,1,30.0
TXN007981,2026-07-23,2,13,1,60.0
TXN007982,2026-07-23,2,21,2,620.0
TXN007983,2026-07-23,2,8,2,168.0
TXN007983,2026-07-23,2,49,1,85.0
TXN007984,2026-07-23,3,39,2,280.0
TXN007984,2026-07-23,3,27,1,40.0
TXN007984,2026-07-23,3,3,1,115.0
TXN007985,2026-07-23,3,33,2,170.0
TXN007985,2026-07-23,3,46,1,48.0
TXN007986,2026-07-23,3,37,1,160.0
TXN007987,2026-07-23,3,17,2,90.0
TXN007987,2026-07-23,3,45,1,135.0
TXN007987,2026-07-23,3,41,1,90.0
TXN007988,2026-07-23,3,22,1,30.0
TXN007989,2026-07-23,3,57,1,90.0
TXN007990,2026-07-23,3,49,1,85.0
TXN007990,2026-07-23,3,2,1,35.0
TXN007991,2026-07-23,3,3,1,115.0
TXN007991,2026-07-23,3,9,1,40.0
TXN007991,2026-07-23,3,39,1,140.0
TXN007991,2026-07-23,3,46,1,48.0
TXN007992,2026-07-23,3,56,1,120.0
TXN007993,2026-07-23,3,2,2,70.0
TXN007994,2026-07-23,3,40,1,65.0
TXN007995,2026-07-23,3,46,1,48.0
TXN007995,2026-07-23,3,45,1,135.0
TXN007996,2026-07-23,3,4,1,140.0
TXN007996,2026-07-23,3,33,1,85.0
TXN007997,2026-07-23,3,60,1,40.0
TXN007997,2026-07-23,3,18,1,20.0
TXN007998,2026-07-23,3,10,1,45.0
TXN007998,2026-07-23,3,39,1,140.0
TXN007998,2026-07-23,3,42,1,620.0
TXN007998,2026-07-23,3,48,2,48.0
TXN007999,2026-07-23,3,7,1,130.0
TXN007999,2026-07-23,3,42,1,620.0
TXN008000,2026-07-23,3,34,1,190.0
TXN008000,2026-07-23,3,55,1,30.0
TXN008001,2026-07-23,3,39,1,140.0
TXN008001,2026-07-23,3,23,1,25.0
TXN008003,2026-07-23,3,22,1,30.0
TXN008003,2026-07-23,3,1,2,128.0
TXN008004,2026-07-23,3,51,1,180.0
TXN008004,2026-07-23,3,55,1,30.0
TXN008005,2026-07-24,1,25,1,280.0
TXN008005,2026-07-24,1,5,1,95.0
TXN008005,2026-07-24,1,18,1,20.0
TXN008006,2026-07-24,1,54,3,105.0
TXN008007,2026-07-24,1,48,1,24.0
TXN008007,2026-07-24,1,15,2,220.0
TXN008007,2026-07-24,1,10,2,90.0
TXN008007,2026-07-24,1,40,1,65.0
TXN008008,2026-07-24,1,45,1,135.0
TXN008008,2026-07-24,1,17,2,90.0
TXN008009,2026-07-24,1,22,1,30.0
TXN008009,2026-07-24,1,29,1,95.0
TXN008009,2026-07-24,1,34,1,190.0
TXN008010,2026-07-24,1,5,1,95.0
TXN008010,2026-07-24,1,17,3,135.0
TXN008011,2026-07-24,1,25,2,560.0
TXN008011,2026-07-24,1,2,2,70.0
TXN008011,2026-07-24,1,47,2,330.0
TXN008013,2026-07-24,1,54,1,35.0
TXN008013,2026-07-24,1,9,3,120.0
TXN008013,2026-07-24,1,29,1,95.0
TXN008014,2026-07-24,1,1,2,128.0
TXN008014,2026-07-24,1,9,2,80.0
TXN008014,2026-07-24,1,15,3,330.0
TXN008016,2026-07-24,1,18,2,40.0
TXN008016,2026-07-24,1,43,1,240.0
TXN008016,2026-07-24,1,1,3,192.0
TXN008017,2026-07-24,1,52,1,50.0
TXN008017,2026-07-24,1,53,2,80.0
TXN008018,2026-07-24,1,15,1,110.0
TXN008019,2026-07-24,1,30,2,80.0
TXN008019,2026-07-24,1,24,1,50.0
TXN008020,2026-07-24,1,1,2,128.0
TXN008020,2026-07-24,1,15,1,110.0
TXN008020,2026-07-24,1,50,2,520.0
TXN008021,2026-07-24,1,49,1,85.0
TXN008021,2026-07-24,1,37,1,160.0
TXN008021,2026-07-24,1,16,2,240.0
TXN008021,2026-07-24,1,29,1,95.0
TXN008022,2026-07-24,1,12,2,180.0
TXN008023,2026-07-24,1,17,3,135.0
TXN008023,2026-07-24,1,57,1,90.0
TXN008023,2026-07-24,1,32,1,120.0
TXN008024,2026-07-24,1,40,2,130.0
TXN008024,2026-07-24,1,43,1,240.0
TXN008025,2026-07-24,1,5,2,190.0
TXN008026,2026-07-24,1,25,1,280.0
TXN008026,2026-07-24,1,45,1,135.0
TXN008026,2026-07-24,1,56,2,240.0
TXN008027,2026-07-24,1,35,1,145.0
TXN008027,2026-07-24,1,22,2,60.0
TXN008027,2026-07-24,1,47,2,330.0
TXN008027,2026-07-24,1,10,2,90.0
TXN008028,2026-07-24,1,15,2,220.0
TXN008028,2026-07-24,1,18,2,40.0
TXN008028,2026-07-24,1,42,1,620.0
TXN008028,2026-07-24,1,50,1,260.0
TXN008028,2026-07-24,1,2,1,35.0
TXN008029,2026-07-24,1,56,1,120.0
TXN008029,2026-07-24,1,55,2,60.0
TXN008030,2026-07-24,1,40,1,65.0
TXN008030,2026-07-24,1,58,1,25.0
TXN008031,2026-07-24,1,1,2,128.0
TXN008031,2026-07-24,1,45,1,135.0
TXN008032,2026-07-24,1,40,1,65.0
TXN008032,2026-07-24,1,3,1,115.0
TXN008032,2026-07-24,1,46,1,48.0
TXN008033,2026-07-24,1,29,1,95.0
TXN008033,2026-07-24,1,52,2,100.0
TXN008033,2026-07-24,1,30,2,80.0
TXN008034,2026-07-24,1,30,2,80.0
TXN008034,2026-07-24,1,13,1,60.0
TXN008034,2026-07-24,1,31,1,175.0
TXN008034,2026-07-24,1,51,2,360.0
TXN008034,2026-07-24,1,35,1,145.0
TXN008035,2026-07-24,1,14,1,80.0
TXN008035,2026-07-24,1,25,1,280.0
TXN008035,2026-07-24,1,31,1,175.0
TXN008036,2026-07-24,1,45,1,135.0
TXN008038,2026-07-24,1,27,1,40.0
TXN008038,2026-07-24,1,50,2,520.0
TXN008039,2026-07-24,1,40,1,65.0
TXN008040,2026-07-24,1,33,1,85.0
TXN008042,2026-07-24,1,17,3,135.0
TXN008043,2026-07-24,1,28,2,150.0
TXN008043,2026-07-24,1,29,2,190.0
TXN008043,2026-07-24,1,3,1,115.0
TXN008043,2026-07-24,1,44,1,580.0
TXN008043,2026-07-24,1,30,1,40.0
TXN008044,2026-07-24,1,30,2,80.0
TXN008044,2026-07-24,1,10,2,90.0
TXN008045,2026-07-24,1,13,1,60.0
TXN008045,2026-07-24,1,21,1,310.0
TXN008046,2026-07-24,1,2,1,35.0
TXN008047,2026-07-24,1,15,1,110.0
TXN008048,2026-07-24,1,16,2,240.0
TXN008048,2026-07-24,1,17,3,135.0
TXN008048,2026-07-24,1,22,2,60.0
TXN008049,2026-07-24,2,23,2,50.0
TXN008050,2026-07-24,2,55,1,30.0
TXN008050,2026-07-24,2,12,2,180.0
TXN008051,2026-07-24,2,22,1,30.0
TXN008051,2026-07-24,2,6,2,60.0
TXN008051,2026-07-24,2,29,1,95.0
TXN008051,2026-07-24,2,51,2,360.0
TXN008051,2026-07-24,2,39,1,140.0
TXN008052,2026-07-24,2,43,1,240.0
TXN008052,2026-07-24,2,39,1,140.0
TXN008052,2026-07-24,2,13,1,60.0
TXN008052,2026-07-24,2,53,1,40.0
TXN008053,2026-07-24,2,21,1,310.0
TXN008053,2026-07-24,2,16,2,240.0
TXN008053,2026-07-24,2,36,1,105.0
TXN008054,2026-07-24,2,55,2,60.0
TXN008055,2026-07-24,2,24,1,50.0
TXN008055,2026-07-24,2,16,2,240.0
TXN008056,2026-07-24,2,53,2,80.0
TXN008056,2026-07-24,2,47,1,165.0
TXN008057,2026-07-24,2,45,1,135.0
TXN008057,2026-07-24,2,26,1,450.0
TXN008058,2026-07-24,2,39,1,140.0
TXN008058,2026-07-24,2,55,1,30.0
TXN008059,2026-07-24,2,1,2,128.0
TXN008059,2026-07-24,2,24,1,50.0
TXN008060,2026-07-24,2,3,1,115.0
TXN008062,2026-07-24,2,56,1,120.0
TXN008062,2026-07-24,2,40,1,65.0
TXN008063,2026-07-24,2,27,1,40.0
TXN008064,2026-07-24,2,33,1,85.0
TXN008064,2026-07-24,2,8,2,168.0
TXN008064,2026-07-24,2,2,1,35.0
TXN008065,2026-07-24,2,9,2,80.0
TXN008066,2026-07-24,2,19,1,110.0
TXN008066,2026-07-24,2,10,1,45.0
TXN008066,2026-07-24,2,56,1,120.0
TXN008066,2026-07-24,2,9,2,80.0
TXN008067,2026-07-24,2,14,1,80.0
TXN008067,2026-07-24,2,42,1,620.0
TXN008068,2026-07-24,2,58,1,25.0
TXN008068,2026-07-24,2,11,1,35.0
TXN008068,2026-07-24,2,37,1,160.0
TXN008068,2026-07-24,2,38,1,210.0
TXN008069,2026-07-24,2,60,1,40.0
TXN008069,2026-07-24,2,2,1,35.0
TXN008070,2026-07-24,2,40,1,65.0
TXN008070,2026-07-24,2,13,1,60.0
TXN008070,2026-07-24,2,49,1,85.0
TXN008073,2026-07-24,2,47,1,165.0
TXN008074,2026-07-24,2,33,1,85.0
TXN008074,2026-07-24,2,16,3,360.0
TXN008075,2026-07-24,2,56,1,120.0
TXN008075,2026-07-24,2,27,2,80.0
TXN008076,2026-07-24,2,53,1,40.0
TXN008077,2026-07-24,3,59,1,35.0
TXN008077,2026-07-24,3,16,2,240.0
TXN008078,2026-07-24,3,7,1,130.0
TXN008079,2026-07-24,3,18,1,20.0
TXN008079,2026-07-24,3,22,1,30.0
TXN008081,2026-07-24,3,39,2,280.0
TXN008082,2026-07-24,3,56,1,120.0
TXN008082,2026-07-24,3,16,1,120.0
TXN008082,2026-07-24,3,25,1,280.0
TXN008084,2026-07-24,3,58,1,25.0
TXN008085,2026-07-24,3,27,1,40.0
TXN008086,2026-07-24,3,1,3,192.0
TXN008086,2026-07-24,3,49,1,85.0
TXN008086,2026-07-24,3,6,2,60.0
TXN008086,2026-07-24,3,22,2,60.0
TXN008087,2026-07-24,3,39,1,140.0
TXN008088,2026-07-24,3,42,2,1240.0
TXN008089,2026-07-24,3,4,1,140.0
TXN008089,2026-07-24,3,1,1,64.0
TXN008090,2026-07-24,3,24,1,50.0
TXN008091,2026-07-24,3,23,1,25.0
TXN008092,2026-07-24,3,12,1,90.0
TXN008094,2026-07-24,3,45,1,135.0
TXN008094,2026-07-24,3,53,1,40.0
TXN008094,2026-07-24,3,2,1,35.0
TXN008095,2026-07-24,3,18,1,20.0
TXN008095,2026-07-24,3,36,2,210.0
TXN008095,2026-07-24,3,57,1,90.0
TXN008095,2026-07-24,3,45,1,135.0
TXN008096,2026-07-24,3,47,1,165.0
TXN008096,2026-07-24,3,14,1,80.0
TXN008096,2026-07-24,3,46,2,96.0
TXN008097,2026-07-24,3,6,1,30.0
TXN008097,2026-07-24,3,59,1,35.0
TXN008098,2026-07-24,3,41,1,90.0
TXN008099,2026-07-24,3,42,1,620.0
TXN008099,2026-07-24,3,5,1,95.0
TXN008099,2026-07-24,3,45,1,135.0
TXN008100,2026-07-24,3,5,1,95.0
TXN008101,2026-07-24,3,55,2,60.0
TXN008101,2026-07-24,3,25,1,280.0
TXN008101,2026-07-24,3,57,1,90.0
TXN008101,2026-07-24,3,46,2,96.0
TXN008103,2026-07-24,3,10,1,45.0
TXN008103,2026-07-24,3,50,1,260.0
TXN008103,2026-07-24,3,51,1,180.0
TXN008104,2026-07-24,3,13,1,60.0
TXN008104,2026-07-24,3,31,1,175.0
TXN008104,2026-07-24,3,14,2,160.0
TXN008105,2026-07-25,1,42,2,1240.0
TXN008105,2026-07-25,1,45,2,270.0
TXN008105,2026-07-25,1,20,1,220.0
TXN008105,2026-07-25,1,23,2,50.0
TXN008106,2026-07-25,1,5,1,95.0
TXN008106,2026-07-25,1,52,1,50.0
TXN008106,2026-07-25,1,17,2,90.0
TXN008106,2026-07-25,1,2,2,70.0
TXN008107,2026-07-25,1,36,2,210.0
TXN008108,2026-07-25,1,16,1,120.0
TXN008109,2026-07-25,1,32,1,120.0
TXN008110,2026-07-25,1,1,3,192.0
TXN008111,2026-07-25,1,20,1,220.0
TXN008111,2026-07-25,1,47,2,330.0
TXN008111,2026-07-25,1,43,2,480.0
TXN008113,2026-07-25,1,7,1,130.0
TXN008113,2026-07-25,1,1,3,192.0
TXN008113,2026-07-25,1,56,1,120.0
TXN008113,2026-07-25,1,47,1,165.0
TXN008114,2026-07-25,1,21,2,620.0
TXN008114,2026-07-25,1,54,1,35.0
TXN008115,2026-07-25,1,7,2,260.0
TXN008115,2026-07-25,1,60,1,40.0
TXN008115,2026-07-25,1,10,1,45.0
TXN008116,2026-07-25,1,35,1,145.0
TXN008116,2026-07-25,1,29,1,95.0
TXN008116,2026-07-25,1,4,1,140.0
TXN008116,2026-07-25,1,5,1,95.0
TXN008116,2026-07-25,1,59,1,35.0
TXN008117,2026-07-25,1,52,2,100.0
TXN008117,2026-07-25,1,28,1,75.0
TXN008117,2026-07-25,1,8,2,168.0
TXN008117,2026-07-25,1,7,2,260.0
TXN008118,2026-07-25,1,39,1,140.0
TXN008119,2026-07-25,1,48,3,72.0
TXN008119,2026-07-25,1,22,2,60.0
TXN008119,2026-07-25,1,60,1,40.0
TXN008119,2026-07-25,1,49,1,85.0
TXN008120,2026-07-25,1,53,1,40.0
TXN008120,2026-07-25,1,51,2,360.0
TXN008120,2026-07-25,1,27,3,120.0
TXN008120,2026-07-25,1,46,1,48.0
TXN008121,2026-07-25,1,1,3,192.0
TXN008122,2026-07-25,1,15,2,220.0
TXN008122,2026-07-25,1,45,2,270.0
TXN008123,2026-07-25,1,53,2,80.0
TXN008123,2026-07-25,1,25,2,560.0
TXN008123,2026-07-25,1,22,2,60.0
TXN008123,2026-07-25,1,24,1,50.0
TXN008123,2026-07-25,1,41,1,90.0
TXN008124,2026-07-25,1,47,1,165.0
TXN008124,2026-07-25,1,42,2,1240.0
TXN008124,2026-07-25,1,52,2,100.0
TXN008124,2026-07-25,1,13,1,60.0
TXN008124,2026-07-25,1,25,2,560.0
TXN008125,2026-07-25,1,2,1,35.0
TXN008125,2026-07-25,1,48,2,48.0
TXN008125,2026-07-25,1,32,1,120.0
TXN008125,2026-07-25,1,17,4,180.0
TXN008125,2026-07-25,1,43,1,240.0
TXN008126,2026-07-25,1,50,1,260.0
TXN008126,2026-07-25,1,42,2,1240.0
TXN008126,2026-07-25,1,1,3,192.0
TXN008126,2026-07-25,1,47,2,330.0
TXN008127,2026-07-25,1,28,1,75.0
TXN008128,2026-07-25,1,15,1,110.0
TXN008128,2026-07-25,1,10,1,45.0
TXN008128,2026-07-25,1,22,1,30.0
TXN008128,2026-07-25,1,29,2,190.0
TXN008129,2026-07-25,1,4,1,140.0
TXN008131,2026-07-25,1,48,3,72.0
TXN008131,2026-07-25,1,30,1,40.0
TXN008131,2026-07-25,1,58,2,50.0
TXN008132,2026-07-25,1,22,1,30.0
TXN008132,2026-07-25,1,6,1,30.0
TXN008132,2026-07-25,1,36,3,315.0
TXN008133,2026-07-25,1,11,1,35.0
TXN008133,2026-07-25,1,40,2,130.0
TXN008133,2026-07-25,1,28,1,75.0
TXN008134,2026-07-25,1,9,3,120.0
TXN008134,2026-07-25,1,36,2,210.0
TXN008135,2026-07-25,1,60,1,40.0
TXN008135,2026-07-25,1,42,2,1240.0
TXN008135,2026-07-25,1,43,2,480.0
TXN008135,2026-07-25,1,11,1,35.0
TXN008136,2026-07-25,1,12,1,90.0
TXN008136,2026-07-25,1,25,2,560.0
TXN008136,2026-07-25,1,21,2,620.0
TXN008136,2026-07-25,1,50,1,260.0
TXN008137,2026-07-25,1,22,1,30.0
TXN008137,2026-07-25,1,54,2,70.0
TXN008138,2026-07-25,1,7,1,130.0
TXN008138,2026-07-25,1,19,1,110.0
TXN008139,2026-07-25,1,9,3,120.0
TXN008139,2026-07-25,1,47,2,330.0
TXN008139,2026-07-25,1,24,2,100.0
TXN008139,2026-07-25,1,15,2,220.0
TXN008140,2026-07-25,1,2,2,70.0
TXN008140,2026-07-25,1,1,3,192.0
TXN008141,2026-07-25,1,28,1,75.0
TXN008141,2026-07-25,1,20,1,220.0
TXN008141,2026-07-25,1,54,2,70.0
TXN008142,2026-07-25,1,33,2,170.0
TXN008142,2026-07-25,1,56,1,120.0
TXN008142,2026-07-25,1,2,1,35.0
TXN008143,2026-07-25,1,31,1,175.0
TXN008143,2026-07-25,1,2,1,35.0
TXN008143,2026-07-25,1,43,1,240.0
TXN008143,2026-07-25,1,9,2,80.0
TXN008144,2026-07-25,1,42,1,620.0
TXN008144,2026-07-25,1,31,1,175.0
TXN008145,2026-07-25,1,43,1,240.0
TXN008145,2026-07-25,1,28,1,75.0
TXN008145,2026-07-25,1,42,2,1240.0
TXN008146,2026-07-25,1,55,1,30.0
TXN008147,2026-07-25,1,40,1,65.0
TXN008147,2026-07-25,1,25,2,560.0
TXN008147,2026-07-25,1,29,2,190.0
TXN008148,2026-07-25,1,14,1,80.0
TXN008148,2026-07-25,1,37,1,160.0
TXN008148,2026-07-25,1,27,3,120.0
TXN008149,2026-07-25,1,32,1,120.0
TXN008150,2026-07-25,1,9,3,120.0
TXN008150,2026-07-25,1,3,1,115.0
TXN008151,2026-07-25,1,53,2,80.0
TXN008151,2026-07-25,1,52,2,100.0
TXN008151,2026-07-25,1,1,2,128.0
TXN008152,2026-07-25,1,16,2,240.0
TXN008152,2026-07-25,1,42,2,1240.0
TXN008153,2026-07-25,1,6,3,90.0
TXN008153,2026-07-25,1,52,2,100.0
TXN008153,2026-07-25,1,15,1,110.0
TXN008153,2026-07-25,1,14,1,80.0
TXN008154,2026-07-25,1,57,1,90.0
TXN008154,2026-07-25,1,43,3,720.0
TXN008154,2026-07-25,1,20,1,220.0
TXN008154,2026-07-25,1,44,1,580.0
TXN008155,2026-07-25,1,52,2,100.0
TXN008155,2026-07-25,1,46,1,48.0
TXN008155,2026-07-25,1,22,2,60.0
TXN008156,2026-07-25,1,4,1,140.0
TXN008156,2026-07-25,1,59,1,35.0
TXN008156,2026-07-25,1,13,1,60.0
TXN008156,2026-07-25,1,32,2,240.0
TXN008156,2026-07-25,1,8,2,168.0
TXN008157,2026-07-25,1,26,1,450.0
TXN008158,2026-07-25,1,47,1,165.0
TXN008158,2026-07-25,1,54,3,105.0
TXN008159,2026-07-25,2,48,1,24.0
TXN008159,2026-07-25,2,55,2,60.0
TXN008161,2026-07-25,2,42,1,620.0
TXN008161,2026-07-25,2,45,1,135.0
TXN008161,2026-07-25,2,30,1,40.0
TXN008162,2026-07-25,2,17,3,135.0
TXN008162,2026-07-25,2,41,1,90.0
TXN008163,2026-07-25,2,39,2,280.0
TXN008163,2026-07-25,2,17,2,90.0
TXN008163,2026-07-25,2,11,1,35.0
TXN008163,2026-07-25,2,18,1,20.0
TXN008165,2026-07-25,2,8,3,252.0
TXN008165,2026-07-25,2,5,1,95.0
TXN008166,2026-07-25,2,42,1,620.0
TXN008166,2026-07-25,2,15,1,110.0
TXN008166,2026-07-25,2,53,2,80.0
TXN008167,2026-07-25,2,45,2,270.0
TXN008167,2026-07-25,2,9,3,120.0
TXN008168,2026-07-25,2,41,1,90.0
TXN008169,2026-07-25,2,54,1,35.0
TXN008169,2026-07-25,2,52,2,100.0
TXN008169,2026-07-25,2,58,1,25.0
TXN008169,2026-07-25,2,7,1,130.0
TXN008170,2026-07-25,2,18,2,40.0
TXN008170,2026-07-25,2,50,1,260.0
TXN008171,2026-07-25,2,47,1,165.0
TXN008172,2026-07-25,2,51,2,360.0
TXN008172,2026-07-25,2,47,2,330.0
TXN008172,2026-07-25,2,4,1,140.0
TXN008173,2026-07-25,2,22,2,60.0
TXN008173,2026-07-25,2,14,1,80.0
TXN008173,2026-07-25,2,2,2,70.0
TXN008174,2026-07-25,2,7,2,260.0
TXN008174,2026-07-25,2,10,1,45.0
TXN008174,2026-07-25,2,31,1,175.0
TXN008175,2026-07-25,2,41,1,90.0
TXN008176,2026-07-25,2,29,2,190.0
TXN008176,2026-07-25,2,45,2,270.0
TXN008176,2026-07-25,2,9,3,120.0
TXN008176,2026-07-25,2,17,1,45.0
TXN008177,2026-07-25,2,21,1,310.0
TXN008177,2026-07-25,2,55,1,30.0
TXN008178,2026-07-25,2,35,1,145.0
TXN008178,2026-07-25,2,23,1,25.0
TXN008179,2026-07-25,2,49,1,85.0
TXN008179,2026-07-25,2,57,1,90.0
TXN008180,2026-07-25,2,10,1,45.0
TXN008180,2026-07-25,2,33,1,85.0
TXN008180,2026-07-25,2,48,2,48.0
TXN008181,2026-07-25,2,9,2,80.0
TXN008181,2026-07-25,2,4,1,140.0
TXN008182,2026-07-25,2,58,1,25.0
TXN008182,2026-07-25,2,37,1,160.0
TXN008183,2026-07-25,2,47,1,165.0
TXN008184,2026-07-25,2,33,2,170.0
TXN008184,2026-07-25,2,30,2,80.0
TXN008184,2026-07-25,2,27,2,80.0
TXN008185,2026-07-25,2,4,1,140.0
TXN008185,2026-07-25,2,37,1,160.0
TXN008186,2026-07-25,2,22,2,60.0
TXN008186,2026-07-25,2,25,1,280.0
TXN008186,2026-07-25,2,47,2,330.0
TXN008186,2026-07-25,2,54,1,35.0
TXN008186,2026-07-25,2,40,1,65.0
TXN008187,2026-07-25,2,26,1,450.0
TXN008188,2026-07-25,2,59,1,35.0
TXN008188,2026-07-25,2,35,2,290.0
TXN008188,2026-07-25,2,34,1,190.0
TXN008189,2026-07-25,2,17,3,135.0
TXN008189,2026-07-25,2,59,1,35.0
TXN008189,2026-07-25,2,5,1,95.0
TXN008191,2026-07-25,2,25,1,280.0
TXN008191,2026-07-25,2,32,3,360.0
TXN008191,2026-07-25,2,48,2,48.0
TXN008191,2026-07-25,2,3,1,115.0
TXN008192,2026-07-25,2,8,1,84.0
TXN008192,2026-07-25,2,45,2,270.0
TXN008192,2026-07-25,2,54,1,35.0
TXN008193,2026-07-25,2,57,1,90.0
TXN008194,2026-07-25,2,28,1,75.0
TXN008194,2026-07-25,2,23,1,25.0
TXN008195,2026-07-25,2,18,1,20.0
TXN008195,2026-07-25,2,58,1,25.0
TXN008196,2026-07-25,2,58,1,25.0
TXN008197,2026-07-25,2,60,1,40.0
TXN008198,2026-07-25,2,30,1,40.0
TXN008198,2026-07-25,2,11,1,35.0
TXN008198,2026-07-25,2,10,2,90.0
TXN008198,2026-07-25,2,36,1,105.0
TXN008199,2026-07-25,3,32,1,120.0
TXN008199,2026-07-25,3,60,1,40.0
TXN008199,2026-07-25,3,19,1,110.0
TXN008199,2026-07-25,3,11,1,35.0
TXN008200,2026-07-25,3,43,2,480.0
TXN008200,2026-07-25,3,29,1,95.0
TXN008201,2026-07-25,3,52,1,50.0
TXN008202,2026-07-25,3,42,2,1240.0
TXN008203,2026-07-25,3,10,1,45.0
TXN008203,2026-07-25,3,14,1,80.0
TXN008203,2026-07-25,3,15,1,110.0
TXN008203,2026-07-25,3,24,1,50.0
TXN008204,2026-07-25,3,51,2,360.0
TXN008204,2026-07-25,3,52,1,50.0
TXN008205,2026-07-25,3,36,1,105.0
TXN008206,2026-07-25,3,55,2,60.0
TXN008206,2026-07-25,3,8,1,84.0
TXN008206,2026-07-25,3,60,1,40.0
TXN008207,2026-07-25,3,21,1,310.0
TXN008207,2026-07-25,3,41,1,90.0
TXN008207,2026-07-25,3,20,1,220.0
TXN008208,2026-07-25,3,31,1,175.0
TXN008208,2026-07-25,3,4,1,140.0
TXN008208,2026-07-25,3,9,1,40.0
TXN008208,2026-07-25,3,8,2,168.0
TXN008209,2026-07-25,3,48,2,48.0
TXN008209,2026-07-25,3,49,2,170.0
TXN008209,2026-07-25,3,3,1,115.0
TXN008210,2026-07-25,3,17,2,90.0
TXN008210,2026-07-25,3,6,1,30.0
TXN008211,2026-07-25,3,40,1,65.0
TXN008212,2026-07-25,3,27,1,40.0
TXN008213,2026-07-25,3,53,2,80.0
TXN008214,2026-07-25,3,43,2,480.0
TXN008214,2026-07-25,3,18,2,40.0
TXN008214,2026-07-25,3,50,1,260.0
TXN008214,2026-07-25,3,21,1,310.0
TXN008215,2026-07-25,3,56,1,120.0
TXN008216,2026-07-25,3,16,1,120.0
TXN008216,2026-07-25,3,12,1,90.0
TXN008217,2026-07-25,3,53,1,40.0
TXN008218,2026-07-25,3,22,2,60.0
TXN008218,2026-07-25,3,8,1,84.0
TXN008218,2026-07-25,3,12,1,90.0
TXN008219,2026-07-25,3,5,1,95.0
TXN008219,2026-07-25,3,19,1,110.0
TXN008219,2026-07-25,3,9,2,80.0
TXN008220,2026-07-25,3,17,2,90.0
TXN008220,2026-07-25,3,36,2,210.0
TXN008220,2026-07-25,3,29,1,95.0
TXN008221,2026-07-25,3,11,1,35.0
TXN008221,2026-07-25,3,43,1,240.0
TXN008222,2026-07-25,3,54,2,70.0
TXN008222,2026-07-25,3,58,2,50.0
TXN008223,2026-07-25,3,1,2,128.0
TXN008223,2026-07-25,3,32,1,120.0
TXN008223,2026-07-25,3,38,1,210.0
TXN008224,2026-07-25,3,47,2,330.0
TXN008224,2026-07-25,3,53,2,80.0
TXN008225,2026-07-25,3,55,1,30.0
TXN008226,2026-07-25,3,54,1,35.0
TXN008226,2026-07-25,3,41,1,90.0
TXN008227,2026-07-25,3,42,2,1240.0
TXN008227,2026-07-25,3,2,1,35.0
TXN008227,2026-07-25,3,35,1,145.0
TXN008228,2026-07-25,3,12,1,90.0
TXN008229,2026-07-25,3,32,2,240.0
TXN008229,2026-07-25,3,24,1,50.0
TXN008230,2026-07-26,1,18,1,20.0
TXN008231,2026-07-26,1,36,2,210.0
TXN008231,2026-07-26,1,3,1,115.0
TXN008232,2026-07-26,1,17,3,135.0
TXN008233,2026-07-26,1,44,1,580.0
TXN008233,2026-07-26,1,8,1,84.0
TXN008234,2026-07-26,1,32,2,240.0
TXN008234,2026-07-26,1,53,1,40.0
TXN008235,2026-07-26,1,27,1,40.0
TXN008236,2026-07-26,1,40,1,65.0
TXN008236,2026-07-26,1,18,2,40.0
TXN008236,2026-07-26,1,21,2,620.0
TXN008237,2026-07-26,1,47,2,330.0
TXN008238,2026-07-26,1,2,1,35.0
TXN008238,2026-07-26,1,44,1,580.0
TXN008239,2026-07-26,1,51,3,540.0
TXN008240,2026-07-26,1,33,1,85.0
TXN008240,2026-07-26,1,7,1,130.0
TXN008240,2026-07-26,1,41,1,90.0
TXN008240,2026-07-26,1,43,2,480.0
TXN008241,2026-07-26,1,53,2,80.0
TXN008241,2026-07-26,1,49,1,85.0
TXN008241,2026-07-26,1,2,2,70.0
TXN008241,2026-07-26,1,39,1,140.0
TXN008241,2026-07-26,1,35,1,145.0
TXN008242,2026-07-26,1,18,2,40.0
TXN008242,2026-07-26,1,50,1,260.0
TXN008243,2026-07-26,1,24,2,100.0
TXN008244,2026-07-26,1,25,2,560.0
TXN008244,2026-07-26,1,32,2,240.0
TXN008245,2026-07-26,1,12,2,180.0
TXN008245,2026-07-26,1,10,1,45.0
TXN008245,2026-07-26,1,7,2,260.0
TXN008247,2026-07-26,1,13,1,60.0
TXN008247,2026-07-26,1,50,1,260.0
TXN008247,2026-07-26,1,56,1,120.0
TXN008247,2026-07-26,1,12,1,90.0
TXN008248,2026-07-26,1,53,2,80.0
TXN008248,2026-07-26,1,45,1,135.0
TXN008248,2026-07-26,1,50,1,260.0
TXN008249,2026-07-26,1,54,1,35.0
TXN008249,2026-07-26,1,51,2,360.0
TXN008250,2026-07-26,1,28,1,75.0
TXN008250,2026-07-26,1,53,3,120.0
TXN008250,2026-07-26,1,47,1,165.0
TXN008250,2026-07-26,1,1,3,192.0
TXN008251,2026-07-26,1,42,1,620.0
TXN008251,2026-07-26,1,37,1,160.0
TXN008252,2026-07-26,1,59,1,35.0
TXN008252,2026-07-26,1,31,1,175.0
TXN008252,2026-07-26,1,5,1,95.0
TXN008253,2026-07-26,1,43,1,240.0
TXN008253,2026-07-26,1,1,3,192.0
TXN008254,2026-07-26,1,8,2,168.0
TXN008254,2026-07-26,1,46,2,96.0
TXN008254,2026-07-26,1,6,2,60.0
TXN008257,2026-07-26,1,57,1,90.0
TXN008257,2026-07-26,1,48,2,48.0
TXN008257,2026-07-26,1,27,1,40.0
TXN008258,2026-07-26,1,39,1,140.0
TXN008258,2026-07-26,1,25,1,280.0
TXN008258,2026-07-26,1,53,2,80.0
TXN008258,2026-07-26,1,27,1,40.0
TXN008259,2026-07-26,1,46,3,144.0
TXN008259,2026-07-26,1,51,2,360.0
TXN008259,2026-07-26,1,52,1,50.0
TXN008259,2026-07-26,1,23,1,25.0
TXN008260,2026-07-26,1,44,1,580.0
TXN008261,2026-07-26,1,19,1,110.0
TXN008261,2026-07-26,1,39,2,280.0
TXN008262,2026-07-26,1,8,2,168.0
TXN008262,2026-07-26,1,32,2,240.0
TXN008262,2026-07-26,1,30,1,40.0
TXN008263,2026-07-26,1,7,2,260.0
TXN008263,2026-07-26,1,55,2,60.0
TXN008264,2026-07-26,1,52,1,50.0
TXN008265,2026-07-26,1,33,1,85.0
TXN008265,2026-07-26,1,6,1,30.0
TXN008266,2026-07-26,1,29,1,95.0
TXN008266,2026-07-26,1,14,1,80.0
TXN008266,2026-07-26,1,7,2,260.0
TXN008267,2026-07-26,1,60,1,40.0
TXN008268,2026-07-26,1,33,2,170.0
TXN008269,2026-07-26,1,16,1,120.0
TXN008269,2026-07-26,1,11,1,35.0
TXN008270,2026-07-26,1,14,1,80.0
TXN008270,2026-07-26,1,48,2,48.0
TXN008271,2026-07-26,1,15,1,110.0
TXN008271,2026-07-26,1,5,1,95.0
TXN008271,2026-07-26,1,45,2,270.0
TXN008272,2026-07-26,1,58,2,50.0
TXN008273,2026-07-26,1,49,1,85.0
TXN008273,2026-07-26,1,23,1,25.0
TXN008274,2026-07-26,1,56,2,240.0
TXN008274,2026-07-26,1,17,3,135.0
TXN008274,2026-07-26,1,14,2,160.0
TXN008275,2026-07-26,1,11,1,35.0
TXN008275,2026-07-26,1,21,1,310.0
TXN008275,2026-07-26,1,7,1,130.0
TXN008277,2026-07-26,1,42,2,1240.0
TXN008278,2026-07-26,1,45,1,135.0
TXN008278,2026-07-26,1,3,1,115.0
TXN008278,2026-07-26,1,12,1,90.0
TXN008278,2026-07-26,1,60,2,80.0
TXN008278,2026-07-26,1,33,2,170.0
TXN008279,2026-07-26,1,7,2,260.0
TXN008279,2026-07-26,1,49,1,85.0
TXN008279,2026-07-26,1,37,1,160.0
TXN008279,2026-07-26,1,43,2,480.0
TXN008280,2026-07-26,1,7,1,130.0
TXN008280,2026-07-26,1,59,1,35.0
TXN008281,2026-07-26,1,22,2,60.0
TXN008281,2026-07-26,1,7,3,390.0
TXN008281,2026-07-26,1,14,1,80.0
TXN008282,2026-07-26,1,45,2,270.0
TXN008282,2026-07-26,1,19,1,110.0
TXN008282,2026-07-26,1,55,2,60.0
TXN008282,2026-07-26,1,25,2,560.0
TXN008283,2026-07-26,1,15,1,110.0
TXN008283,2026-07-26,1,29,2,190.0
TXN008284,2026-07-26,2,6,1,30.0
TXN008284,2026-07-26,2,9,2,80.0
TXN008284,2026-07-26,2,32,1,120.0
TXN008285,2026-07-26,2,16,2,240.0
TXN008285,2026-07-26,2,52,2,100.0
TXN008286,2026-07-26,2,55,1,30.0
TXN008286,2026-07-26,2,1,2,128.0
TXN008287,2026-07-26,2,9,4,160.0
TXN008287,2026-07-26,2,39,1,140.0
TXN008287,2026-07-26,2,29,2,190.0
TXN008288,2026-07-26,2,40,2,130.0
TXN008288,2026-07-26,2,13,1,60.0
TXN008289,2026-07-26,2,42,1,620.0
TXN008290,2026-07-26,2,21,1,310.0
TXN008290,2026-07-26,2,48,1,24.0
TXN008290,2026-07-26,2,45,1,135.0
TXN008291,2026-07-26,2,39,1,140.0
TXN008292,2026-07-26,2,24,2,100.0
TXN008293,2026-07-26,2,22,1,30.0
TXN008293,2026-07-26,2,21,2,620.0
TXN008293,2026-07-26,2,52,1,50.0
TXN008293,2026-07-26,2,1,3,192.0
TXN008294,2026-07-26,2,35,1,145.0
TXN008295,2026-07-26,2,15,1,110.0
TXN008296,2026-07-26,2,22,1,30.0
TXN008296,2026-07-26,2,19,1,110.0
TXN008297,2026-07-26,2,19,2,220.0
TXN008297,2026-07-26,2,6,1,30.0
TXN008297,2026-07-26,2,17,2,90.0
TXN008297,2026-07-26,2,9,2,80.0
TXN008298,2026-07-26,2,33,1,85.0
TXN008298,2026-07-26,2,22,1,30.0
TXN008299,2026-07-26,2,12,1,90.0
TXN008299,2026-07-26,2,10,1,45.0
TXN008300,2026-07-26,2,60,1,40.0
TXN008300,2026-07-26,2,23,1,25.0
TXN008301,2026-07-26,2,30,2,80.0
TXN008301,2026-07-26,2,50,1,260.0
TXN008301,2026-07-26,2,27,1,40.0
TXN008301,2026-07-26,2,16,2,240.0
TXN008302,2026-07-26,2,10,2,90.0
TXN008302,2026-07-26,2,22,1,30.0
TXN008302,2026-07-26,2,46,1,48.0
TXN008302,2026-07-26,2,42,1,620.0
TXN008302,2026-07-26,2,45,1,135.0
TXN008303,2026-07-26,2,5,1,95.0
TXN008304,2026-07-26,2,52,2,100.0
TXN008304,2026-07-26,2,24,2,100.0
TXN008305,2026-07-26,2,13,2,120.0
TXN008306,2026-07-26,2,22,2,60.0
TXN008306,2026-07-26,2,50,1,260.0
TXN008306,2026-07-26,2,43,1,240.0
TXN008306,2026-07-26,2,9,3,120.0
TXN008307,2026-07-26,2,47,1,165.0
TXN008307,2026-07-26,2,30,2,80.0
TXN008307,2026-07-26,2,46,2,96.0
TXN008307,2026-07-26,2,10,2,90.0
TXN008308,2026-07-26,2,59,1,35.0
TXN008308,2026-07-26,2,15,1,110.0
TXN008308,2026-07-26,2,6,2,60.0
TXN008308,2026-07-26,2,58,1,25.0
TXN008310,2026-07-26,2,10,2,90.0
TXN008310,2026-07-26,2,20,1,220.0
TXN008310,2026-07-26,2,59,1,35.0
TXN008310,2026-07-26,2,36,1,105.0
TXN008311,2026-07-26,2,11,2,70.0
TXN008311,2026-07-26,2,48,1,24.0
TXN008312,2026-07-26,2,51,3,540.0
TXN008312,2026-07-26,2,13,1,60.0
TXN008313,2026-07-26,2,4,1,140.0
TXN008313,2026-07-26,2,29,1,95.0
TXN008314,2026-07-26,2,37,1,160.0
TXN008314,2026-07-26,2,52,1,50.0
TXN008314,2026-07-26,2,39,1,140.0
TXN008314,2026-07-26,2,32,2,240.0
TXN008315,2026-07-26,2,50,1,260.0
TXN008315,2026-07-26,2,53,3,120.0
TXN008315,2026-07-26,2,59,1,35.0
TXN008316,2026-07-26,2,32,2,240.0
TXN008317,2026-07-26,2,18,2,40.0
TXN008317,2026-07-26,2,52,1,50.0
TXN008318,2026-07-26,2,18,1,20.0
TXN008319,2026-07-26,2,46,1,48.0
TXN008320,2026-07-26,2,37,1,160.0
TXN008320,2026-07-26,2,9,2,80.0
TXN008320,2026-07-26,2,4,2,280.0
TXN008321,2026-07-26,2,1,3,192.0
TXN008322,2026-07-26,3,51,2,360.0
TXN008324,2026-07-26,3,37,1,160.0
TXN008324,2026-07-26,3,4,1,140.0
TXN008325,2026-07-26,3,2,2,70.0
TXN008325,2026-07-26,3,17,2,90.0
TXN008325,2026-07-26,3,40,1,65.0
TXN008325,2026-07-26,3,32,2,240.0
TXN008326,2026-07-26,3,19,1,110.0
TXN008326,2026-07-26,3,9,3,120.0
TXN008326,2026-07-26,3,53,1,40.0
TXN008326,2026-07-26,3,25,2,560.0
TXN008327,2026-07-26,3,47,1,165.0
TXN008327,2026-07-26,3,56,1,120.0
TXN008328,2026-07-26,3,14,1,80.0
TXN008329,2026-07-26,3,36,1,105.0
TXN008330,2026-07-26,3,19,1,110.0
TXN008330,2026-07-26,3,6,1,30.0
TXN008332,2026-07-26,3,43,1,240.0
TXN008332,2026-07-26,3,55,2,60.0
TXN008332,2026-07-26,3,48,2,48.0
TXN008333,2026-07-26,3,16,2,240.0
TXN008333,2026-07-26,3,56,1,120.0
TXN008333,2026-07-26,3,60,1,40.0
TXN008333,2026-07-26,3,8,1,84.0
TXN008334,2026-07-26,3,14,1,80.0
TXN008336,2026-07-26,3,36,2,210.0
TXN008336,2026-07-26,3,47,2,330.0
TXN008336,2026-07-26,3,53,1,40.0
TXN008337,2026-07-26,3,52,1,50.0
TXN008338,2026-07-26,3,43,1,240.0
TXN008338,2026-07-26,3,57,1,90.0
TXN008339,2026-07-26,3,41,1,90.0
TXN008339,2026-07-26,3,43,1,240.0
TXN008339,2026-07-26,3,8,1,84.0
TXN008340,2026-07-26,3,52,1,50.0
TXN008340,2026-07-26,3,60,1,40.0
TXN008340,2026-07-26,3,4,1,140.0
TXN008340,2026-07-26,3,10,2,90.0
TXN008341,2026-07-26,3,50,1,260.0
TXN008342,2026-07-26,3,52,1,50.0
TXN008342,2026-07-26,3,54,1,35.0
TXN008343,2026-07-26,3,21,1,310.0
TXN008343,2026-07-26,3,16,1,120.0
TXN008343,2026-07-26,3,51,1,180.0
TXN008343,2026-07-26,3,23,1,25.0
TXN008344,2026-07-26,3,50,1,260.0
TXN008344,2026-07-26,3,29,1,95.0
TXN008345,2026-07-26,3,37,1,160.0
TXN008346,2026-07-26,3,43,1,240.0
TXN008347,2026-07-26,3,40,1,65.0
TXN008347,2026-07-26,3,10,1,45.0
TXN008347,2026-07-26,3,4,1,140.0
TXN008348,2026-07-27,1,5,2,190.0
TXN008348,2026-07-27,1,17,3,135.0
TXN008348,2026-07-27,1,1,2,128.0
TXN008348,2026-07-27,1,39,1,140.0
TXN008349,2026-07-27,1,58,1,25.0
TXN008349,2026-07-27,1,25,1,280.0
TXN008349,2026-07-27,1,40,2,130.0
TXN008349,2026-07-27,1,16,2,240.0
TXN008350,2026-07-27,1,2,1,35.0
TXN008351,2026-07-27,1,15,2,220.0
TXN008351,2026-07-27,1,14,1,80.0
TXN008352,2026-07-27,1,21,1,310.0
TXN008352,2026-07-27,1,53,1,40.0
TXN008352,2026-07-27,1,14,2,160.0
TXN008352,2026-07-27,1,49,2,170.0
TXN008353,2026-07-27,1,25,1,280.0
TXN008354,2026-07-27,1,2,1,35.0
TXN008354,2026-07-27,1,5,2,190.0
TXN008355,2026-07-27,1,50,1,260.0
TXN008356,2026-07-27,1,39,1,140.0
TXN008356,2026-07-27,1,10,2,90.0
TXN008356,2026-07-27,1,1,3,192.0
TXN008357,2026-07-27,1,55,2,60.0
TXN008357,2026-07-27,1,30,2,80.0
TXN008357,2026-07-27,1,1,2,128.0
TXN008358,2026-07-27,1,9,2,80.0
TXN008359,2026-07-27,1,16,2,240.0
TXN008359,2026-07-27,1,37,1,160.0
TXN008359,2026-07-27,1,5,1,95.0
TXN008359,2026-07-27,1,2,1,35.0
TXN008360,2026-07-27,1,15,1,110.0
TXN008361,2026-07-27,1,4,1,140.0
TXN008362,2026-07-27,1,59,1,35.0
TXN008362,2026-07-27,1,49,1,85.0
TXN008363,2026-07-27,1,22,3,90.0
TXN008363,2026-07-27,1,53,2,80.0
TXN008363,2026-07-27,1,54,2,70.0
TXN008363,2026-07-27,1,29,2,190.0
TXN008364,2026-07-27,1,49,1,85.0
TXN008364,2026-07-27,1,39,2,280.0
TXN008364,2026-07-27,1,50,1,260.0
TXN008365,2026-07-27,1,11,2,70.0
TXN008365,2026-07-27,1,23,2,50.0
TXN008366,2026-07-27,1,54,2,70.0
TXN008366,2026-07-27,1,35,1,145.0
TXN008366,2026-07-27,1,40,1,65.0
TXN008366,2026-07-27,1,12,1,90.0
TXN008367,2026-07-27,1,14,1,80.0
TXN008368,2026-07-27,1,36,1,105.0
TXN008368,2026-07-27,1,12,1,90.0
TXN008369,2026-07-27,1,5,1,95.0
TXN008370,2026-07-27,1,60,2,80.0
TXN008370,2026-07-27,1,47,1,165.0
TXN008370,2026-07-27,1,55,1,30.0
TXN008370,2026-07-27,1,39,1,140.0
TXN008371,2026-07-27,1,59,1,35.0
TXN008371,2026-07-27,1,49,1,85.0
TXN008372,2026-07-27,1,49,1,85.0
TXN008372,2026-07-27,1,36,2,210.0
TXN008372,2026-07-27,1,59,2,70.0
TXN008372,2026-07-27,1,46,1,48.0
TXN008373,2026-07-27,1,23,2,50.0
TXN008373,2026-07-27,1,35,1,145.0
TXN008374,2026-07-27,1,32,2,240.0
TXN008374,2026-07-27,1,47,2,330.0
TXN008374,2026-07-27,1,1,2,128.0
TXN008374,2026-07-27,1,21,2,620.0
TXN008375,2026-07-27,1,47,1,165.0
TXN008375,2026-07-27,1,50,1,260.0
TXN008376,2026-07-27,1,42,3,1860.0
TXN008376,2026-07-27,1,1,4,256.0
TXN008377,2026-07-27,1,27,3,120.0
TXN008377,2026-07-27,1,33,1,85.0
TXN008377,2026-07-27,1,30,1,40.0
TXN008378,2026-07-27,1,32,2,240.0
TXN008378,2026-07-27,1,40,1,65.0
TXN008378,2026-07-27,1,23,1,25.0
TXN008378,2026-07-27,1,3,1,115.0
TXN008379,2026-07-27,1,54,1,35.0
TXN008379,2026-07-27,1,1,3,192.0
TXN008379,2026-07-27,1,45,2,270.0
TXN008380,2026-07-27,1,3,1,115.0
TXN008380,2026-07-27,1,46,1,48.0
TXN008380,2026-07-27,1,19,2,220.0
TXN008380,2026-07-27,1,7,1,130.0
TXN008381,2026-07-27,1,12,1,90.0
TXN008381,2026-07-27,1,22,1,30.0
TXN008381,2026-07-27,1,8,2,168.0
TXN008381,2026-07-27,1,50,1,260.0
TXN008382,2026-07-27,1,17,1,45.0
TXN008382,2026-07-27,1,45,3,405.0
TXN008382,2026-07-27,1,53,2,80.0
TXN008383,2026-07-27,1,21,1,310.0
TXN008383,2026-07-27,1,47,1,165.0
TXN008383,2026-07-27,1,7,1,130.0
TXN008384,2026-07-27,1,41,1,90.0
TXN008384,2026-07-27,1,6,2,60.0
TXN008384,2026-07-27,1,21,1,310.0
TXN008384,2026-07-27,1,43,2,480.0
TXN008385,2026-07-27,1,39,1,140.0
TXN008385,2026-07-27,1,16,1,120.0
TXN008385,2026-07-27,1,47,2,330.0
TXN008385,2026-07-27,1,35,1,145.0
TXN008388,2026-07-27,1,60,1,40.0
TXN008388,2026-07-27,1,42,1,620.0
TXN008389,2026-07-27,1,9,2,80.0
TXN008389,2026-07-27,1,36,1,105.0
TXN008390,2026-07-27,1,6,1,30.0
TXN008390,2026-07-27,1,9,2,80.0
TXN008390,2026-07-27,1,1,2,128.0
TXN008391,2026-07-27,2,30,1,40.0
TXN008391,2026-07-27,2,16,2,240.0
TXN008391,2026-07-27,2,50,2,520.0
TXN008391,2026-07-27,2,8,2,168.0
TXN008393,2026-07-27,2,60,1,40.0
TXN008395,2026-07-27,2,39,1,140.0
TXN008395,2026-07-27,2,49,1,85.0
TXN008396,2026-07-27,2,2,1,35.0
TXN008397,2026-07-27,2,50,1,260.0
TXN008397,2026-07-27,2,14,2,160.0
TXN008398,2026-07-27,2,48,1,24.0
TXN008398,2026-07-27,2,18,1,20.0
TXN008398,2026-07-27,2,2,2,70.0
TXN008399,2026-07-27,2,41,1,90.0
TXN008400,2026-07-27,2,54,1,35.0
TXN008401,2026-07-27,2,46,1,48.0
TXN008402,2026-07-27,2,8,1,84.0
TXN008402,2026-07-27,2,22,1,30.0
TXN008403,2026-07-27,2,30,2,80.0
TXN008404,2026-07-27,2,54,2,70.0
TXN008405,2026-07-27,2,43,1,240.0
TXN008405,2026-07-27,2,58,1,25.0
TXN008405,2026-07-27,2,2,1,35.0
TXN008406,2026-07-27,2,14,1,80.0
TXN008407,2026-07-27,2,35,1,145.0
TXN008408,2026-07-27,2,25,2,560.0
TXN008409,2026-07-27,2,24,1,50.0
TXN008410,2026-07-27,2,45,2,270.0
TXN008411,2026-07-27,2,55,2,60.0
TXN008411,2026-07-27,2,9,2,80.0
TXN008412,2026-07-27,2,44,1,580.0
TXN008412,2026-07-27,2,43,1,240.0
TXN008412,2026-07-27,2,58,2,50.0
TXN008412,2026-07-27,2,17,1,45.0
TXN008413,2026-07-27,2,2,1,35.0
TXN008415,2026-07-27,2,43,1,240.0
TXN008417,2026-07-27,2,46,2,96.0
TXN008417,2026-07-27,2,50,2,520.0
TXN008418,2026-07-27,2,14,1,80.0
TXN008418,2026-07-27,2,46,2,96.0
TXN008418,2026-07-27,2,17,2,90.0
TXN008418,2026-07-27,2,39,2,280.0
TXN008419,2026-07-27,2,23,1,25.0
TXN008420,2026-07-27,2,48,1,24.0
TXN008420,2026-07-27,2,57,1,90.0
TXN008420,2026-07-27,2,46,1,48.0
TXN008420,2026-07-27,2,34,1,190.0
TXN008421,2026-07-27,2,8,1,84.0
TXN008422,2026-07-27,2,21,1,310.0
TXN008422,2026-07-27,2,57,1,90.0
TXN008422,2026-07-27,2,43,1,240.0
TXN008423,2026-07-27,2,6,1,30.0
TXN008423,2026-07-27,2,58,1,25.0
TXN008425,2026-07-27,3,16,1,120.0
TXN008426,2026-07-27,3,42,1,620.0
TXN008426,2026-07-27,3,3,1,115.0
TXN008426,2026-07-27,3,54,1,35.0
TXN008426,2026-07-27,3,47,1,165.0
TXN008427,2026-07-27,3,57,1,90.0
TXN008428,2026-07-27,3,43,1,240.0
TXN008428,2026-07-27,3,53,1,40.0
TXN008428,2026-07-27,3,46,2,96.0
TXN008429,2026-07-27,3,32,2,240.0
TXN008429,2026-07-27,3,33,1,85.0
TXN008429,2026-07-27,3,36,1,105.0
TXN008430,2026-07-27,3,10,1,45.0
TXN008430,2026-07-27,3,56,1,120.0
TXN008431,2026-07-27,3,33,1,85.0
TXN008431,2026-07-27,3,19,1,110.0
TXN008432,2026-07-27,3,49,1,85.0
TXN008432,2026-07-27,3,7,1,130.0
TXN008432,2026-07-27,3,32,1,120.0
TXN008434,2026-07-27,3,32,1,120.0
TXN008435,2026-07-27,3,54,1,35.0
TXN008436,2026-07-27,3,48,1,24.0
TXN008436,2026-07-27,3,43,1,240.0
TXN008437,2026-07-27,3,32,1,120.0
TXN008438,2026-07-27,3,8,2,168.0
TXN008438,2026-07-27,3,15,1,110.0
TXN008440,2026-07-27,3,60,1,40.0
TXN008441,2026-07-27,3,27,1,40.0
TXN008441,2026-07-27,3,36,1,105.0
TXN008441,2026-07-27,3,24,1,50.0
TXN008441,2026-07-27,3,19,1,110.0
TXN008441,2026-07-27,3,26,1,450.0
TXN008442,2026-07-27,3,9,2,80.0
TXN008442,2026-07-27,3,53,1,40.0
TXN008442,2026-07-27,3,1,2,128.0
TXN008443,2026-07-27,3,53,2,80.0
TXN008443,2026-07-27,3,14,1,80.0
TXN008444,2026-07-27,3,57,1,90.0
TXN008445,2026-07-27,3,7,2,260.0
TXN008446,2026-07-27,3,18,1,20.0
TXN008446,2026-07-27,3,17,1,45.0
TXN008447,2026-07-27,3,9,1,40.0
TXN008447,2026-07-27,3,53,1,40.0
TXN008448,2026-07-27,3,17,2,90.0
TXN008448,2026-07-27,3,18,1,20.0
TXN008448,2026-07-27,3,43,1,240.0
TXN008448,2026-07-27,3,59,1,35.0
TXN008449,2026-07-27,3,43,1,240.0
TXN008450,2026-07-27,3,51,2,360.0
TXN008450,2026-07-27,3,54,1,35.0
TXN008451,2026-07-27,3,27,1,40.0
TXN008451,2026-07-27,3,15,1,110.0
TXN008451,2026-07-27,3,37,1,160.0
TXN008452,2026-07-27,3,7,1,130.0
TXN008452,2026-07-27,3,19,1,110.0
TXN008453,2026-07-27,3,52,1,50.0
TXN008454,2026-07-27,3,33,1,85.0
TXN008454,2026-07-27,3,35,1,145.0
TXN008455,2026-07-27,3,6,1,30.0
TXN008455,2026-07-27,3,31,1,175.0
TXN008456,2026-07-27,3,7,1,130.0
TXN008456,2026-07-27,3,28,1,75.0
TXN008457,2026-07-28,1,58,1,25.0
TXN008457,2026-07-28,1,9,2,80.0
TXN008457,2026-07-28,1,48,2,48.0
TXN008458,2026-07-28,1,17,3,135.0
TXN008458,2026-07-28,1,54,1,35.0
TXN008458,2026-07-28,1,10,3,135.0
TXN008459,2026-07-28,1,46,1,48.0
TXN008460,2026-07-28,1,55,1,30.0
TXN008460,2026-07-28,1,34,1,190.0
TXN008461,2026-07-28,1,31,1,175.0
TXN008461,2026-07-28,1,9,2,80.0
TXN008461,2026-07-28,1,12,2,180.0
TXN008462,2026-07-28,1,29,1,95.0
TXN008463,2026-07-28,1,23,1,25.0
TXN008463,2026-07-28,1,14,2,160.0
TXN008463,2026-07-28,1,53,2,80.0
TXN008464,2026-07-28,1,16,1,120.0
TXN008465,2026-07-28,1,43,2,480.0
TXN008465,2026-07-28,1,41,1,90.0
TXN008465,2026-07-28,1,36,2,210.0
TXN008465,2026-07-28,1,58,1,25.0
TXN008465,2026-07-28,1,32,2,240.0
TXN008466,2026-07-28,1,13,1,60.0
TXN008466,2026-07-28,1,30,1,40.0
TXN008466,2026-07-28,1,24,1,50.0
TXN008466,2026-07-28,1,23,1,25.0
TXN008467,2026-07-28,1,6,1,30.0
TXN008467,2026-07-28,1,34,1,190.0
TXN008468,2026-07-28,1,36,1,105.0
TXN008469,2026-07-28,1,23,1,25.0
TXN008469,2026-07-28,1,33,1,85.0
TXN008469,2026-07-28,1,37,1,160.0
TXN008469,2026-07-28,1,46,1,48.0
TXN008470,2026-07-28,1,52,2,100.0
TXN008471,2026-07-28,1,36,1,105.0
TXN008472,2026-07-28,1,16,1,120.0
TXN008472,2026-07-28,1,19,1,110.0
TXN008472,2026-07-28,1,9,2,80.0
TXN008472,2026-07-28,1,50,2,520.0
TXN008472,2026-07-28,1,42,3,1860.0
TXN008473,2026-07-28,1,22,1,30.0
TXN008473,2026-07-28,1,13,1,60.0
TXN008473,2026-07-28,1,52,1,50.0
TXN008474,2026-07-28,1,50,1,260.0
TXN008475,2026-07-28,1,29,3,285.0
TXN008475,2026-07-28,1,9,3,120.0
TXN008475,2026-07-28,1,1,2,128.0
TXN008475,2026-07-28,1,18,1,20.0
TXN008476,2026-07-28,1,53,2,80.0
TXN008476,2026-07-28,1,41,2,180.0
TXN008479,2026-07-28,1,8,2,168.0
TXN008479,2026-07-28,1,25,2,560.0
TXN008479,2026-07-28,1,13,1,60.0
TXN008480,2026-07-28,1,49,2,170.0
TXN008480,2026-07-28,1,17,2,90.0
TXN008482,2026-07-28,1,59,1,35.0
TXN008483,2026-07-28,1,32,1,120.0
TXN008484,2026-07-28,1,28,1,75.0
TXN008484,2026-07-28,1,60,2,80.0
TXN008484,2026-07-28,1,5,1,95.0
TXN008484,2026-07-28,1,4,1,140.0
TXN008485,2026-07-28,1,18,1,20.0
TXN008486,2026-07-28,1,29,1,95.0
TXN008487,2026-07-28,1,37,1,160.0
TXN008487,2026-07-28,1,38,1,210.0
TXN008487,2026-07-28,1,41,1,90.0
TXN008487,2026-07-28,1,53,1,40.0
TXN008488,2026-07-28,1,60,1,40.0
TXN008489,2026-07-28,1,37,1,160.0
TXN008489,2026-07-28,1,23,1,25.0
TXN008489,2026-07-28,1,7,3,390.0
TXN008490,2026-07-28,1,4,1,140.0
TXN008491,2026-07-28,1,49,1,85.0
TXN008492,2026-07-28,1,30,1,40.0
TXN008492,2026-07-28,1,29,2,190.0
TXN008493,2026-07-28,1,15,1,110.0
TXN008493,2026-07-28,1,7,2,260.0
TXN008494,2026-07-28,1,24,1,50.0
TXN008494,2026-07-28,1,6,1,30.0
TXN008494,2026-07-28,1,2,1,35.0
TXN008494,2026-07-28,1,3,1,115.0
TXN008495,2026-07-28,1,56,1,120.0
TXN008496,2026-07-28,1,55,2,60.0
TXN008496,2026-07-28,1,52,1,50.0
TXN008496,2026-07-28,1,29,2,190.0
TXN008497,2026-07-28,1,52,2,100.0
TXN008497,2026-07-28,1,24,1,50.0
TXN008498,2026-07-28,1,56,1,120.0
TXN008498,2026-07-28,1,4,1,140.0
TXN008499,2026-07-28,1,5,2,190.0
TXN008499,2026-07-28,1,11,1,35.0
TXN008499,2026-07-28,1,13,1,60.0
TXN008500,2026-07-28,1,43,1,240.0
TXN008500,2026-07-28,1,60,2,80.0
TXN008500,2026-07-28,1,48,2,48.0
TXN008501,2026-07-28,1,29,2,190.0
TXN008501,2026-07-28,1,2,1,35.0
TXN008502,2026-07-28,1,19,1,110.0
TXN008502,2026-07-28,1,36,2,210.0
TXN008502,2026-07-28,1,47,1,165.0
TXN008503,2026-07-28,1,37,1,160.0
TXN008503,2026-07-28,1,11,1,35.0
TXN008504,2026-07-28,1,53,1,40.0
TXN008504,2026-07-28,1,49,1,85.0
TXN008504,2026-07-28,1,46,1,48.0
TXN008506,2026-07-28,2,58,1,25.0
TXN008507,2026-07-28,2,48,2,48.0
TXN008507,2026-07-28,2,60,1,40.0
TXN008507,2026-07-28,2,55,1,30.0
TXN008508,2026-07-28,2,29,2,190.0
TXN008508,2026-07-28,2,11,1,35.0
TXN008509,2026-07-28,2,29,1,95.0
TXN008509,2026-07-28,2,25,2,560.0
TXN008509,2026-07-28,2,48,1,24.0
TXN008510,2026-07-28,2,32,1,120.0
TXN008511,2026-07-28,2,18,2,40.0
TXN008512,2026-07-28,2,49,1,85.0
TXN008512,2026-07-28,2,22,1,30.0
TXN008512,2026-07-28,2,11,1,35.0
TXN008513,2026-07-28,2,51,1,180.0
TXN008513,2026-07-28,2,28,1,75.0
TXN008514,2026-07-28,2,29,3,285.0
TXN008514,2026-07-28,2,35,1,145.0
TXN008514,2026-07-28,2,4,1,140.0
TXN008514,2026-07-28,2,25,2,560.0
TXN008515,2026-07-28,2,45,2,270.0
TXN008515,2026-07-28,2,42,1,620.0
TXN008516,2026-07-28,2,7,1,130.0
TXN008517,2026-07-28,2,55,2,60.0
TXN008517,2026-07-28,2,22,1,30.0
TXN008517,2026-07-28,2,16,1,120.0
TXN008517,2026-07-28,2,57,1,90.0
TXN008518,2026-07-28,2,18,1,20.0
TXN008518,2026-07-28,2,52,1,50.0
TXN008518,2026-07-28,2,12,2,180.0
TXN008519,2026-07-28,2,54,1,35.0
TXN008520,2026-07-28,2,46,2,96.0
TXN008521,2026-07-28,2,27,1,40.0
TXN008521,2026-07-28,2,54,1,35.0
TXN008521,2026-07-28,2,2,1,35.0
TXN008522,2026-07-28,2,42,1,620.0
TXN008522,2026-07-28,2,15,2,220.0
TXN008522,2026-07-28,2,28,1,75.0
TXN008522,2026-07-28,2,17,1,45.0
TXN008523,2026-07-28,2,17,2,90.0
TXN008523,2026-07-28,2,9,2,80.0
TXN008524,2026-07-28,2,14,1,80.0
TXN008524,2026-07-28,2,25,2,560.0
TXN008525,2026-07-28,2,32,1,120.0
TXN008525,2026-07-28,2,57,2,180.0
TXN008526,2026-07-28,2,42,1,620.0
TXN008526,2026-07-28,2,28,1,75.0
TXN008528,2026-07-28,2,35,1,145.0
TXN008529,2026-07-28,2,29,2,190.0
TXN008529,2026-07-28,2,44,1,580.0
TXN008529,2026-07-28,2,50,1,260.0
TXN008530,2026-07-28,2,58,1,25.0
TXN008530,2026-07-28,2,44,1,580.0
TXN008530,2026-07-28,2,55,1,30.0
TXN008531,2026-07-28,2,10,1,45.0
TXN008531,2026-07-28,2,30,1,40.0
TXN008531,2026-07-28,2,22,2,60.0
TXN008531,2026-07-28,2,14,1,80.0
TXN008532,2026-07-28,2,42,2,1240.0
TXN008533,2026-07-28,2,32,2,240.0
TXN008533,2026-07-28,2,23,2,50.0
TXN008533,2026-07-28,2,29,2,190.0
TXN008534,2026-07-28,2,5,1,95.0
TXN008535,2026-07-28,2,52,2,100.0
TXN008535,2026-07-28,2,27,1,40.0
TXN008536,2026-07-28,2,11,1,35.0
TXN008536,2026-07-28,2,46,1,48.0
TXN008536,2026-07-28,2,54,1,35.0
TXN008537,2026-07-28,3,37,1,160.0
TXN008537,2026-07-28,3,50,2,520.0
TXN008537,2026-07-28,3,47,1,165.0
TXN008538,2026-07-28,3,58,1,25.0
TXN008538,2026-07-28,3,18,1,20.0
TXN008538,2026-07-28,3,5,1,95.0
TXN008539,2026-07-28,3,7,1,130.0
TXN008541,2026-07-28,3,14,1,80.0
TXN008542,2026-07-28,3,27,1,40.0
TXN008543,2026-07-28,3,40,1,65.0
TXN008543,2026-07-28,3,32,1,120.0
TXN008544,2026-07-28,3,39,1,140.0
TXN008544,2026-07-28,3,59,1,35.0
TXN008544,2026-07-28,3,42,2,1240.0
TXN008545,2026-07-28,3,4,1,140.0
TXN008545,2026-07-28,3,5,1,95.0
TXN008545,2026-07-28,3,33,1,85.0
TXN008547,2026-07-28,3,25,2,560.0
TXN008548,2026-07-28,3,51,1,180.0
TXN008548,2026-07-28,3,16,1,120.0
TXN008548,2026-07-28,3,52,1,50.0
TXN008549,2026-07-28,3,54,1,35.0
TXN008550,2026-07-28,3,49,1,85.0
TXN008550,2026-07-28,3,9,2,80.0
TXN008551,2026-07-28,3,36,1,105.0
TXN008551,2026-07-28,3,54,2,70.0
TXN008551,2026-07-28,3,56,1,120.0
TXN008552,2026-07-28,3,8,2,168.0
TXN008553,2026-07-28,3,59,1,35.0
TXN008553,2026-07-28,3,47,1,165.0
TXN008553,2026-07-28,3,25,2,560.0
TXN008553,2026-07-28,3,37,1,160.0
TXN008554,2026-07-28,3,30,1,40.0
TXN008554,2026-07-28,3,40,1,65.0
TXN008555,2026-07-28,3,6,1,30.0
TXN008555,2026-07-28,3,51,1,180.0
TXN008555,2026-07-28,3,52,1,50.0
TXN008555,2026-07-28,3,50,1,260.0
TXN008558,2026-07-29,1,28,1,75.0
TXN008559,2026-07-29,1,10,1,45.0
TXN008559,2026-07-29,1,7,1,130.0
TXN008559,2026-07-29,1,5,1,95.0
TXN008560,2026-07-29,1,55,2,60.0
TXN008560,2026-07-29,1,51,1,180.0
TXN008561,2026-07-29,1,46,2,96.0
TXN008561,2026-07-29,1,18,1,20.0
TXN008563,2026-07-29,1,21,1,310.0
TXN008564,2026-07-29,1,30,3,120.0
TXN008564,2026-07-29,1,23,1,25.0
TXN008565,2026-07-29,1,10,1,45.0
TXN008565,2026-07-29,1,17,2,90.0
TXN008565,2026-07-29,1,42,2,1240.0
TXN008566,2026-07-29,1,8,2,168.0
TXN008566,2026-07-29,1,43,1,240.0
TXN008567,2026-07-29,1,29,2,190.0
TXN008567,2026-07-29,1,32,2,240.0
TXN008567,2026-07-29,1,8,2,168.0
TXN008567,2026-07-29,1,55,2,60.0
TXN008568,2026-07-29,1,52,2,100.0
TXN008568,2026-07-29,1,41,1,90.0
TXN008568,2026-07-29,1,9,3,120.0
TXN008568,2026-07-29,1,1,1,64.0
TXN008568,2026-07-29,1,16,2,240.0
TXN008569,2026-07-29,1,18,2,40.0
TXN008569,2026-07-29,1,34,1,190.0
TXN008569,2026-07-29,1,57,1,90.0
TXN008570,2026-07-29,1,40,2,130.0
TXN008570,2026-07-29,1,4,1,140.0
TXN008571,2026-07-29,1,40,1,65.0
TXN008571,2026-07-29,1,28,1,75.0
TXN008571,2026-07-29,1,15,1,110.0
TXN008572,2026-07-29,1,49,1,85.0
TXN008572,2026-07-29,1,54,1,35.0
TXN008572,2026-07-29,1,28,1,75.0
TXN008572,2026-07-29,1,12,2,180.0
TXN008573,2026-07-29,1,55,2,60.0
TXN008573,2026-07-29,1,42,1,620.0
TXN008573,2026-07-29,1,40,1,65.0
TXN008574,2026-07-29,1,27,2,80.0
TXN008575,2026-07-29,1,53,3,120.0
TXN008575,2026-07-29,1,21,2,620.0
TXN008576,2026-07-29,1,47,1,165.0
TXN008577,2026-07-29,1,16,2,240.0
TXN008578,2026-07-29,1,8,2,168.0
TXN008578,2026-07-29,1,23,2,50.0
TXN008578,2026-07-29,1,17,2,90.0
TXN008579,2026-07-29,1,59,1,35.0
TXN008580,2026-07-29,1,52,1,50.0
TXN008580,2026-07-29,1,30,1,40.0
TXN008581,2026-07-29,1,17,2,90.0
TXN008581,2026-07-29,1,49,1,85.0
TXN008581,2026-07-29,1,47,1,165.0
TXN008582,2026-07-29,1,56,1,120.0
TXN008582,2026-07-29,1,50,1,260.0
TXN008582,2026-07-29,1,39,1,140.0
TXN008583,2026-07-29,1,13,1,60.0
TXN008584,2026-07-29,1,47,2,330.0
TXN008585,2026-07-29,1,15,1,110.0
TXN008585,2026-07-29,1,25,1,280.0
TXN008585,2026-07-29,1,27,3,120.0
TXN008586,2026-07-29,1,23,1,25.0
TXN008586,2026-07-29,1,58,1,25.0
TXN008586,2026-07-29,1,59,1,35.0
TXN008586,2026-07-29,1,13,1,60.0
TXN008587,2026-07-29,1,47,1,165.0
TXN008587,2026-07-29,1,16,1,120.0
TXN008587,2026-07-29,1,14,1,80.0
TXN008588,2026-07-29,1,9,2,80.0
TXN008589,2026-07-29,1,53,1,40.0
TXN008589,2026-07-29,1,50,1,260.0
TXN008589,2026-07-29,1,31,1,175.0
TXN008590,2026-07-29,1,54,1,35.0
TXN008590,2026-07-29,1,45,1,135.0
TXN008591,2026-07-29,1,15,1,110.0
TXN008591,2026-07-29,1,52,1,50.0
TXN008592,2026-07-29,1,51,1,180.0
TXN008593,2026-07-29,1,5,1,95.0
TXN008593,2026-07-29,1,58,1,25.0
TXN008593,2026-07-29,1,24,2,100.0
TXN008593,2026-07-29,1,44,1,580.0
TXN008593,2026-07-29,1,30,1,40.0
TXN008594,2026-07-29,1,23,1,25.0
TXN008595,2026-07-29,1,54,1,35.0
TXN008595,2026-07-29,1,10,1,45.0
TXN008595,2026-07-29,1,14,1,80.0
TXN008595,2026-07-29,1,5,1,95.0
TXN008596,2026-07-29,1,35,1,145.0
TXN008596,2026-07-29,1,30,1,40.0
TXN008598,2026-07-29,1,13,1,60.0
TXN008598,2026-07-29,1,58,1,25.0
TXN008598,2026-07-29,1,39,1,140.0
TXN008598,2026-07-29,1,29,2,190.0
TXN008599,2026-07-29,1,49,1,85.0
TXN008599,2026-07-29,1,51,1,180.0
TXN008599,2026-07-29,1,9,2,80.0
TXN008599,2026-07-29,1,8,1,84.0
TXN008599,2026-07-29,1,56,1,120.0
TXN008600,2026-07-29,1,55,1,30.0
TXN008600,2026-07-29,1,17,3,135.0
TXN008600,2026-07-29,1,19,1,110.0
TXN008600,2026-07-29,1,15,1,110.0
TXN008600,2026-07-29,1,1,3,192.0
TXN008601,2026-07-29,1,22,2,60.0
TXN008601,2026-07-29,1,19,1,110.0
TXN008602,2026-07-29,2,56,1,120.0
TXN008602,2026-07-29,2,11,1,35.0
TXN008603,2026-07-29,2,6,1,30.0
TXN008604,2026-07-29,2,30,1,40.0
TXN008605,2026-07-29,2,39,2,280.0
TXN008606,2026-07-29,2,18,1,20.0
TXN008606,2026-07-29,2,55,1,30.0
TXN008607,2026-07-29,2,9,3,120.0
TXN008607,2026-07-29,2,15,1,110.0
TXN008608,2026-07-29,2,47,2,330.0
TXN008608,2026-07-29,2,25,2,560.0
TXN008609,2026-07-29,2,56,1,120.0
TXN008609,2026-07-29,2,48,1,24.0
TXN008609,2026-07-29,2,5,2,190.0
TXN008609,2026-07-29,2,27,1,40.0
TXN008610,2026-07-29,2,59,1,35.0
TXN008610,2026-07-29,2,56,1,120.0
TXN008611,2026-07-29,2,16,1,120.0
TXN008611,2026-07-29,2,36,1,105.0
TXN008611,2026-07-29,2,51,1,180.0
TXN008612,2026-07-29,2,31,1,175.0
TXN008612,2026-07-29,2,52,2,100.0
TXN008612,2026-07-29,2,53,2,80.0
TXN008613,2026-07-29,2,52,1,50.0
TXN008614,2026-07-29,2,8,2,168.0
TXN008614,2026-07-29,2,2,1,35.0
TXN008615,2026-07-29,2,40,1,65.0
TXN008615,2026-07-29,2,8,1,84.0
TXN008615,2026-07-29,2,49,1,85.0
TXN008615,2026-07-29,2,54,1,35.0
TXN008617,2026-07-29,2,25,2,560.0
TXN008617,2026-07-29,2,9,1,40.0
TXN008617,2026-07-29,2,48,2,48.0
TXN008618,2026-07-29,2,3,1,115.0
TXN008619,2026-07-29,2,42,1,620.0
TXN008620,2026-07-29,2,56,1,120.0
TXN008620,2026-07-29,2,12,1,90.0
TXN008621,2026-07-29,2,53,1,40.0
TXN008621,2026-07-29,2,23,1,25.0
TXN008622,2026-07-29,2,52,2,100.0
TXN008622,2026-07-29,2,3,1,115.0
TXN008622,2026-07-29,2,8,1,84.0
TXN008622,2026-07-29,2,15,1,110.0
TXN008623,2026-07-29,2,32,2,240.0
TXN008624,2026-07-29,2,43,1,240.0
TXN008624,2026-07-29,2,14,1,80.0
TXN008625,2026-07-29,2,58,1,25.0
TXN008626,2026-07-29,2,22,2,60.0
TXN008627,2026-07-29,2,15,1,110.0
TXN008627,2026-07-29,2,36,1,105.0
TXN008628,2026-07-29,2,15,1,110.0
TXN008629,2026-07-29,2,44,1,580.0
TXN008629,2026-07-29,2,57,1,90.0
TXN008630,2026-07-29,2,6,2,60.0
TXN008630,2026-07-29,2,4,1,140.0
TXN008630,2026-07-29,2,51,1,180.0
TXN008631,2026-07-29,2,14,1,80.0
TXN008631,2026-07-29,2,28,1,75.0
TXN008631,2026-07-29,2,51,2,360.0
TXN008632,2026-07-29,3,10,1,45.0
TXN008632,2026-07-29,3,1,1,64.0
TXN008633,2026-07-29,3,43,1,240.0
TXN008633,2026-07-29,3,47,2,330.0
TXN008633,2026-07-29,3,36,1,105.0
TXN008634,2026-07-29,3,43,2,480.0
TXN008634,2026-07-29,3,29,1,95.0
TXN008634,2026-07-29,3,51,2,360.0
TXN008634,2026-07-29,3,9,1,40.0
TXN008635,2026-07-29,3,3,1,115.0
TXN008636,2026-07-29,3,35,2,290.0
TXN008637,2026-07-29,3,22,1,30.0
TXN008637,2026-07-29,3,56,1,120.0
TXN008638,2026-07-29,3,6,1,30.0
TXN008639,2026-07-29,3,25,1,280.0
TXN008640,2026-07-29,3,25,1,280.0
TXN008640,2026-07-29,3,48,1,24.0
TXN008642,2026-07-29,3,46,1,48.0
TXN008643,2026-07-29,3,15,2,220.0
TXN008644,2026-07-29,3,36,1,105.0
TXN008645,2026-07-29,3,43,1,240.0
TXN008645,2026-07-29,3,6,1,30.0
TXN008645,2026-07-29,3,53,1,40.0
TXN008645,2026-07-29,3,23,1,25.0
TXN008647,2026-07-29,3,42,1,620.0
TXN008647,2026-07-29,3,43,1,240.0
TXN008648,2026-07-29,3,1,2,128.0
TXN008649,2026-07-29,3,42,2,1240.0
TXN008649,2026-07-29,3,22,1,30.0
TXN008650,2026-07-29,3,42,1,620.0
TXN008650,2026-07-29,3,57,1,90.0
TXN008651,2026-07-29,3,56,1,120.0
TXN008651,2026-07-29,3,7,1,130.0
TXN008651,2026-07-29,3,33,1,85.0
TXN008652,2026-07-29,3,57,1,90.0
TXN008652,2026-07-29,3,24,2,100.0
TXN008653,2026-07-29,3,46,1,48.0
TXN008654,2026-07-29,3,45,2,270.0
TXN008654,2026-07-29,3,33,1,85.0
TXN008654,2026-07-29,3,53,1,40.0
TXN008654,2026-07-29,3,25,1,280.0
TXN008655,2026-07-30,1,30,1,40.0
TXN008656,2026-07-30,1,60,2,80.0
TXN008656,2026-07-30,1,25,1,280.0
TXN008657,2026-07-30,1,28,1,75.0
TXN008657,2026-07-30,1,6,1,30.0
TXN008658,2026-07-30,1,27,1,40.0
TXN008658,2026-07-30,1,24,1,50.0
TXN008658,2026-07-30,1,23,1,25.0
TXN008658,2026-07-30,1,55,1,30.0
TXN008659,2026-07-30,1,5,1,95.0
TXN008659,2026-07-30,1,12,1,90.0
TXN008660,2026-07-30,1,28,1,75.0
TXN008661,2026-07-30,1,55,1,30.0
TXN008661,2026-07-30,1,14,1,80.0
TXN008661,2026-07-30,1,21,1,310.0
TXN008661,2026-07-30,1,51,2,360.0
TXN008662,2026-07-30,1,1,2,128.0
TXN008662,2026-07-30,1,58,1,25.0
TXN008664,2026-07-30,1,42,1,620.0
TXN008664,2026-07-30,1,10,1,45.0
TXN008664,2026-07-30,1,6,2,60.0
TXN008665,2026-07-30,1,40,2,130.0
TXN008666,2026-07-30,1,57,2,180.0
TXN008666,2026-07-30,1,39,1,140.0
TXN008666,2026-07-30,1,9,3,120.0
TXN008666,2026-07-30,1,7,1,130.0
TXN008667,2026-07-30,1,30,2,80.0
TXN008667,2026-07-30,1,27,2,80.0
TXN008667,2026-07-30,1,48,2,48.0
TXN008668,2026-07-30,1,44,1,580.0
TXN008668,2026-07-30,1,54,1,35.0
TXN008668,2026-07-30,1,48,2,48.0
TXN008669,2026-07-30,1,22,2,60.0
TXN008670,2026-07-30,1,11,1,35.0
TXN008670,2026-07-30,1,33,2,170.0
TXN008671,2026-07-30,1,56,1,120.0
TXN008671,2026-07-30,1,28,1,75.0
TXN008671,2026-07-30,1,22,1,30.0
TXN008671,2026-07-30,1,51,1,180.0
TXN008672,2026-07-30,1,55,1,30.0
TXN008673,2026-07-30,1,50,1,260.0
TXN008673,2026-07-30,1,52,1,50.0
TXN008673,2026-07-30,1,30,1,40.0
TXN008673,2026-07-30,1,58,2,50.0
TXN008673,2026-07-30,1,19,1,110.0
TXN008674,2026-07-30,1,52,1,50.0
TXN008674,2026-07-30,1,12,1,90.0
TXN008674,2026-07-30,1,51,2,360.0
TXN008675,2026-07-30,1,6,1,30.0
TXN008676,2026-07-30,1,57,1,90.0
TXN008676,2026-07-30,1,9,2,80.0
TXN008676,2026-07-30,1,28,1,75.0
TXN008677,2026-07-30,1,7,1,130.0
TXN008677,2026-07-30,1,50,1,260.0
TXN008677,2026-07-30,1,22,1,30.0
TXN008677,2026-07-30,1,17,3,135.0
TXN008678,2026-07-30,1,19,1,110.0
TXN008678,2026-07-30,1,8,2,168.0
TXN008679,2026-07-30,1,13,1,60.0
TXN008680,2026-07-30,1,27,2,80.0
TXN008680,2026-07-30,1,55,1,30.0
TXN008681,2026-07-30,1,42,2,1240.0
TXN008681,2026-07-30,1,48,1,24.0
TXN008681,2026-07-30,1,19,1,110.0
TXN008682,2026-07-30,1,10,1,45.0
TXN008682,2026-07-30,1,8,2,168.0
TXN008683,2026-07-30,1,43,1,240.0
TXN008683,2026-07-30,1,12,2,180.0
TXN008683,2026-07-30,1,7,1,130.0
TXN008683,2026-07-30,1,9,2,80.0
TXN008684,2026-07-30,1,18,1,20.0
TXN008684,2026-07-30,1,53,1,40.0
TXN008684,2026-07-30,1,3,1,115.0
TXN008686,2026-07-30,1,21,1,310.0
TXN008686,2026-07-30,1,45,1,135.0
TXN008686,2026-07-30,1,27,1,40.0
TXN008686,2026-07-30,1,40,1,65.0
TXN008687,2026-07-30,1,57,1,90.0
TXN008688,2026-07-30,1,48,2,48.0
TXN008688,2026-07-30,1,16,2,240.0
TXN008689,2026-07-30,1,17,2,90.0
TXN008689,2026-07-30,1,56,1,120.0
TXN008690,2026-07-30,1,50,2,520.0
TXN008690,2026-07-30,1,30,1,40.0
TXN008690,2026-07-30,1,53,1,40.0
TXN008691,2026-07-30,1,54,1,35.0
TXN008691,2026-07-30,1,25,1,280.0
TXN008691,2026-07-30,1,24,1,50.0
TXN008692,2026-07-30,1,53,1,40.0
TXN008692,2026-07-30,1,32,2,240.0
TXN008692,2026-07-30,1,4,1,140.0
TXN008693,2026-07-30,1,55,3,90.0
TXN008693,2026-07-30,1,44,1,580.0
TXN008693,2026-07-30,1,32,1,120.0
TXN008693,2026-07-30,1,30,1,40.0
TXN008694,2026-07-30,1,17,3,135.0
TXN008694,2026-07-30,1,13,1,60.0
TXN008694,2026-07-30,1,38,1,210.0
TXN008694,2026-07-30,1,31,1,175.0
TXN008694,2026-07-30,1,58,1,25.0
TXN008695,2026-07-30,1,59,1,35.0
TXN008696,2026-07-30,1,22,1,30.0
TXN008696,2026-07-30,1,48,2,48.0
TXN008697,2026-07-30,2,44,1,580.0
TXN008697,2026-07-30,2,47,1,165.0
TXN008697,2026-07-30,2,59,1,35.0
TXN008698,2026-07-30,2,43,2,480.0
TXN008699,2026-07-30,2,58,1,25.0
TXN008699,2026-07-30,2,28,1,75.0
TXN008699,2026-07-30,2,45,2,270.0
TXN008700,2026-07-30,2,51,1,180.0
TXN008701,2026-07-30,2,36,1,105.0
TXN008702,2026-07-30,2,30,1,40.0
TXN008702,2026-07-30,2,45,1,135.0
TXN008703,2026-07-30,2,30,1,40.0
TXN008704,2026-07-30,2,54,1,35.0
TXN008704,2026-07-30,2,27,1,40.0
TXN008704,2026-07-30,2,5,1,95.0
TXN008704,2026-07-30,2,42,2,1240.0
TXN008705,2026-07-30,2,52,1,50.0
TXN008705,2026-07-30,2,23,2,50.0
TXN008705,2026-07-30,2,2,1,35.0
TXN008706,2026-07-30,2,9,1,40.0
TXN008706,2026-07-30,2,49,1,85.0
TXN008707,2026-07-30,2,55,1,30.0
TXN008707,2026-07-30,2,28,1,75.0
TXN008708,2026-07-30,2,15,1,110.0
TXN008709,2026-07-30,2,25,1,280.0
TXN008709,2026-07-30,2,52,2,100.0
TXN008710,2026-07-30,2,57,1,90.0
TXN008711,2026-07-30,2,7,1,130.0
TXN008712,2026-07-30,2,49,1,85.0
TXN008713,2026-07-30,2,14,1,80.0
TXN008713,2026-07-30,2,22,1,30.0
TXN008714,2026-07-30,2,24,1,50.0
TXN008714,2026-07-30,2,16,1,120.0
TXN008716,2026-07-30,2,49,2,170.0
TXN008716,2026-07-30,2,46,2,96.0
TXN008717,2026-07-30,2,29,1,95.0
TXN008717,2026-07-30,2,10,2,90.0
TXN008717,2026-07-30,2,45,2,270.0
TXN008718,2026-07-30,2,22,1,30.0
TXN008718,2026-07-30,2,20,1,220.0
TXN008719,2026-07-30,2,47,1,165.0
TXN008719,2026-07-30,2,15,2,220.0
TXN008719,2026-07-30,2,55,2,60.0
TXN008723,2026-07-30,2,20,1,220.0
TXN008725,2026-07-30,3,7,2,260.0
TXN008725,2026-07-30,3,29,1,95.0
TXN008726,2026-07-30,3,52,1,50.0
TXN008726,2026-07-30,3,32,1,120.0
TXN008727,2026-07-30,3,53,1,40.0
TXN008728,2026-07-30,3,8,2,168.0
TXN008728,2026-07-30,3,52,2,100.0
TXN008730,2026-07-30,3,55,1,30.0
TXN008730,2026-07-30,3,60,1,40.0
TXN008730,2026-07-30,3,53,2,80.0
TXN008730,2026-07-30,3,47,2,330.0
TXN008731,2026-07-30,3,12,2,180.0
TXN008731,2026-07-30,3,7,2,260.0
TXN008731,2026-07-30,3,53,2,80.0
TXN008731,2026-07-30,3,32,2,240.0
TXN008733,2026-07-30,3,47,1,165.0
TXN008734,2026-07-30,3,44,1,580.0
TXN008734,2026-07-30,3,37,1,160.0
TXN008734,2026-07-30,3,27,1,40.0
TXN008735,2026-07-30,3,38,1,210.0
TXN008735,2026-07-30,3,25,2,560.0
TXN008735,2026-07-30,3,53,1,40.0
TXN008736,2026-07-30,3,40,1,65.0
TXN008737,2026-07-30,3,21,1,310.0
TXN008737,2026-07-30,3,60,1,40.0
TXN008737,2026-07-30,3,45,1,135.0
TXN008738,2026-07-30,3,29,1,95.0
TXN008739,2026-07-30,3,7,2,260.0
TXN008739,2026-07-30,3,44,1,580.0
TXN008739,2026-07-30,3,57,1,90.0
TXN008739,2026-07-30,3,30,1,40.0
TXN008740,2026-07-30,3,55,1,30.0
TXN008742,2026-07-30,3,43,2,480.0
TXN008743,2026-07-30,3,1,1,64.0
TXN008743,2026-07-30,3,9,1,40.0
TXN008743,2026-07-30,3,11,1,35.0
TXN008744,2026-07-30,3,22,1,30.0
TXN008744,2026-07-30,3,12,1,90.0
TXN008745,2026-07-30,3,1,2,128.0
TXN008745,2026-07-30,3,45,1,135.0
TXN008746,2026-07-30,3,33,1,85.0
TXN008746,2026-07-30,3,41,1,90.0
TXN008746,2026-07-30,3,49,1,85.0
TXN008747,2026-07-30,3,6,1,30.0
TXN008747,2026-07-30,3,49,1,85.0
TXN008747,2026-07-30,3,55,1,30.0
TXN008748,2026-07-30,3,32,1,120.0
TXN008748,2026-07-30,3,45,1,135.0
TXN008748,2026-07-30,3,18,1,20.0
TXN008748,2026-07-30,3,39,1,140.0
TXN008748,2026-07-30,3,46,1,48.0
TXN008749,2026-07-30,3,33,1,85.0
TXN008749,2026-07-30,3,42,1,620.0
TXN008750,2026-07-31,1,51,2,360.0
TXN008750,2026-07-31,1,55,1,30.0
TXN008750,2026-07-31,1,19,1,110.0
TXN008750,2026-07-31,1,21,1,310.0
TXN008751,2026-07-31,1,19,1,110.0
TXN008751,2026-07-31,1,2,1,35.0
TXN008751,2026-07-31,1,59,1,35.0
TXN008752,2026-07-31,1,24,1,50.0
TXN008752,2026-07-31,1,2,2,70.0
TXN008752,2026-07-31,1,17,3,135.0
TXN008752,2026-07-31,1,5,1,95.0
TXN008753,2026-07-31,1,47,2,330.0
TXN008753,2026-07-31,1,1,2,128.0
TXN008754,2026-07-31,1,24,1,50.0
TXN008754,2026-07-31,1,48,1,24.0
TXN008754,2026-07-31,1,42,1,620.0
TXN008755,2026-07-31,1,28,1,75.0
TXN008755,2026-07-31,1,12,1,90.0
TXN008755,2026-07-31,1,10,1,45.0
TXN008755,2026-07-31,1,52,1,50.0
TXN008756,2026-07-31,1,10,1,45.0
TXN008756,2026-07-31,1,52,1,50.0
TXN008756,2026-07-31,1,44,1,580.0
TXN008756,2026-07-31,1,33,1,85.0
TXN008756,2026-07-31,1,4,1,140.0
TXN008757,2026-07-31,1,49,2,170.0
TXN008757,2026-07-31,1,18,1,20.0
TXN008757,2026-07-31,1,8,1,84.0
TXN008758,2026-07-31,1,39,1,140.0
TXN008758,2026-07-31,1,16,1,120.0
TXN008758,2026-07-31,1,56,1,120.0
TXN008759,2026-07-31,1,16,2,240.0
TXN008759,2026-07-31,1,33,1,85.0
TXN008760,2026-07-31,1,53,2,80.0
TXN008760,2026-07-31,1,28,1,75.0
TXN008760,2026-07-31,1,36,3,315.0
TXN008761,2026-07-31,1,10,2,90.0
TXN008761,2026-07-31,1,23,1,25.0
TXN008761,2026-07-31,1,33,2,170.0
TXN008761,2026-07-31,1,8,1,84.0
TXN008761,2026-07-31,1,29,2,190.0
TXN008762,2026-07-31,1,23,1,25.0
TXN008762,2026-07-31,1,12,1,90.0
TXN008762,2026-07-31,1,48,2,48.0
TXN008763,2026-07-31,1,16,1,120.0
TXN008763,2026-07-31,1,31,1,175.0
TXN008763,2026-07-31,1,32,1,120.0
TXN008763,2026-07-31,1,15,1,110.0
TXN008764,2026-07-31,1,17,3,135.0
TXN008764,2026-07-31,1,60,1,40.0
TXN008764,2026-07-31,1,59,1,35.0
TXN008764,2026-07-31,1,39,1,140.0
TXN008765,2026-07-31,1,23,2,50.0
TXN008765,2026-07-31,1,4,1,140.0
TXN008765,2026-07-31,1,35,1,145.0
TXN008766,2026-07-31,1,6,1,30.0
TXN008766,2026-07-31,1,58,1,25.0
TXN008766,2026-07-31,1,29,2,190.0
TXN008767,2026-07-31,1,43,1,240.0
TXN008767,2026-07-31,1,46,1,48.0
TXN008767,2026-07-31,1,15,3,330.0
TXN008767,2026-07-31,1,45,1,135.0
TXN008768,2026-07-31,1,23,1,25.0
TXN008769,2026-07-31,1,51,1,180.0
TXN008769,2026-07-31,1,37,1,160.0
TXN008769,2026-07-31,1,58,1,25.0
TXN008770,2026-07-31,1,18,1,20.0
TXN008770,2026-07-31,1,3,1,115.0
TXN008770,2026-07-31,1,43,1,240.0
TXN008770,2026-07-31,1,28,1,75.0
TXN008771,2026-07-31,1,16,1,120.0
TXN008771,2026-07-31,1,10,2,90.0
TXN008772,2026-07-31,1,32,2,240.0
TXN008772,2026-07-31,1,13,1,60.0
TXN008772,2026-07-31,1,25,1,280.0
TXN008772,2026-07-31,1,23,1,25.0
TXN008773,2026-07-31,1,53,2,80.0
TXN008773,2026-07-31,1,27,2,80.0
TXN008773,2026-07-31,1,49,1,85.0
TXN008773,2026-07-31,1,26,1,450.0
TXN008773,2026-07-31,1,6,1,30.0
TXN008774,2026-07-31,1,12,2,180.0
TXN008774,2026-07-31,1,17,2,90.0
TXN008774,2026-07-31,1,30,1,40.0
TXN008775,2026-07-31,1,21,2,620.0
TXN008775,2026-07-31,1,1,2,128.0
TXN008775,2026-07-31,1,30,1,40.0
TXN008775,2026-07-31,1,9,3,120.0
TXN008776,2026-07-31,1,50,2,520.0
TXN008776,2026-07-31,1,56,1,120.0
TXN008777,2026-07-31,1,59,1,35.0
TXN008777,2026-07-31,1,33,1,85.0
TXN008777,2026-07-31,1,28,1,75.0
TXN008778,2026-07-31,1,45,1,135.0
TXN008778,2026-07-31,1,2,2,70.0
TXN008779,2026-07-31,1,48,1,24.0
TXN008779,2026-07-31,1,15,1,110.0
TXN008779,2026-07-31,1,23,1,25.0
TXN008779,2026-07-31,1,47,1,165.0
TXN008780,2026-07-31,1,16,2,240.0
TXN008780,2026-07-31,1,25,1,280.0
TXN008780,2026-07-31,1,54,2,70.0
TXN008781,2026-07-31,1,46,2,96.0
TXN008782,2026-07-31,1,39,1,140.0
TXN008782,2026-07-31,1,41,1,90.0
TXN008782,2026-07-31,1,29,2,190.0
TXN008782,2026-07-31,1,10,2,90.0
TXN008783,2026-07-31,1,47,3,495.0
TXN008783,2026-07-31,1,44,1,580.0
TXN008783,2026-07-31,1,6,1,30.0
TXN008783,2026-07-31,1,49,1,85.0
TXN008784,2026-07-31,1,9,2,80.0
TXN008785,2026-07-31,1,50,2,520.0
TXN008785,2026-07-31,1,48,1,24.0
TXN008785,2026-07-31,1,4,1,140.0
TXN008786,2026-07-31,1,49,1,85.0
TXN008786,2026-07-31,1,58,2,50.0
TXN008786,2026-07-31,1,45,2,270.0
TXN008786,2026-07-31,1,28,1,75.0
TXN008787,2026-07-31,1,16,1,120.0
TXN008788,2026-07-31,1,34,1,190.0
TXN008788,2026-07-31,1,58,1,25.0
TXN008788,2026-07-31,1,56,1,120.0
TXN008788,2026-07-31,1,5,1,95.0
TXN008789,2026-07-31,1,56,1,120.0
TXN008789,2026-07-31,1,1,3,192.0
TXN008789,2026-07-31,1,4,1,140.0
TXN008792,2026-07-31,1,56,1,120.0
TXN008792,2026-07-31,1,10,1,45.0
TXN008793,2026-07-31,1,28,1,75.0
TXN008793,2026-07-31,1,22,2,60.0
TXN008793,2026-07-31,1,12,1,90.0
TXN008794,2026-07-31,1,18,3,60.0
TXN008794,2026-07-31,1,50,1,260.0
TXN008794,2026-07-31,1,6,1,30.0
TXN008795,2026-07-31,1,13,1,60.0
TXN008795,2026-07-31,1,14,1,80.0
TXN008796,2026-07-31,1,59,1,35.0
TXN008796,2026-07-31,1,3,1,115.0
TXN008797,2026-07-31,1,1,2,128.0
TXN008798,2026-07-31,2,27,2,80.0
TXN008798,2026-07-31,2,58,1,25.0
TXN008799,2026-07-31,2,55,2,60.0
TXN008800,2026-07-31,2,5,1,95.0
TXN008801,2026-07-31,2,53,1,40.0
TXN008801,2026-07-31,2,13,1,60.0
TXN008801,2026-07-31,2,2,1,35.0
TXN008801,2026-07-31,2,44,1,580.0
TXN008802,2026-07-31,2,9,3,120.0
TXN008802,2026-07-31,2,35,1,145.0
TXN008802,2026-07-31,2,29,1,95.0
TXN008803,2026-07-31,2,49,1,85.0
TXN008803,2026-07-31,2,57,1,90.0
TXN008803,2026-07-31,2,37,1,160.0
TXN008804,2026-07-31,2,4,2,280.0
TXN008804,2026-07-31,2,24,1,50.0
TXN008804,2026-07-31,2,10,1,45.0
TXN008805,2026-07-31,2,25,1,280.0
TXN008805,2026-07-31,2,4,1,140.0
TXN008806,2026-07-31,2,4,1,140.0
TXN008806,2026-07-31,2,17,1,45.0
TXN008806,2026-07-31,2,45,1,135.0
TXN008807,2026-07-31,2,60,2,80.0
TXN008807,2026-07-31,2,36,2,210.0
TXN008808,2026-07-31,2,1,2,128.0
TXN008808,2026-07-31,2,39,2,280.0
TXN008808,2026-07-31,2,56,1,120.0
TXN008809,2026-07-31,2,30,1,40.0
TXN008809,2026-07-31,2,5,1,95.0
TXN008811,2026-07-31,2,33,1,85.0
TXN008811,2026-07-31,2,30,1,40.0
TXN008812,2026-07-31,2,15,2,220.0
TXN008814,2026-07-31,2,42,3,1860.0
TXN008814,2026-07-31,2,41,1,90.0
TXN008814,2026-07-31,2,26,1,450.0
TXN008815,2026-07-31,2,59,1,35.0
TXN008815,2026-07-31,2,22,1,30.0
TXN008816,2026-07-31,2,56,1,120.0
TXN008818,2026-07-31,2,42,1,620.0
TXN008818,2026-07-31,2,45,1,135.0
TXN008819,2026-07-31,2,37,1,160.0
TXN008819,2026-07-31,2,14,1,80.0
TXN008819,2026-07-31,2,53,2,80.0
TXN008819,2026-07-31,2,52,2,100.0
TXN008820,2026-07-31,2,18,2,40.0
TXN008820,2026-07-31,2,30,2,80.0
TXN008820,2026-07-31,2,10,1,45.0
TXN008821,2026-07-31,2,6,1,30.0
TXN008822,2026-07-31,2,52,1,50.0
TXN008822,2026-07-31,2,55,1,30.0
TXN008823,2026-07-31,2,12,1,90.0
TXN008823,2026-07-31,2,17,2,90.0
TXN008823,2026-07-31,2,44,1,580.0
TXN008824,2026-07-31,2,9,2,80.0
TXN008824,2026-07-31,2,28,1,75.0
TXN008824,2026-07-31,2,42,1,620.0
TXN008824,2026-07-31,2,27,2,80.0
TXN008825,2026-07-31,2,7,2,260.0
TXN008825,2026-07-31,2,51,3,540.0
TXN008825,2026-07-31,2,15,1,110.0
TXN008825,2026-07-31,2,55,1,30.0
TXN008825,2026-07-31,2,16,1,120.0
TXN008826,2026-07-31,2,11,1,35.0
TXN008826,2026-07-31,2,16,1,120.0
TXN008827,2026-07-31,2,52,2,100.0
TXN008827,2026-07-31,2,48,1,24.0
TXN008828,2026-07-31,2,27,2,80.0
TXN008828,2026-07-31,2,21,2,620.0
TXN008829,2026-07-31,2,48,1,24.0
TXN008829,2026-07-31,2,43,1,240.0
TXN008829,2026-07-31,2,22,1,30.0
TXN008830,2026-07-31,2,43,1,240.0
TXN008830,2026-07-31,2,57,2,180.0
TXN008830,2026-07-31,2,45,1,135.0
TXN008831,2026-07-31,2,55,1,30.0
TXN008832,2026-07-31,2,15,1,110.0
TXN008833,2026-07-31,2,30,1,40.0
TXN008833,2026-07-31,2,35,1,145.0
TXN008834,2026-07-31,2,40,1,65.0
TXN008834,2026-07-31,2,60,2,80.0
TXN008835,2026-07-31,2,56,1,120.0
TXN008835,2026-07-31,2,8,2,168.0
TXN008836,2026-07-31,3,27,1,40.0
TXN008836,2026-07-31,3,6,1,30.0
TXN008836,2026-07-31,3,57,1,90.0
TXN008836,2026-07-31,3,39,1,140.0
TXN008838,2026-07-31,3,27,2,80.0
TXN008838,2026-07-31,3,54,1,35.0
TXN008839,2026-07-31,3,43,1,240.0
TXN008839,2026-07-31,3,22,1,30.0
TXN008840,2026-07-31,3,32,1,120.0
TXN008841,2026-07-31,3,11,1,35.0
TXN008841,2026-07-31,3,43,2,480.0
TXN008841,2026-07-31,3,15,1,110.0
TXN008842,2026-07-31,3,18,1,20.0
TXN008843,2026-07-31,3,42,2,1240.0
TXN008843,2026-07-31,3,26,1,450.0
TXN008844,2026-07-31,3,49,2,170.0
TXN008844,2026-07-31,3,14,1,80.0
TXN008846,2026-07-31,3,28,1,75.0
TXN008846,2026-07-31,3,8,1,84.0
TXN008846,2026-07-31,3,53,1,40.0
TXN008847,2026-07-31,3,33,1,85.0
TXN008847,2026-07-31,3,19,1,110.0
TXN008848,2026-07-31,3,29,1,95.0
TXN008851,2026-07-31,3,36,1,105.0
TXN008851,2026-07-31,3,23,2,50.0
TXN008852,2026-07-31,3,43,1,240.0
TXN008852,2026-07-31,3,13,1,60.0
TXN008852,2026-07-31,3,8,2,168.0
TXN008853,2026-07-31,3,1,2,128.0
TXN008853,2026-07-31,3,29,2,190.0
TXN008854,2026-07-31,3,10,1,45.0
TXN008854,2026-07-31,3,41,1,90.0
TXN008854,2026-07-31,3,27,1,40.0
TXN008855,2026-07-31,3,37,1,160.0
TXN008855,2026-07-31,3,52,2,100.0
TXN008855,2026-07-31,3,4,1,140.0
TXN008855,2026-07-31,3,25,1,280.0
TXN008856,2026-07-31,3,33,1,85.0
TXN008857,2026-07-31,3,21,1,310.0
TXN008857,2026-07-31,3,5,1,95.0
TXN008858,2026-07-31,3,9,2,80.0
TXN008858,2026-07-31,3,33,1,85.0
TXN008859,2026-07-31,3,17,2,90.0
TXN008859,2026-07-31,3,1,1,64.0
TXN008859,2026-07-31,3,5,2,190.0
TXN008859,2026-07-31,3,55,1,30.0
TXN008860,2026-07-31,3,39,1,140.0
TXN008860,2026-07-31,3,8,2,168.0
TXN008861,2026-07-31,3,45,2,270.0
TXN008861,2026-07-31,3,23,1,25.0
TXN008861,2026-07-31,3,54,1,35.0
TXN008861,2026-07-31,3,12,1,90.0
TXN008862,2026-07-31,3,7,1,130.0
TXN008862,2026-07-31,3,25,1,280.0
TXN008862,2026-07-31,3,20,1,220.0
TXN008863,2026-07-31,3,58,1,25.0
TXN008863,2026-07-31,3,18,1,20.0
TXN008863,2026-07-31,3,1,1,64.0
TXN008864,2026-08-01,1,1,2,128.0
TXN008864,2026-08-01,1,32,1,120.0
TXN008864,2026-08-01,1,8,2,168.0
TXN008864,2026-08-01,1,24,1,50.0
TXN008865,2026-08-01,1,23,1,25.0
TXN008865,2026-08-01,1,7,1,130.0
TXN008865,2026-08-01,1,18,1,20.0
TXN008865,2026-08-01,1,55,2,60.0
TXN008866,2026-08-01,1,25,2,560.0
TXN008866,2026-08-01,1,36,3,315.0
TXN008867,2026-08-01,1,39,1,140.0
TXN008867,2026-08-01,1,26,1,450.0
TXN008868,2026-08-01,1,55,2,60.0
TXN008869,2026-08-01,1,16,1,120.0
TXN008869,2026-08-01,1,58,1,25.0
TXN008870,2026-08-01,1,9,3,120.0
TXN008870,2026-08-01,1,55,2,60.0
TXN008871,2026-08-01,1,53,2,80.0
TXN008872,2026-08-01,1,39,1,140.0
TXN008872,2026-08-01,1,30,1,40.0
TXN008872,2026-08-01,1,60,1,40.0
TXN008872,2026-08-01,1,2,2,70.0
TXN008873,2026-08-01,1,25,2,560.0
TXN008874,2026-08-01,1,17,2,90.0
TXN008875,2026-08-01,1,40,2,130.0
TXN008875,2026-08-01,1,4,1,140.0
TXN008875,2026-08-01,1,33,1,85.0
TXN008875,2026-08-01,1,6,2,60.0
TXN008875,2026-08-01,1,54,2,70.0
TXN008876,2026-08-01,1,16,2,240.0
TXN008876,2026-08-01,1,46,2,96.0
TXN008876,2026-08-01,1,9,3,120.0
TXN008876,2026-08-01,1,52,2,100.0
TXN008877,2026-08-01,1,40,1,65.0
TXN008877,2026-08-01,1,55,2,60.0
TXN008877,2026-08-01,1,21,1,310.0
TXN008877,2026-08-01,1,4,1,140.0
TXN008878,2026-08-01,1,22,1,30.0
TXN008879,2026-08-01,1,23,1,25.0
TXN008879,2026-08-01,1,14,1,80.0
TXN008880,2026-08-01,1,49,2,170.0
TXN008880,2026-08-01,1,53,1,40.0
TXN008880,2026-08-01,1,43,2,480.0
TXN008880,2026-08-01,1,59,2,70.0
TXN008881,2026-08-01,1,56,1,120.0
TXN008881,2026-08-01,1,14,1,80.0
TXN008881,2026-08-01,1,37,1,160.0
TXN008882,2026-08-01,1,7,2,260.0
TXN008883,2026-08-01,1,27,1,40.0
TXN008885,2026-08-01,1,30,1,40.0
TXN008885,2026-08-01,1,17,4,180.0
TXN008886,2026-08-01,1,17,2,90.0
TXN008887,2026-08-01,1,8,2,168.0
TXN008888,2026-08-01,1,39,1,140.0
TXN008889,2026-08-01,1,28,1,75.0
TXN008890,2026-08-01,1,45,2,270.0
TXN008890,2026-08-01,1,24,2,100.0
TXN008891,2026-08-01,1,3,1,115.0
TXN008892,2026-08-01,1,43,2,480.0
TXN008892,2026-08-01,1,12,1,90.0
TXN008892,2026-08-01,1,11,1,35.0
TXN008892,2026-08-01,1,34,1,190.0
TXN008893,2026-08-01,1,21,1,310.0
TXN008893,2026-08-01,1,60,2,80.0
TXN008893,2026-08-01,1,37,1,160.0
TXN008893,2026-08-01,1,20,1,220.0
TXN008894,2026-08-01,1,18,2,40.0
TXN008894,2026-08-01,1,56,1,120.0
TXN008894,2026-08-01,1,32,1,120.0
TXN008894,2026-08-01,1,21,1,310.0
TXN008895,2026-08-01,1,7,2,260.0
TXN008896,2026-08-01,1,28,1,75.0
TXN008896,2026-08-01,1,13,1,60.0
TXN008896,2026-08-01,1,35,2,290.0
TXN008897,2026-08-01,1,23,2,50.0
TXN008897,2026-08-01,1,50,2,520.0
TXN008897,2026-08-01,1,30,2,80.0
TXN008897,2026-08-01,1,4,1,140.0
TXN008898,2026-08-01,1,16,2,240.0
TXN008899,2026-08-01,1,32,3,360.0
TXN008899,2026-08-01,1,23,2,50.0
TXN008899,2026-08-01,1,51,1,180.0
TXN008899,2026-08-01,1,14,1,80.0
TXN008899,2026-08-01,1,42,2,1240.0
TXN008900,2026-08-01,2,19,1,110.0
TXN008901,2026-08-01,2,46,1,48.0
TXN008901,2026-08-01,2,15,1,110.0
TXN008902,2026-08-01,2,24,1,50.0
TXN008902,2026-08-01,2,56,1,120.0
TXN008903,2026-08-01,2,22,1,30.0
TXN008903,2026-08-01,2,45,3,405.0
TXN008904,2026-08-01,2,5,1,95.0
TXN008904,2026-08-01,2,23,1,25.0
TXN008905,2026-08-01,2,51,2,360.0
TXN008905,2026-08-01,2,25,1,280.0
TXN008905,2026-08-01,2,27,2,80.0
TXN008906,2026-08-01,2,52,2,100.0
TXN008906,2026-08-01,2,46,1,48.0
TXN008906,2026-08-01,2,48,2,48.0
TXN008907,2026-08-01,2,27,2,80.0
TXN008907,2026-08-01,2,58,1,25.0
TXN008907,2026-08-01,2,7,1,130.0
TXN008908,2026-08-01,2,3,1,115.0
TXN008909,2026-08-01,2,57,1,90.0
TXN008910,2026-08-01,2,22,2,60.0
TXN008910,2026-08-01,2,24,1,50.0
TXN008910,2026-08-01,2,7,1,130.0
TXN008910,2026-08-01,2,12,1,90.0
TXN008910,2026-08-01,2,56,1,120.0
TXN008911,2026-08-01,2,23,2,50.0
TXN008911,2026-08-01,2,17,2,90.0
TXN008911,2026-08-01,2,7,2,260.0
TXN008911,2026-08-01,2,9,2,80.0
TXN008913,2026-08-01,2,13,1,60.0
TXN008913,2026-08-01,2,59,1,35.0
TXN008914,2026-08-01,2,32,1,120.0
TXN008914,2026-08-01,2,35,1,145.0
TXN008914,2026-08-01,2,56,1,120.0
TXN008914,2026-08-01,2,29,2,190.0
TXN008916,2026-08-01,2,49,1,85.0
TXN008916,2026-08-01,2,39,2,280.0
TXN008916,2026-08-01,2,7,1,130.0
TXN008917,2026-08-01,2,46,2,96.0
TXN008918,2026-08-01,2,51,2,360.0
TXN008918,2026-08-01,2,18,1,20.0
TXN008919,2026-08-01,2,46,2,96.0
TXN008919,2026-08-01,2,13,1,60.0
TXN008919,2026-08-01,2,6,1,30.0
TXN008919,2026-08-01,2,3,1,115.0
TXN008919,2026-08-01,2,57,1,90.0
TXN008920,2026-08-01,2,46,1,48.0
TXN008921,2026-08-01,2,22,3,90.0
TXN008921,2026-08-01,2,9,2,80.0
TXN008921,2026-08-01,2,30,1,40.0
TXN008922,2026-08-01,2,25,2,560.0
TXN008923,2026-08-01,2,22,1,30.0
TXN008924,2026-08-01,2,15,3,330.0
TXN008924,2026-08-01,2,1,2,128.0
TXN008924,2026-08-01,2,40,1,65.0
TXN008924,2026-08-01,2,49,2,170.0
TXN008924,2026-08-01,2,35,1,145.0
TXN008926,2026-08-01,2,32,1,120.0
TXN008926,2026-08-01,2,39,1,140.0
TXN008927,2026-08-01,2,57,1,90.0
TXN008928,2026-08-01,2,53,1,40.0
TXN008928,2026-08-01,2,30,2,80.0
TXN008928,2026-08-01,2,18,2,40.0
TXN008929,2026-08-01,2,3,1,115.0
TXN008930,2026-08-01,2,6,2,60.0
TXN008931,2026-08-01,2,49,2,170.0
TXN008931,2026-08-01,2,26,1,450.0
TXN008932,2026-08-01,2,11,1,35.0
TXN008933,2026-08-01,2,50,1,260.0
TXN008933,2026-08-01,2,53,1,40.0
TXN008933,2026-08-01,2,39,1,140.0
TXN008934,2026-08-01,2,24,1,50.0
TXN008934,2026-08-01,2,53,2,80.0
TXN008934,2026-08-01,2,54,2,70.0
TXN008934,2026-08-01,2,48,3,72.0
TXN008935,2026-08-01,2,23,2,50.0
TXN008935,2026-08-01,2,56,1,120.0
TXN008935,2026-08-01,2,55,2,60.0
TXN008935,2026-08-01,2,49,1,85.0
TXN008936,2026-08-01,2,60,2,80.0
TXN008936,2026-08-01,2,47,1,165.0
TXN008936,2026-08-01,2,24,1,50.0
TXN008937,2026-08-01,3,5,1,95.0
TXN008937,2026-08-01,3,43,1,240.0
TXN008939,2026-08-01,3,36,1,105.0
TXN008939,2026-08-01,3,25,1,280.0
TXN008940,2026-08-01,3,17,3,135.0
TXN008940,2026-08-01,3,58,1,25.0
TXN008941,2026-08-01,3,18,1,20.0
TXN008941,2026-08-01,3,50,1,260.0
TXN008941,2026-08-01,3,22,1,30.0
TXN008941,2026-08-01,3,11,2,70.0
TXN008942,2026-08-01,3,3,1,115.0
TXN008942,2026-08-01,3,9,2,80.0
TXN008942,2026-08-01,3,42,1,620.0
TXN008943,2026-08-01,3,4,1,140.0
TXN008943,2026-08-01,3,42,2,1240.0
TXN008944,2026-08-01,3,8,1,84.0
TXN008944,2026-08-01,3,21,1,310.0
TXN008944,2026-08-01,3,52,2,100.0
TXN008944,2026-08-01,3,20,1,220.0
TXN008945,2026-08-01,3,1,2,128.0
TXN008945,2026-08-01,3,6,1,30.0
TXN008946,2026-08-01,3,39,1,140.0
TXN008946,2026-08-01,3,45,1,135.0
TXN008947,2026-08-01,3,17,2,90.0
TXN008947,2026-08-01,3,5,1,95.0
TXN008947,2026-08-01,3,57,1,90.0
TXN008948,2026-08-01,3,45,1,135.0
TXN008948,2026-08-01,3,15,1,110.0
TXN008949,2026-08-01,3,47,1,165.0
TXN008949,2026-08-01,3,1,2,128.0
TXN008949,2026-08-01,3,55,2,60.0
TXN008950,2026-08-01,3,9,2,80.0
TXN008950,2026-08-01,3,24,1,50.0
TXN008951,2026-08-01,3,42,2,1240.0
TXN008951,2026-08-01,3,49,1,85.0
TXN008952,2026-08-01,3,55,1,30.0
TXN008952,2026-08-01,3,12,1,90.0
TXN008952,2026-08-01,3,2,1,35.0
TXN008953,2026-08-01,3,50,2,520.0
TXN008953,2026-08-01,3,25,2,560.0
TXN008954,2026-08-01,3,39,1,140.0
TXN008954,2026-08-01,3,52,2,100.0
TXN008954,2026-08-01,3,32,2,240.0
TXN008954,2026-08-01,3,1,1,64.0
TXN008956,2026-08-01,3,54,1,35.0
TXN008957,2026-08-01,3,5,1,95.0
TXN008957,2026-08-01,3,31,1,175.0
TXN008958,2026-08-01,3,9,2,80.0
TXN008959,2026-08-01,3,16,1,120.0
TXN008959,2026-08-01,3,32,1,120.0
TXN008960,2026-08-01,3,4,1,140.0
TXN008960,2026-08-01,3,20,1,220.0
TXN008960,2026-08-01,3,58,1,25.0
TXN008961,2026-08-01,3,12,1,90.0
TXN008961,2026-08-01,3,50,1,260.0
TXN008961,2026-08-01,3,24,1,50.0
TXN008961,2026-08-01,3,13,1,60.0
TXN008962,2026-08-01,3,13,1,60.0
TXN008963,2026-08-01,3,25,1,280.0
TXN008964,2026-08-01,3,29,1,95.0
TXN008964,2026-08-01,3,49,1,85.0
TXN008964,2026-08-01,3,17,2,90.0
TXN008965,2026-08-01,3,23,1,25.0
TXN008967,2026-08-01,3,35,1,145.0
TXN008967,2026-08-01,3,49,1,85.0
TXN008967,2026-08-01,3,51,1,180.0
TXN008968,2026-08-01,3,28,1,75.0
TXN008968,2026-08-01,3,13,1,60.0
TXN008968,2026-08-01,3,6,2,60.0
TXN008969,2026-08-01,3,42,1,620.0
TXN008970,2026-08-01,3,16,2,240.0
TXN008971,2026-08-01,3,13,1,60.0
TXN008971,2026-08-01,3,55,1,30.0
TXN008971,2026-08-01,3,53,1,40.0
TXN008973,2026-08-01,3,22,1,30.0
TXN008973,2026-08-01,3,6,1,30.0
TXN008974,2026-08-01,3,33,1,85.0
TXN008976,2026-08-02,1,53,1,40.0
TXN008976,2026-08-02,1,46,1,48.0
TXN008977,2026-08-02,1,17,4,180.0
TXN008977,2026-08-02,1,55,2,60.0
TXN008978,2026-08-02,1,23,2,50.0
TXN008978,2026-08-02,1,12,2,180.0
TXN008980,2026-08-02,1,28,1,75.0
TXN008981,2026-08-02,1,21,1,310.0
TXN008982,2026-08-02,1,3,1,115.0
TXN008982,2026-08-02,1,10,2,90.0
TXN008982,2026-08-02,1,20,1,220.0
TXN008983,2026-08-02,1,57,1,90.0
TXN008983,2026-08-02,1,22,2,60.0
TXN008983,2026-08-02,1,1,2,128.0
TXN008984,2026-08-02,1,37,1,160.0
TXN008984,2026-08-02,1,8,2,168.0
TXN008984,2026-08-02,1,17,3,135.0
TXN008985,2026-08-02,1,39,1,140.0
TXN008985,2026-08-02,1,26,1,450.0
TXN008986,2026-08-02,1,12,1,90.0
TXN008987,2026-08-02,1,17,3,135.0
TXN008987,2026-08-02,1,21,2,620.0
TXN008987,2026-08-02,1,19,1,110.0
TXN008988,2026-08-02,1,43,1,240.0
TXN008988,2026-08-02,1,25,2,560.0
TXN008989,2026-08-02,1,46,2,96.0
TXN008989,2026-08-02,1,13,1,60.0
TXN008989,2026-08-02,1,1,2,128.0
TXN008989,2026-08-02,1,58,1,25.0
TXN008990,2026-08-02,1,50,2,520.0
TXN008990,2026-08-02,1,36,2,210.0
TXN008990,2026-08-02,1,48,2,48.0
TXN008990,2026-08-02,1,52,2,100.0
TXN008990,2026-08-02,1,47,2,330.0
TXN008991,2026-08-02,1,42,2,1240.0
TXN008991,2026-08-02,1,27,1,40.0
TXN008992,2026-08-02,1,25,1,280.0
TXN008992,2026-08-02,1,55,2,60.0
TXN008993,2026-08-02,1,23,1,25.0
TXN008993,2026-08-02,1,8,1,84.0
TXN008993,2026-08-02,1,27,2,80.0
TXN008994,2026-08-02,1,45,2,270.0
TXN008994,2026-08-02,1,10,1,45.0
TXN008995,2026-08-02,1,30,1,40.0
TXN008998,2026-08-02,1,44,1,580.0
TXN008998,2026-08-02,1,24,1,50.0
TXN008999,2026-08-02,1,59,2,70.0
TXN009000,2026-08-02,1,1,3,192.0
TXN009000,2026-08-02,1,4,1,140.0
TXN009002,2026-08-02,1,4,1,140.0
TXN009002,2026-08-02,1,9,3,120.0
TXN009003,2026-08-02,1,58,2,50.0
TXN009003,2026-08-02,1,15,1,110.0
TXN009004,2026-08-02,1,37,1,160.0
TXN009004,2026-08-02,1,54,3,105.0
TXN009005,2026-08-02,1,38,1,210.0
TXN009005,2026-08-02,1,41,1,90.0
TXN009006,2026-08-02,1,13,1,60.0
TXN009006,2026-08-02,1,3,1,115.0
TXN009007,2026-08-02,1,10,1,45.0
TXN009007,2026-08-02,1,15,1,110.0
TXN009007,2026-08-02,1,35,1,145.0
TXN009007,2026-08-02,1,40,2,130.0
TXN009008,2026-08-02,1,32,1,120.0
TXN009008,2026-08-02,1,49,1,85.0
TXN009008,2026-08-02,1,48,3,72.0
TXN009008,2026-08-02,1,31,1,175.0
TXN009009,2026-08-02,1,29,2,190.0
TXN009009,2026-08-02,1,36,2,210.0
TXN009010,2026-08-02,1,53,2,80.0
TXN009010,2026-08-02,1,11,1,35.0
TXN009010,2026-08-02,1,16,1,120.0
TXN009011,2026-08-02,1,50,2,520.0
TXN009011,2026-08-02,1,25,1,280.0
TXN009011,2026-08-02,1,52,2,100.0
TXN009011,2026-08-02,1,56,1,120.0
TXN009011,2026-08-02,1,49,1,85.0
TXN009012,2026-08-02,1,30,2,80.0
TXN009012,2026-08-02,1,18,2,40.0
TXN009012,2026-08-02,1,13,1,60.0
TXN009013,2026-08-02,1,25,1,280.0
TXN009014,2026-08-02,1,41,1,90.0
TXN009014,2026-08-02,1,52,1,50.0
TXN009014,2026-08-02,1,37,1,160.0
TXN009015,2026-08-02,1,54,1,35.0
TXN009015,2026-08-02,1,38,1,210.0
TXN009017,2026-08-02,1,8,2,168.0
TXN009019,2026-08-02,1,49,2,170.0
TXN009020,2026-08-02,1,38,1,210.0
TXN009020,2026-08-02,1,27,2,80.0
TXN009021,2026-08-02,1,49,2,170.0
TXN009021,2026-08-02,1,18,2,40.0
TXN009021,2026-08-02,1,37,1,160.0
TXN009021,2026-08-02,1,22,2,60.0
TXN009022,2026-08-02,1,36,2,210.0
TXN009022,2026-08-02,1,57,2,180.0
TXN009022,2026-08-02,1,42,3,1860.0
TXN009023,2026-08-02,1,51,2,360.0
TXN009024,2026-08-02,1,6,2,60.0
TXN009024,2026-08-02,1,25,2,560.0
TXN009024,2026-08-02,1,38,1,210.0
TXN009026,2026-08-02,2,58,1,25.0
TXN009027,2026-08-02,2,16,1,120.0
TXN009027,2026-08-02,2,33,2,170.0
TXN009028,2026-08-02,2,31,1,175.0
TXN009028,2026-08-02,2,46,2,96.0
TXN009028,2026-08-02,2,43,2,480.0
TXN009029,2026-08-02,2,12,1,90.0
TXN009029,2026-08-02,2,27,2,80.0
TXN009030,2026-08-02,2,8,1,84.0
TXN009030,2026-08-02,2,46,2,96.0
TXN009030,2026-08-02,2,21,2,620.0
TXN009031,2026-08-02,2,23,1,25.0
TXN009031,2026-08-02,2,6,2,60.0
TXN009031,2026-08-02,2,52,1,50.0
TXN009032,2026-08-02,2,51,1,180.0
TXN009032,2026-08-02,2,50,1,260.0
TXN009033,2026-08-02,2,53,2,80.0
TXN009034,2026-08-02,2,11,1,35.0
TXN009035,2026-08-02,2,57,1,90.0
TXN009037,2026-08-02,2,50,1,260.0
TXN009037,2026-08-02,2,55,2,60.0
TXN009037,2026-08-02,2,60,1,40.0
TXN009037,2026-08-02,2,44,1,580.0
TXN009037,2026-08-02,2,56,1,120.0
TXN009038,2026-08-02,2,53,2,80.0
TXN009039,2026-08-02,2,3,1,115.0
TXN009039,2026-08-02,2,9,2,80.0
TXN009039,2026-08-02,2,50,1,260.0
TXN009040,2026-08-02,2,33,2,170.0
TXN009040,2026-08-02,2,11,1,35.0
TXN009040,2026-08-02,2,38,1,210.0
TXN009040,2026-08-02,2,1,3,192.0
TXN009041,2026-08-02,2,55,2,60.0
TXN009042,2026-08-02,2,15,1,110.0
TXN009042,2026-08-02,2,52,1,50.0
TXN009042,2026-08-02,2,6,1,30.0
TXN009042,2026-08-02,2,26,1,450.0
TXN009043,2026-08-02,2,7,2,260.0
TXN009043,2026-08-02,2,36,2,210.0
TXN009044,2026-08-02,2,33,1,85.0
TXN009044,2026-08-02,2,50,1,260.0
TXN009044,2026-08-02,2,44,1,580.0
TXN009044,2026-08-02,2,51,1,180.0
TXN009045,2026-08-02,2,32,3,360.0
TXN009045,2026-08-02,2,43,2,480.0
TXN009045,2026-08-02,2,58,2,50.0
TXN009046,2026-08-02,2,15,1,110.0
TXN009046,2026-08-02,2,1,2,128.0
TXN009047,2026-08-02,2,11,1,35.0
TXN009047,2026-08-02,2,7,2,260.0
TXN009047,2026-08-02,2,14,1,80.0
TXN009047,2026-08-02,2,8,1,84.0
TXN009047,2026-08-02,2,46,1,48.0
TXN009048,2026-08-02,2,54,1,35.0
TXN009050,2026-08-02,2,25,1,280.0
TXN009051,2026-08-02,2,27,1,40.0
TXN009051,2026-08-02,2,15,1,110.0
TXN009051,2026-08-02,2,20,1,220.0
TXN009051,2026-08-02,2,38,1,210.0
TXN009051,2026-08-02,2,60,1,40.0
TXN009052,2026-08-02,2,27,2,80.0
TXN009052,2026-08-02,2,34,1,190.0
TXN009052,2026-08-02,2,47,2,330.0
TXN009052,2026-08-02,2,39,1,140.0
TXN009053,2026-08-02,2,43,2,480.0
TXN009055,2026-08-02,2,50,1,260.0
TXN009055,2026-08-02,2,25,1,280.0
TXN009055,2026-08-02,2,55,1,30.0
TXN009055,2026-08-02,2,5,1,95.0
TXN009056,2026-08-02,2,36,1,105.0
TXN009056,2026-08-02,2,18,2,40.0
TXN009057,2026-08-02,2,60,1,40.0
TXN009058,2026-08-02,2,32,1,120.0
TXN009058,2026-08-02,2,9,2,80.0
TXN009058,2026-08-02,2,20,1,220.0
TXN009058,2026-08-02,2,50,1,260.0
TXN009059,2026-08-02,2,15,2,220.0
TXN009059,2026-08-02,2,50,1,260.0
TXN009060,2026-08-02,2,21,2,620.0
TXN009061,2026-08-02,2,29,2,190.0
TXN009061,2026-08-02,2,10,1,45.0
TXN009061,2026-08-02,2,55,1,30.0
TXN009062,2026-08-02,2,50,1,260.0
TXN009063,2026-08-02,2,42,2,1240.0
TXN009064,2026-08-02,2,1,3,192.0
TXN009064,2026-08-02,2,43,1,240.0
TXN009064,2026-08-02,2,18,1,20.0
TXN009064,2026-08-02,2,38,1,210.0
TXN009065,2026-08-02,2,56,1,120.0
TXN009065,2026-08-02,2,13,1,60.0
TXN009066,2026-08-02,2,29,3,285.0
TXN009067,2026-08-02,2,53,2,80.0
TXN009067,2026-08-02,2,25,1,280.0
TXN009068,2026-08-02,3,14,1,80.0
TXN009069,2026-08-02,3,50,2,520.0
TXN009070,2026-08-02,3,27,3,120.0
TXN009071,2026-08-02,3,55,2,60.0
TXN009071,2026-08-02,3,59,1,35.0
TXN009071,2026-08-02,3,45,1,135.0
TXN009071,2026-08-02,3,18,1,20.0
TXN009073,2026-08-02,3,6,1,30.0
TXN009074,2026-08-02,3,9,3,120.0
TXN009076,2026-08-02,3,45,1,135.0
TXN009077,2026-08-02,3,50,1,260.0
TXN009078,2026-08-02,3,41,1,90.0
TXN009078,2026-08-02,3,12,1,90.0
TXN009079,2026-08-02,3,30,1,40.0
TXN009079,2026-08-02,3,27,1,40.0
TXN009079,2026-08-02,3,6,2,60.0
TXN009080,2026-08-02,3,13,1,60.0
TXN009081,2026-08-02,3,42,1,620.0
TXN009081,2026-08-02,3,17,2,90.0
TXN009081,2026-08-02,3,4,1,140.0
TXN009081,2026-08-02,3,54,1,35.0
TXN009082,2026-08-02,3,1,2,128.0
TXN009084,2026-08-02,3,35,1,145.0
TXN009084,2026-08-02,3,14,1,80.0
TXN009084,2026-08-02,3,9,2,80.0
TXN009086,2026-08-02,3,1,2,128.0
TXN009086,2026-08-02,3,37,1,160.0
TXN009087,2026-08-02,3,23,1,25.0
TXN009087,2026-08-02,3,36,1,105.0
TXN009088,2026-08-02,3,7,1,130.0
TXN009089,2026-08-02,3,28,1,75.0
TXN009089,2026-08-02,3,22,1,30.0
TXN009089,2026-08-02,3,48,2,48.0
TXN009090,2026-08-02,3,48,2,48.0
TXN009090,2026-08-02,3,53,1,40.0
TXN009091,2026-08-02,3,10,1,45.0
TXN009092,2026-08-02,3,1,1,64.0
TXN009092,2026-08-02,3,18,2,40.0
TXN009094,2026-08-02,3,27,1,40.0
TXN009094,2026-08-02,3,57,1,90.0
TXN009094,2026-08-02,3,49,2,170.0
TXN009095,2026-08-02,3,45,1,135.0
TXN009095,2026-08-02,3,25,2,560.0
TXN009095,2026-08-02,3,29,2,190.0
TXN009097,2026-08-02,3,45,1,135.0
TXN009097,2026-08-02,3,25,1,280.0
TXN009099,2026-08-02,3,7,1,130.0
TXN009099,2026-08-02,3,45,1,135.0
TXN009099,2026-08-02,3,9,3,120.0
TXN009100,2026-08-02,3,53,2,80.0
TXN009101,2026-08-02,3,21,1,310.0
TXN009102,2026-08-02,3,11,1,35.0
TXN009102,2026-08-02,3,17,2,90.0
TXN009103,2026-08-02,3,43,2,480.0
TXN009103,2026-08-02,3,53,1,40.0
TXN009103,2026-08-02,3,25,2,560.0
TXN009104,2026-08-03,1,13,1,60.0
TXN009104,2026-08-03,1,30,2,80.0
TXN009104,2026-08-03,1,4,1,140.0
TXN009104,2026-08-03,1,29,2,190.0
TXN009105,2026-08-03,1,18,1,20.0
TXN009105,2026-08-03,1,54,1,35.0
TXN009106,2026-08-03,1,55,1,30.0
TXN009106,2026-08-03,1,36,1,105.0
TXN009106,2026-08-03,1,57,2,180.0
TXN009107,2026-08-03,1,19,1,110.0
TXN009108,2026-08-03,1,35,1,145.0
TXN009109,2026-08-03,1,27,1,40.0
TXN009110,2026-08-03,1,4,1,140.0
TXN009112,2026-08-03,1,52,2,100.0
TXN009112,2026-08-03,1,58,1,25.0
TXN009112,2026-08-03,1,16,1,120.0
TXN009113,2026-08-03,1,48,2,48.0
TXN009114,2026-08-03,1,21,1,310.0
TXN009114,2026-08-03,1,39,1,140.0
TXN009114,2026-08-03,1,25,2,560.0
TXN009114,2026-08-03,1,36,1,105.0
TXN009115,2026-08-03,1,51,2,360.0
TXN009117,2026-08-03,1,42,2,1240.0
TXN009117,2026-08-03,1,41,1,90.0
TXN009118,2026-08-03,1,26,1,450.0
TXN009118,2026-08-03,1,29,2,190.0
TXN009118,2026-08-03,1,27,2,80.0
TXN009119,2026-08-03,1,6,1,30.0
TXN009120,2026-08-03,1,26,1,450.0
TXN009120,2026-08-03,1,47,1,165.0
TXN009120,2026-08-03,1,11,1,35.0
TXN009121,2026-08-03,1,47,1,165.0
TXN009122,2026-08-03,1,10,2,90.0
TXN009122,2026-08-03,1,2,1,35.0
TXN009122,2026-08-03,1,23,1,25.0
TXN009123,2026-08-03,1,52,2,100.0
TXN009124,2026-08-03,1,5,1,95.0
TXN009124,2026-08-03,1,23,2,50.0
TXN009125,2026-08-03,1,16,1,120.0
TXN009125,2026-08-03,1,3,1,115.0
TXN009126,2026-08-03,1,2,2,70.0
TXN009126,2026-08-03,1,11,1,35.0
TXN009127,2026-08-03,1,12,1,90.0
TXN009127,2026-08-03,1,53,1,40.0
TXN009127,2026-08-03,1,59,1,35.0
TXN009127,2026-08-03,1,36,2,210.0
TXN009127,2026-08-03,1,14,1,80.0
TXN009128,2026-08-03,1,42,1,620.0
TXN009128,2026-08-03,1,31,1,175.0
TXN009129,2026-08-03,1,1,3,192.0
TXN009129,2026-08-03,1,43,3,720.0
TXN009129,2026-08-03,1,54,1,35.0
TXN009130,2026-08-03,1,54,3,105.0
TXN009130,2026-08-03,1,50,2,520.0
TXN009131,2026-08-03,1,59,1,35.0
TXN009131,2026-08-03,1,27,2,80.0
TXN009131,2026-08-03,1,32,2,240.0
TXN009132,2026-08-03,1,21,1,310.0
TXN009132,2026-08-03,1,14,2,160.0
TXN009132,2026-08-03,1,54,2,70.0
TXN009132,2026-08-03,1,12,1,90.0
TXN009132,2026-08-03,1,18,1,20.0
TXN009133,2026-08-03,1,39,1,140.0
TXN009133,2026-08-03,1,33,1,85.0
TXN009133,2026-08-03,1,36,1,105.0
TXN009133,2026-08-03,1,47,1,165.0
TXN009134,2026-08-03,1,22,2,60.0
TXN009134,2026-08-03,1,48,2,48.0
TXN009134,2026-08-03,1,29,1,95.0
TXN009134,2026-08-03,1,36,2,210.0
TXN009135,2026-08-03,1,9,2,80.0
TXN009135,2026-08-03,1,29,2,190.0
TXN009136,2026-08-03,1,43,2,480.0
TXN009136,2026-08-03,1,36,1,105.0
TXN009136,2026-08-03,1,24,1,50.0
TXN009136,2026-08-03,1,26,1,450.0
TXN009137,2026-08-03,2,36,1,105.0
TXN009138,2026-08-03,2,31,1,175.0
TXN009138,2026-08-03,2,26,1,450.0
TXN009139,2026-08-03,2,29,1,95.0
TXN009139,2026-08-03,2,20,1,220.0
TXN009139,2026-08-03,2,50,1,260.0
TXN009140,2026-08-03,2,13,1,60.0
TXN009141,2026-08-03,2,32,1,120.0
TXN009143,2026-08-03,2,35,1,145.0
TXN009144,2026-08-03,2,1,2,128.0
TXN009144,2026-08-03,2,22,1,30.0
TXN009145,2026-08-03,2,35,1,145.0
TXN009145,2026-08-03,2,19,1,110.0
TXN009146,2026-08-03,2,17,2,90.0
TXN009146,2026-08-03,2,50,1,260.0
TXN009147,2026-08-03,2,55,1,30.0
TXN009147,2026-08-03,2,21,1,310.0
TXN009147,2026-08-03,2,50,2,520.0
TXN009147,2026-08-03,2,8,2,168.0
TXN009148,2026-08-03,2,46,2,96.0
TXN009149,2026-08-03,2,40,1,65.0
TXN009149,2026-08-03,2,4,1,140.0
TXN009149,2026-08-03,2,48,1,24.0
TXN009150,2026-08-03,2,59,1,35.0
TXN009151,2026-08-03,2,54,1,35.0
TXN009151,2026-08-03,2,27,1,40.0
TXN009152,2026-08-03,2,52,1,50.0
TXN009153,2026-08-03,2,27,1,40.0
TXN009154,2026-08-03,2,24,1,50.0
TXN009154,2026-08-03,2,45,2,270.0
TXN009154,2026-08-03,2,56,1,120.0
TXN009155,2026-08-03,2,48,3,72.0
TXN009156,2026-08-03,2,22,3,90.0
TXN009157,2026-08-03,2,32,1,120.0
TXN009157,2026-08-03,2,36,3,315.0
TXN009159,2026-08-03,2,16,2,240.0
TXN009159,2026-08-03,2,9,3,120.0
TXN009159,2026-08-03,2,1,2,128.0
TXN009159,2026-08-03,2,53,1,40.0
TXN009161,2026-08-03,2,48,1,24.0
TXN009162,2026-08-03,2,47,2,330.0
TXN009163,2026-08-03,2,17,2,90.0
TXN009163,2026-08-03,2,29,1,95.0
TXN009163,2026-08-03,2,21,1,310.0
TXN009163,2026-08-03,2,53,2,80.0
TXN009164,2026-08-03,2,10,1,45.0
TXN009164,2026-08-03,2,36,3,315.0
TXN009165,2026-08-03,3,9,2,80.0
TXN009165,2026-08-03,3,43,1,240.0
TXN009167,2026-08-03,3,40,1,65.0
TXN009167,2026-08-03,3,16,1,120.0
TXN009168,2026-08-03,3,53,1,40.0
TXN009168,2026-08-03,3,49,1,85.0
TXN009168,2026-08-03,3,32,1,120.0
TXN009169,2026-08-03,3,28,1,75.0
TXN009169,2026-08-03,3,10,1,45.0
TXN009170,2026-08-03,3,4,1,140.0
TXN009170,2026-08-03,3,10,1,45.0
TXN009170,2026-08-03,3,17,2,90.0
TXN009171,2026-08-03,3,47,2,330.0
TXN009171,2026-08-03,3,39,1,140.0
TXN009171,2026-08-03,3,25,1,280.0
TXN009172,2026-08-03,3,53,2,80.0
TXN009173,2026-08-03,3,22,1,30.0
TXN009174,2026-08-03,3,49,2,170.0
TXN009175,2026-08-03,3,6,1,30.0
TXN009176,2026-08-03,3,44,1,580.0
TXN009176,2026-08-03,3,60,1,40.0
TXN009177,2026-08-03,3,16,1,120.0
TXN009177,2026-08-03,3,37,1,160.0
TXN009177,2026-08-03,3,53,1,40.0
TXN009177,2026-08-03,3,3,1,115.0
TXN009178,2026-08-03,3,22,1,30.0
TXN009179,2026-08-03,3,9,1,40.0
TXN009181,2026-08-03,3,33,1,85.0
TXN009181,2026-08-03,3,18,1,20.0
TXN009181,2026-08-03,3,3,1,115.0
TXN009182,2026-08-03,3,1,3,192.0
TXN009182,2026-08-03,3,50,1,260.0
TXN009182,2026-08-03,3,56,1,120.0
TXN009183,2026-08-03,3,4,1,140.0
TXN009183,2026-08-03,3,49,2,170.0
TXN009183,2026-08-03,3,3,1,115.0
TXN009183,2026-08-03,3,14,1,80.0
TXN009183,2026-08-03,3,12,2,180.0
TXN009184,2026-08-03,3,33,1,85.0
TXN009184,2026-08-03,3,48,2,48.0
TXN009184,2026-08-03,3,19,1,110.0
TXN009185,2026-08-03,3,50,2,520.0
TXN009186,2026-08-03,3,9,2,80.0
TXN009186,2026-08-03,3,14,1,80.0
TXN009187,2026-08-04,1,16,1,120.0
TXN009187,2026-08-04,1,46,2,96.0
TXN009188,2026-08-04,1,4,1,140.0
TXN009188,2026-08-04,1,48,2,48.0
TXN009189,2026-08-04,1,40,1,65.0
TXN009190,2026-08-04,1,39,1,140.0
TXN009190,2026-08-04,1,40,1,65.0
TXN009190,2026-08-04,1,27,2,80.0
TXN009191,2026-08-04,1,10,2,90.0
TXN009192,2026-08-04,1,33,1,85.0
TXN009192,2026-08-04,1,40,1,65.0
TXN009193,2026-08-04,1,35,1,145.0
TXN009193,2026-08-04,1,8,3,252.0
TXN009193,2026-08-04,1,18,1,20.0
TXN009193,2026-08-04,1,9,2,80.0
TXN009194,2026-08-04,1,58,1,25.0
TXN009194,2026-08-04,1,4,1,140.0
TXN009194,2026-08-04,1,30,1,40.0
TXN009194,2026-08-04,1,32,1,120.0
TXN009195,2026-08-04,1,20,1,220.0
TXN009196,2026-08-04,1,48,1,24.0
TXN009196,2026-08-04,1,53,2,80.0
TXN009197,2026-08-04,1,5,2,190.0
TXN009197,2026-08-04,1,7,2,260.0
TXN009197,2026-08-04,1,15,1,110.0
TXN009197,2026-08-04,1,54,1,35.0
TXN009198,2026-08-04,1,54,2,70.0
TXN009198,2026-08-04,1,32,1,120.0
TXN009198,2026-08-04,1,8,2,168.0
TXN009199,2026-08-04,1,57,2,180.0
TXN009199,2026-08-04,1,15,1,110.0
TXN009199,2026-08-04,1,37,1,160.0
TXN009199,2026-08-04,1,18,1,20.0
TXN009200,2026-08-04,1,52,2,100.0
TXN009201,2026-08-04,1,1,2,128.0
TXN009201,2026-08-04,1,55,1,30.0
TXN009201,2026-08-04,1,23,1,25.0
TXN009201,2026-08-04,1,36,1,105.0
TXN009202,2026-08-04,1,54,1,35.0
TXN009202,2026-08-04,1,12,1,90.0
TXN009203,2026-08-04,1,48,2,48.0
TXN009204,2026-08-04,1,12,1,90.0
TXN009205,2026-08-04,1,60,2,80.0
TXN009206,2026-08-04,1,32,1,120.0
TXN009207,2026-08-04,1,28,2,150.0
TXN009207,2026-08-04,1,27,1,40.0
TXN009208,2026-08-04,1,37,1,160.0
TXN009208,2026-08-04,1,32,1,120.0
TXN009209,2026-08-04,1,1,2,128.0
TXN009209,2026-08-04,1,47,1,165.0
TXN009209,2026-08-04,1,41,1,90.0
TXN009209,2026-08-04,1,8,3,252.0
TXN009210,2026-08-04,1,23,2,50.0
TXN009210,2026-08-04,1,27,2,80.0
TXN009211,2026-08-04,1,12,1,90.0
TXN009212,2026-08-04,1,57,1,90.0
TXN009213,2026-08-04,1,1,3,192.0
TXN009213,2026-08-04,1,3,2,230.0
TXN009213,2026-08-04,1,35,1,145.0
TXN009214,2026-08-04,1,16,2,240.0
TXN009214,2026-08-04,1,46,1,48.0
TXN009214,2026-08-04,1,23,1,25.0
TXN009215,2026-08-04,1,28,1,75.0
TXN009215,2026-08-04,1,25,1,280.0
TXN009215,2026-08-04,1,5,2,190.0
TXN009216,2026-08-04,1,31,1,175.0
TXN009216,2026-08-04,1,35,1,145.0
TXN009217,2026-08-04,1,47,2,330.0
TXN009217,2026-08-04,1,7,1,130.0
TXN009217,2026-08-04,1,50,2,520.0
TXN009217,2026-08-04,1,8,2,168.0
TXN009218,2026-08-04,1,48,2,48.0
TXN009219,2026-08-04,1,46,2,96.0
TXN009219,2026-08-04,1,28,2,150.0
TXN009219,2026-08-04,1,50,1,260.0
TXN009219,2026-08-04,1,3,1,115.0
TXN009220,2026-08-04,1,54,2,70.0
TXN009220,2026-08-04,1,23,2,50.0
TXN009221,2026-08-04,1,1,3,192.0
TXN009221,2026-08-04,1,53,1,40.0
TXN009222,2026-08-04,1,60,1,40.0
TXN009223,2026-08-04,1,55,1,30.0
TXN009223,2026-08-04,1,59,1,35.0
TXN009224,2026-08-04,1,39,1,140.0
TXN009224,2026-08-04,1,53,2,80.0
TXN009224,2026-08-04,1,17,1,45.0
TXN009224,2026-08-04,1,50,1,260.0
TXN009225,2026-08-04,1,27,2,80.0
TXN009225,2026-08-04,1,25,1,280.0
TXN009225,2026-08-04,1,30,1,40.0
TXN009226,2026-08-04,1,18,2,40.0
TXN009227,2026-08-04,1,46,1,48.0
TXN009227,2026-08-04,1,33,1,85.0
TXN009228,2026-08-04,1,54,1,35.0
TXN009229,2026-08-04,1,17,2,90.0
TXN009229,2026-08-04,1,29,2,190.0
TXN009229,2026-08-04,1,33,2,170.0
TXN009230,2026-08-04,2,12,1,90.0
TXN009230,2026-08-04,2,10,1,45.0
TXN009231,2026-08-04,2,45,2,270.0
TXN009231,2026-08-04,2,15,1,110.0
TXN009231,2026-08-04,2,50,1,260.0
TXN009232,2026-08-04,2,47,1,165.0
TXN009232,2026-08-04,2,16,1,120.0
TXN009233,2026-08-04,2,8,1,84.0
TXN009234,2026-08-04,2,53,1,40.0
TXN009234,2026-08-04,2,28,1,75.0
TXN009234,2026-08-04,2,6,1,30.0
TXN009236,2026-08-04,2,42,2,1240.0
TXN009236,2026-08-04,2,47,1,165.0
TXN009237,2026-08-04,2,40,1,65.0
TXN009238,2026-08-04,2,33,1,85.0
TXN009238,2026-08-04,2,43,1,240.0
TXN009239,2026-08-04,2,42,1,620.0
TXN009239,2026-08-04,2,44,1,580.0
TXN009239,2026-08-04,2,25,3,840.0
TXN009240,2026-08-04,2,4,1,140.0
TXN009240,2026-08-04,2,42,1,620.0
TXN009240,2026-08-04,2,2,2,70.0
TXN009240,2026-08-04,2,33,1,85.0
TXN009241,2026-08-04,2,33,1,85.0
TXN009242,2026-08-04,2,47,1,165.0
TXN009243,2026-08-04,2,4,1,140.0
TXN009243,2026-08-04,2,43,2,480.0
TXN009243,2026-08-04,2,48,1,24.0
TXN009244,2026-08-04,2,7,1,130.0
TXN009246,2026-08-04,2,24,1,50.0
TXN009246,2026-08-04,2,46,1,48.0
TXN009246,2026-08-04,2,44,1,580.0
TXN009247,2026-08-04,2,21,1,310.0
TXN009247,2026-08-04,2,30,2,80.0
TXN009247,2026-08-04,2,3,1,115.0
TXN009248,2026-08-04,2,16,1,120.0
TXN009248,2026-08-04,2,15,1,110.0
TXN009248,2026-08-04,2,54,2,70.0
TXN009248,2026-08-04,2,56,1,120.0
TXN009249,2026-08-04,2,19,1,110.0
TXN009249,2026-08-04,2,51,2,360.0
TXN009250,2026-08-04,2,6,2,60.0
TXN009250,2026-08-04,2,41,1,90.0
TXN009251,2026-08-04,2,42,2,1240.0
TXN009253,2026-08-04,2,8,1,84.0
TXN009254,2026-08-04,2,25,1,280.0
TXN009254,2026-08-04,2,56,1,120.0
TXN009255,2026-08-04,2,12,1,90.0
TXN009255,2026-08-04,2,36,1,105.0
TXN009255,2026-08-04,2,9,2,80.0
TXN009256,2026-08-04,2,36,1,105.0
TXN009256,2026-08-04,2,52,2,100.0
TXN009256,2026-08-04,2,16,1,120.0
TXN009257,2026-08-04,2,45,1,135.0
TXN009258,2026-08-04,2,9,1,40.0
TXN009260,2026-08-04,3,42,1,620.0
TXN009261,2026-08-04,3,60,1,40.0
TXN009261,2026-08-04,3,18,1,20.0
TXN009261,2026-08-04,3,43,1,240.0
TXN009262,2026-08-04,3,49,1,85.0
TXN009262,2026-08-04,3,43,1,240.0
TXN009262,2026-08-04,3,10,1,45.0
TXN009264,2026-08-04,3,17,2,90.0
TXN009264,2026-08-04,3,48,1,24.0
TXN009265,2026-08-04,3,33,1,85.0
TXN009266,2026-08-04,3,23,1,25.0
TXN009266,2026-08-04,3,54,1,35.0
TXN009266,2026-08-04,3,15,2,220.0
TXN009266,2026-08-04,3,36,2,210.0
TXN009267,2026-08-04,3,29,2,190.0
TXN009267,2026-08-04,3,47,1,165.0
TXN009268,2026-08-04,3,33,1,85.0
TXN009268,2026-08-04,3,51,1,180.0
TXN009268,2026-08-04,3,19,1,110.0
TXN009269,2026-08-04,3,36,3,315.0
TXN009269,2026-08-04,3,25,2,560.0
TXN009269,2026-08-04,3,43,1,240.0
TXN009269,2026-08-04,3,31,1,175.0
TXN009270,2026-08-04,3,12,1,90.0
TXN009271,2026-08-04,3,32,1,120.0
TXN009272,2026-08-04,3,21,1,310.0
TXN009272,2026-08-04,3,30,1,40.0
TXN009272,2026-08-04,3,49,1,85.0
TXN009273,2026-08-04,3,41,1,90.0
TXN009273,2026-08-04,3,34,1,190.0
TXN009273,2026-08-04,3,1,2,128.0
TXN009274,2026-08-04,3,57,1,90.0
TXN009276,2026-08-04,3,47,1,165.0
TXN009276,2026-08-04,3,8,2,168.0
TXN009277,2026-08-04,3,17,2,90.0
TXN009278,2026-08-04,3,54,1,35.0
TXN009278,2026-08-04,3,51,1,180.0
TXN009280,2026-08-04,3,56,1,120.0
TXN009280,2026-08-04,3,47,1,165.0
TXN009280,2026-08-04,3,5,1,95.0
TXN009281,2026-08-04,3,21,1,310.0
TXN009281,2026-08-04,3,25,2,560.0
TXN009282,2026-08-04,3,36,1,105.0
TXN009283,2026-08-05,1,59,1,35.0
TXN009284,2026-08-05,1,49,3,255.0
TXN009284,2026-08-05,1,29,2,190.0
TXN009284,2026-08-05,1,32,2,240.0
TXN009284,2026-08-05,1,57,1,90.0
TXN009285,2026-08-05,1,39,1,140.0
TXN009286,2026-08-05,1,56,1,120.0
TXN009287,2026-08-05,1,51,2,360.0
TXN009287,2026-08-05,1,15,1,110.0
TXN009287,2026-08-05,1,9,2,80.0
TXN009288,2026-08-05,1,25,1,280.0
TXN009288,2026-08-05,1,35,1,145.0
TXN009288,2026-08-05,1,57,1,90.0
TXN009288,2026-08-05,1,5,1,95.0
TXN009288,2026-08-05,1,9,2,80.0
TXN009289,2026-08-05,1,11,1,35.0
TXN009289,2026-08-05,1,47,1,165.0
TXN009289,2026-08-05,1,46,1,48.0
TXN009289,2026-08-05,1,30,1,40.0
TXN009290,2026-08-05,1,51,2,360.0
TXN009290,2026-08-05,1,25,1,280.0
TXN009290,2026-08-05,1,23,2,50.0
TXN009291,2026-08-05,1,54,2,70.0
TXN009291,2026-08-05,1,29,1,95.0
TXN009292,2026-08-05,1,45,2,270.0
TXN009293,2026-08-05,1,47,1,165.0
TXN009294,2026-08-05,1,9,2,80.0
TXN009294,2026-08-05,1,42,2,1240.0
TXN009295,2026-08-05,1,30,1,40.0
TXN009295,2026-08-05,1,50,1,260.0
TXN009296,2026-08-05,1,32,1,120.0
TXN009297,2026-08-05,1,29,1,95.0
TXN009297,2026-08-05,1,16,2,240.0
TXN009298,2026-08-05,1,1,2,128.0
TXN009298,2026-08-05,1,48,3,72.0
TXN009298,2026-08-05,1,49,2,170.0
TXN009298,2026-08-05,1,24,2,100.0
TXN009299,2026-08-05,1,5,1,95.0
TXN009299,2026-08-05,1,16,2,240.0
TXN009300,2026-08-05,1,52,2,100.0
TXN009300,2026-08-05,1,29,2,190.0
TXN009300,2026-08-05,1,36,2,210.0
TXN009300,2026-08-05,1,38,1,210.0
TXN009301,2026-08-05,1,46,1,48.0
TXN009301,2026-08-05,1,50,1,260.0
TXN009302,2026-08-05,1,22,2,60.0
TXN009302,2026-08-05,1,50,1,260.0
TXN009302,2026-08-05,1,49,1,85.0
TXN009303,2026-08-05,1,32,2,240.0
TXN009303,2026-08-05,1,53,1,40.0
TXN009304,2026-08-05,1,47,2,330.0
TXN009304,2026-08-05,1,1,3,192.0
TXN009304,2026-08-05,1,27,2,80.0
TXN009304,2026-08-05,1,9,3,120.0
TXN009305,2026-08-05,1,50,1,260.0
TXN009306,2026-08-05,1,58,1,25.0
TXN009306,2026-08-05,1,55,2,60.0
TXN009306,2026-08-05,1,30,1,40.0
TXN009307,2026-08-05,1,48,2,48.0
TXN009308,2026-08-05,1,40,1,65.0
TXN009309,2026-08-05,1,25,1,280.0
TXN009309,2026-08-05,1,16,2,240.0
TXN009309,2026-08-05,1,17,2,90.0
TXN009310,2026-08-05,1,41,1,90.0
TXN009310,2026-08-05,1,45,2,270.0
TXN009311,2026-08-05,1,18,1,20.0
TXN009311,2026-08-05,1,1,2,128.0
TXN009311,2026-08-05,1,33,1,85.0
TXN009312,2026-08-05,1,10,1,45.0
TXN009312,2026-08-05,1,55,2,60.0
TXN009313,2026-08-05,1,28,1,75.0
TXN009313,2026-08-05,1,29,1,95.0
TXN009313,2026-08-05,1,5,1,95.0
TXN009314,2026-08-05,1,1,2,128.0
TXN009315,2026-08-05,1,51,1,180.0
TXN009315,2026-08-05,1,22,1,30.0
TXN009315,2026-08-05,1,46,2,96.0
TXN009316,2026-08-05,1,52,2,100.0
TXN009316,2026-08-05,1,6,2,60.0
TXN009317,2026-08-05,1,10,1,45.0
TXN009318,2026-08-05,1,38,1,210.0
TXN009318,2026-08-05,1,42,2,1240.0
TXN009318,2026-08-05,1,21,2,620.0
TXN009319,2026-08-05,1,31,1,175.0
TXN009320,2026-08-05,2,58,1,25.0
TXN009320,2026-08-05,2,46,2,96.0
TXN009320,2026-08-05,2,17,3,135.0
TXN009321,2026-08-05,2,6,2,60.0
TXN009321,2026-08-05,2,52,1,50.0
TXN009321,2026-08-05,2,12,1,90.0
TXN009322,2026-08-05,2,27,1,40.0
TXN009322,2026-08-05,2,51,1,180.0
TXN009322,2026-08-05,2,20,1,220.0
TXN009323,2026-08-05,2,25,1,280.0
TXN009323,2026-08-05,2,13,1,60.0
TXN009324,2026-08-05,2,33,1,85.0
TXN009324,2026-08-05,2,26,1,450.0
TXN009324,2026-08-05,2,22,1,30.0
TXN009325,2026-08-05,2,21,1,310.0
TXN009325,2026-08-05,2,12,1,90.0
TXN009327,2026-08-05,2,6,1,30.0
TXN009327,2026-08-05,2,27,1,40.0
TXN009327,2026-08-05,2,15,1,110.0
TXN009328,2026-08-05,2,32,1,120.0
TXN009328,2026-08-05,2,41,2,180.0
TXN009328,2026-08-05,2,7,2,260.0
TXN009329,2026-08-05,2,18,1,20.0
TXN009329,2026-08-05,2,55,3,90.0
TXN009330,2026-08-05,2,50,1,260.0
TXN009331,2026-08-05,2,37,1,160.0
TXN009332,2026-08-05,2,13,1,60.0
TXN009332,2026-08-05,2,48,1,24.0
TXN009333,2026-08-05,2,14,2,160.0
TXN009333,2026-08-05,2,39,1,140.0
TXN009333,2026-08-05,2,10,2,90.0
TXN009334,2026-08-05,2,10,2,90.0
TXN009335,2026-08-05,2,40,1,65.0
TXN009335,2026-08-05,2,42,2,1240.0
TXN009336,2026-08-05,2,49,1,85.0
TXN009336,2026-08-05,2,16,1,120.0
TXN009336,2026-08-05,2,34,1,190.0
TXN009337,2026-08-05,2,36,2,210.0
TXN009337,2026-08-05,2,7,1,130.0
TXN009337,2026-08-05,2,52,1,50.0
TXN009337,2026-08-05,2,11,1,35.0
TXN009338,2026-08-05,2,16,1,120.0
TXN009339,2026-08-05,2,43,2,480.0
TXN009340,2026-08-05,2,21,1,310.0
TXN009341,2026-08-05,2,32,1,120.0
TXN009341,2026-08-05,2,48,3,72.0
TXN009341,2026-08-05,2,51,2,360.0
TXN009342,2026-08-05,2,11,1,35.0
TXN009342,2026-08-05,2,46,2,96.0
TXN009342,2026-08-05,2,37,1,160.0
TXN009343,2026-08-05,2,28,1,75.0
TXN009344,2026-08-05,2,49,1,85.0
TXN009344,2026-08-05,2,35,1,145.0
TXN009345,2026-08-05,2,18,1,20.0
TXN009345,2026-08-05,2,8,1,84.0
TXN009345,2026-08-05,2,27,1,40.0
TXN009346,2026-08-05,2,6,1,30.0
TXN009346,2026-08-05,2,7,1,130.0
TXN009347,2026-08-05,3,8,1,84.0
TXN009347,2026-08-05,3,16,1,120.0
TXN009348,2026-08-05,3,16,1,120.0
TXN009348,2026-08-05,3,23,1,25.0
TXN009349,2026-08-05,3,46,2,96.0
TXN009350,2026-08-05,3,50,1,260.0
TXN009351,2026-08-05,3,37,1,160.0
TXN009352,2026-08-05,3,51,2,360.0
TXN009352,2026-08-05,3,43,1,240.0
TXN009353,2026-08-05,3,36,1,105.0
TXN009353,2026-08-05,3,43,1,240.0
TXN009354,2026-08-05,3,11,1,35.0
TXN009354,2026-08-05,3,53,1,40.0
TXN009354,2026-08-05,3,59,1,35.0
TXN009354,2026-08-05,3,7,1,130.0
TXN009355,2026-08-05,3,42,1,620.0
TXN009355,2026-08-05,3,45,2,270.0
TXN009356,2026-08-05,3,15,1,110.0
TXN009356,2026-08-05,3,10,2,90.0
TXN009356,2026-08-05,3,46,1,48.0
TXN009357,2026-08-05,3,29,1,95.0
TXN009357,2026-08-05,3,56,1,120.0
TXN009357,2026-08-05,3,36,1,105.0
TXN009358,2026-08-05,3,7,1,130.0
TXN009358,2026-08-05,3,22,2,60.0
TXN009359,2026-08-05,3,40,1,65.0
TXN009359,2026-08-05,3,1,2,128.0
TXN009360,2026-08-05,3,14,1,80.0
TXN009360,2026-08-05,3,18,1,20.0
TXN009361,2026-08-05,3,45,2,270.0
TXN009361,2026-08-05,3,12,1,90.0
TXN009361,2026-08-05,3,49,1,85.0
TXN009362,2026-08-05,3,54,1,35.0
TXN009362,2026-08-05,3,43,1,240.0
TXN009364,2026-08-05,3,29,2,190.0
TXN009364,2026-08-05,3,31,1,175.0
TXN009364,2026-08-05,3,21,1,310.0
TXN009364,2026-08-05,3,60,1,40.0
TXN009364,2026-08-05,3,52,1,50.0
TXN009365,2026-08-05,3,2,1,35.0
TXN009365,2026-08-05,3,59,1,35.0
TXN009365,2026-08-05,3,12,1,90.0
TXN009366,2026-08-05,3,12,1,90.0
TXN009366,2026-08-05,3,2,1,35.0
TXN009367,2026-08-05,3,29,2,190.0
TXN009367,2026-08-05,3,8,2,168.0
TXN009367,2026-08-05,3,17,1,45.0
TXN009367,2026-08-05,3,40,1,65.0
TXN009368,2026-08-05,3,17,1,45.0
TXN009369,2026-08-05,3,1,2,128.0
TXN009369,2026-08-05,3,21,1,310.0
TXN009372,2026-08-05,3,47,1,165.0
TXN009375,2026-08-06,1,23,1,25.0
TXN009375,2026-08-06,1,12,1,90.0
TXN009376,2026-08-06,1,18,1,20.0
TXN009376,2026-08-06,1,50,1,260.0
TXN009376,2026-08-06,1,10,2,90.0
TXN009376,2026-08-06,1,41,1,90.0
TXN009377,2026-08-06,1,32,1,120.0
TXN009378,2026-08-06,1,1,3,192.0
TXN009378,2026-08-06,1,11,1,35.0
TXN009378,2026-08-06,1,21,1,310.0
TXN009378,2026-08-06,1,6,2,60.0
TXN009379,2026-08-06,1,54,1,35.0
TXN009379,2026-08-06,1,30,2,80.0
TXN009380,2026-08-06,1,16,1,120.0
TXN009380,2026-08-06,1,22,2,60.0
TXN009380,2026-08-06,1,51,1,180.0
TXN009380,2026-08-06,1,40,1,65.0
TXN009380,2026-08-06,1,45,1,135.0
TXN009381,2026-08-06,1,15,1,110.0
TXN009382,2026-08-06,1,36,2,210.0
TXN009383,2026-08-06,1,55,1,30.0
TXN009384,2026-08-06,1,1,2,128.0
TXN009386,2026-08-06,1,58,1,25.0
TXN009387,2026-08-06,1,21,1,310.0
TXN009387,2026-08-06,1,10,2,90.0
TXN009388,2026-08-06,1,24,1,50.0
TXN009388,2026-08-06,1,53,2,80.0
TXN009388,2026-08-06,1,11,1,35.0
TXN009389,2026-08-06,1,27,2,80.0
TXN009389,2026-08-06,1,59,1,35.0
TXN009389,2026-08-06,1,25,1,280.0
TXN009390,2026-08-06,1,37,1,160.0
TXN009390,2026-08-06,1,18,1,20.0
TXN009391,2026-08-06,1,58,1,25.0
TXN009391,2026-08-06,1,16,1,120.0
TXN009391,2026-08-06,1,19,1,110.0
TXN009392,2026-08-06,1,52,2,100.0
TXN009392,2026-08-06,1,43,2,480.0
TXN009392,2026-08-06,1,50,1,260.0
TXN009392,2026-08-06,1,2,2,70.0
TXN009393,2026-08-06,1,18,1,20.0
TXN009393,2026-08-06,1,49,1,85.0
TXN009394,2026-08-06,1,60,1,40.0
TXN009394,2026-08-06,1,45,1,135.0
TXN009394,2026-08-06,1,29,1,95.0
TXN009394,2026-08-06,1,35,2,290.0
TXN009395,2026-08-06,1,52,1,50.0
TXN009395,2026-08-06,1,53,1,40.0
TXN009396,2026-08-06,1,40,1,65.0
TXN009397,2026-08-06,1,51,2,360.0
TXN009398,2026-08-06,1,30,2,80.0
TXN009399,2026-08-06,1,48,2,48.0
TXN009400,2026-08-06,1,15,1,110.0
TXN009401,2026-08-06,1,58,1,25.0
TXN009401,2026-08-06,1,23,1,25.0
TXN009402,2026-08-06,1,12,1,90.0
TXN009402,2026-08-06,1,13,2,120.0
TXN009402,2026-08-06,1,18,1,20.0
TXN009402,2026-08-06,1,1,3,192.0
TXN009403,2026-08-06,1,42,2,1240.0
TXN009403,2026-08-06,1,28,2,150.0
TXN009403,2026-08-06,1,27,1,40.0
TXN009403,2026-08-06,1,16,1,120.0
TXN009403,2026-08-06,1,53,1,40.0
TXN009404,2026-08-06,1,30,1,40.0
TXN009404,2026-08-06,1,4,1,140.0
TXN009404,2026-08-06,1,25,2,560.0
TXN009404,2026-08-06,1,8,1,84.0
TXN009404,2026-08-06,1,5,1,95.0
TXN009405,2026-08-06,1,52,1,50.0
TXN009405,2026-08-06,1,22,1,30.0
TXN009405,2026-08-06,1,17,3,135.0
TXN009405,2026-08-06,1,39,2,280.0
TXN009406,2026-08-06,1,43,2,480.0
TXN009406,2026-08-06,1,22,2,60.0
TXN009407,2026-08-06,1,42,1,620.0
TXN009407,2026-08-06,1,25,1,280.0
TXN009407,2026-08-06,1,28,1,75.0
TXN009408,2026-08-06,1,49,2,170.0
TXN009409,2026-08-06,1,45,2,270.0
TXN009410,2026-08-06,2,1,2,128.0
TXN009411,2026-08-06,2,16,1,120.0
TXN009411,2026-08-06,2,36,2,210.0
TXN009411,2026-08-06,2,11,1,35.0
TXN009411,2026-08-06,2,12,1,90.0
TXN009412,2026-08-06,2,59,1,35.0
TXN009412,2026-08-06,2,53,1,40.0
TXN009413,2026-08-06,2,8,1,84.0
TXN009413,2026-08-06,2,42,1,620.0
TXN009413,2026-08-06,2,33,2,170.0
TXN009414,2026-08-06,2,8,1,84.0
TXN009414,2026-08-06,2,23,1,25.0
TXN009414,2026-08-06,2,19,1,110.0
TXN009414,2026-08-06,2,16,2,240.0
TXN009415,2026-08-06,2,46,1,48.0
TXN009415,2026-08-06,2,17,4,180.0
TXN009415,2026-08-06,2,35,1,145.0
TXN009415,2026-08-06,2,39,1,140.0
TXN009415,2026-08-06,2,14,1,80.0
TXN009416,2026-08-06,2,39,1,140.0
TXN009417,2026-08-06,2,27,1,40.0
TXN009418,2026-08-06,2,26,1,450.0
TXN009418,2026-08-06,2,35,2,290.0
TXN009418,2026-08-06,2,6,1,30.0
TXN009420,2026-08-06,2,25,1,280.0
TXN009420,2026-08-06,2,52,1,50.0
TXN009421,2026-08-06,2,46,1,48.0
TXN009421,2026-08-06,2,4,1,140.0
TXN009422,2026-08-06,2,53,1,40.0
TXN009422,2026-08-06,2,37,1,160.0
TXN009422,2026-08-06,2,2,2,70.0
TXN009422,2026-08-06,2,42,1,620.0
TXN009422,2026-08-06,2,28,1,75.0
TXN009423,2026-08-06,2,25,1,280.0
TXN009423,2026-08-06,2,24,1,50.0
TXN009423,2026-08-06,2,7,1,130.0
TXN009423,2026-08-06,2,2,2,70.0
TXN009423,2026-08-06,2,52,2,100.0
TXN009424,2026-08-06,2,25,1,280.0
TXN009424,2026-08-06,2,22,2,60.0
TXN009424,2026-08-06,2,32,1,120.0
TXN009425,2026-08-06,2,24,1,50.0
TXN009425,2026-08-06,2,54,2,70.0
TXN009425,2026-08-06,2,47,1,165.0
TXN009425,2026-08-06,2,28,1,75.0
TXN009426,2026-08-06,2,33,2,170.0
TXN009426,2026-08-06,2,7,1,130.0
TXN009426,2026-08-06,2,51,1,180.0
TXN009428,2026-08-06,2,25,1,280.0
TXN009428,2026-08-06,2,46,1,48.0
TXN009428,2026-08-06,2,43,1,240.0
TXN009429,2026-08-06,2,2,1,35.0
TXN009429,2026-08-06,2,32,1,120.0
TXN009430,2026-08-06,2,48,2,48.0
TXN009430,2026-08-06,2,28,1,75.0
TXN009430,2026-08-06,2,9,2,80.0
TXN009430,2026-08-06,2,16,1,120.0
TXN009431,2026-08-06,2,42,1,620.0
TXN009431,2026-08-06,2,8,1,84.0
TXN009431,2026-08-06,2,11,1,35.0
TXN009431,2026-08-06,2,48,1,24.0
TXN009431,2026-08-06,2,29,1,95.0
TXN009432,2026-08-06,2,29,2,190.0
TXN009433,2026-08-06,2,9,2,80.0
TXN009433,2026-08-06,2,17,1,45.0
TXN009433,2026-08-06,2,25,1,280.0
TXN009434,2026-08-06,2,4,1,140.0
TXN009435,2026-08-06,2,52,2,100.0
TXN009436,2026-08-06,2,6,1,30.0
TXN009436,2026-08-06,2,12,1,90.0
TXN009437,2026-08-06,2,35,1,145.0
TXN009437,2026-08-06,2,52,1,50.0
TXN009439,2026-08-06,3,2,1,35.0
TXN009439,2026-08-06,3,55,1,30.0
TXN009439,2026-08-06,3,54,2,70.0
TXN009440,2026-08-06,3,60,1,40.0
TXN009440,2026-08-06,3,42,1,620.0
TXN009441,2026-08-06,3,54,1,35.0
TXN009441,2026-08-06,3,8,2,168.0
TXN009442,2026-08-06,3,51,1,180.0
TXN009443,2026-08-06,3,30,1,40.0
TXN009444,2026-08-06,3,32,1,120.0
TXN009444,2026-08-06,3,23,1,25.0
TXN009444,2026-08-06,3,10,1,45.0
TXN009445,2026-08-06,3,7,2,260.0
TXN009445,2026-08-06,3,54,1,35.0
TXN009446,2026-08-06,3,32,1,120.0
TXN009446,2026-08-06,3,1,3,192.0
TXN009446,2026-08-06,3,26,1,450.0
TXN009447,2026-08-06,3,49,1,85.0
TXN009448,2026-08-06,3,28,1,75.0
TXN009449,2026-08-06,3,9,2,80.0
TXN009450,2026-08-06,3,14,1,80.0
TXN009450,2026-08-06,3,55,1,30.0
TXN009451,2026-08-06,3,12,1,90.0
TXN009451,2026-08-06,3,58,1,25.0
TXN009451,2026-08-06,3,27,1,40.0
TXN009452,2026-08-06,3,33,1,85.0
TXN009452,2026-08-06,3,54,1,35.0
TXN009453,2026-08-06,3,42,1,620.0
TXN009453,2026-08-06,3,51,2,360.0
TXN009453,2026-08-06,3,17,1,45.0
TXN009455,2026-08-06,3,14,1,80.0
TXN009455,2026-08-06,3,50,1,260.0
TXN009456,2026-08-06,3,18,1,20.0
TXN009457,2026-08-06,3,47,2,330.0
TXN009457,2026-08-06,3,2,2,70.0
TXN009458,2026-08-06,3,15,1,110.0
TXN009458,2026-08-06,3,8,1,84.0
TXN009458,2026-08-06,3,49,1,85.0
TXN009459,2026-08-06,3,54,1,35.0
TXN009459,2026-08-06,3,48,1,24.0
TXN009459,2026-08-06,3,36,1,105.0
TXN009460,2026-08-06,3,60,1,40.0
TXN009460,2026-08-06,3,55,2,60.0
TXN009461,2026-08-06,3,10,1,45.0
TXN009461,2026-08-06,3,8,1,84.0
TXN009461,2026-08-06,3,23,1,25.0
TXN009461,2026-08-06,3,53,3,120.0
TXN009461,2026-08-06,3,46,1,48.0
TXN009462,2026-08-06,3,42,1,620.0
TXN009462,2026-08-06,3,40,1,65.0
TXN009462,2026-08-06,3,14,1,80.0
TXN009463,2026-08-06,3,46,1,48.0
TXN009463,2026-08-06,3,51,2,360.0
TXN009463,2026-08-06,3,33,1,85.0
TXN009463,2026-08-06,3,30,2,80.0
TXN009464,2026-08-06,3,22,1,30.0
TXN009464,2026-08-06,3,32,2,240.0
TXN009464,2026-08-06,3,17,1,45.0
TXN009465,2026-08-06,3,58,1,25.0
TXN009466,2026-08-06,3,7,2,260.0
TXN009467,2026-08-06,3,1,2,128.0
TXN009468,2026-08-07,1,58,1,25.0
TXN009468,2026-08-07,1,18,1,20.0
TXN009468,2026-08-07,1,45,2,270.0
TXN009468,2026-08-07,1,46,1,48.0
TXN009469,2026-08-07,1,49,1,85.0
TXN009469,2026-08-07,1,46,2,96.0
TXN009469,2026-08-07,1,25,2,560.0
TXN009469,2026-08-07,1,10,2,90.0
TXN009469,2026-08-07,1,23,2,50.0
TXN009470,2026-08-07,1,15,2,220.0
TXN009471,2026-08-07,1,45,2,270.0
TXN009471,2026-08-07,1,18,1,20.0
TXN009471,2026-08-07,1,41,2,180.0
TXN009472,2026-08-07,1,47,2,330.0
TXN009472,2026-08-07,1,12,1,90.0
TXN009472,2026-08-07,1,14,1,80.0
TXN009472,2026-08-07,1,1,2,128.0
TXN009472,2026-08-07,1,4,2,280.0
TXN009473,2026-08-07,1,25,1,280.0
TXN009473,2026-08-07,1,15,2,220.0
TXN009473,2026-08-07,1,14,2,160.0
TXN009474,2026-08-07,1,6,1,30.0
TXN009474,2026-08-07,1,52,1,50.0
TXN009475,2026-08-07,1,5,1,95.0
TXN009476,2026-08-07,1,21,2,620.0
TXN009477,2026-08-07,1,29,3,285.0
TXN009477,2026-08-07,1,49,2,170.0
TXN009478,2026-08-07,1,14,1,80.0
TXN009478,2026-08-07,1,47,1,165.0
TXN009479,2026-08-07,1,9,3,120.0
TXN009479,2026-08-07,1,4,1,140.0
TXN009479,2026-08-07,1,41,1,90.0
TXN009480,2026-08-07,1,59,1,35.0
TXN009480,2026-08-07,1,49,1,85.0
TXN009480,2026-08-07,1,54,1,35.0
TXN009480,2026-08-07,1,45,2,270.0
TXN009481,2026-08-07,1,2,1,35.0
TXN009482,2026-08-07,1,3,1,115.0
TXN009482,2026-08-07,1,4,2,280.0
TXN009483,2026-08-07,1,22,1,30.0
TXN009483,2026-08-07,1,53,2,80.0
TXN009484,2026-08-07,1,46,2,96.0
TXN009484,2026-08-07,1,23,2,50.0
TXN009484,2026-08-07,1,6,1,30.0
TXN009484,2026-08-07,1,2,2,70.0
TXN009485,2026-08-07,1,9,3,120.0
TXN009486,2026-08-07,1,53,2,80.0
TXN009486,2026-08-07,1,37,1,160.0
TXN009487,2026-08-07,1,51,1,180.0
TXN009487,2026-08-07,1,14,1,80.0
TXN009487,2026-08-07,1,12,2,180.0
TXN009488,2026-08-07,1,56,1,120.0
TXN009488,2026-08-07,1,60,1,40.0
TXN009488,2026-08-07,1,2,1,35.0
TXN009488,2026-08-07,1,32,1,120.0
TXN009489,2026-08-07,1,14,1,80.0
TXN009490,2026-08-07,1,36,2,210.0
TXN009491,2026-08-07,1,56,1,120.0
TXN009491,2026-08-07,1,42,2,1240.0
TXN009492,2026-08-07,1,17,2,90.0
TXN009492,2026-08-07,1,30,1,40.0
TXN009493,2026-08-07,1,5,2,190.0
TXN009494,2026-08-07,1,47,1,165.0
TXN009494,2026-08-07,1,33,1,85.0
TXN009494,2026-08-07,1,17,2,90.0
TXN009495,2026-08-07,1,10,1,45.0
TXN009495,2026-08-07,1,11,2,70.0
TXN009496,2026-08-07,1,41,1,90.0
TXN009496,2026-08-07,1,52,2,100.0
TXN009498,2026-08-07,1,22,2,60.0
TXN009498,2026-08-07,1,6,2,60.0
TXN009499,2026-08-07,1,9,3,120.0
TXN009499,2026-08-07,1,40,1,65.0
TXN009499,2026-08-07,1,48,2,48.0
TXN009500,2026-08-07,2,15,1,110.0
TXN009500,2026-08-07,2,13,1,60.0
TXN009500,2026-08-07,2,51,1,180.0
TXN009501,2026-08-07,2,51,2,360.0
TXN009501,2026-08-07,2,19,1,110.0
TXN009501,2026-08-07,2,43,1,240.0
TXN009502,2026-08-07,2,48,2,48.0
TXN009502,2026-08-07,2,60,2,80.0
TXN009503,2026-08-07,2,50,2,520.0
TXN009503,2026-08-07,2,8,3,252.0
TXN009503,2026-08-07,2,54,2,70.0
TXN009504,2026-08-07,2,4,1,140.0
TXN009504,2026-08-07,2,40,1,65.0
TXN009505,2026-08-07,2,16,1,120.0
TXN009506,2026-08-07,2,47,1,165.0
TXN009506,2026-08-07,2,14,1,80.0
TXN009506,2026-08-07,2,17,1,45.0
TXN009507,2026-08-07,2,8,2,168.0
TXN009508,2026-08-07,2,13,1,60.0
TXN009508,2026-08-07,2,36,2,210.0
TXN009508,2026-08-07,2,11,2,70.0
TXN009509,2026-08-07,2,57,1,90.0
TXN009509,2026-08-07,2,59,1,35.0
TXN009510,2026-08-07,2,33,1,85.0
TXN009511,2026-08-07,2,22,2,60.0
TXN009511,2026-08-07,2,1,3,192.0
TXN009511,2026-08-07,2,24,1,50.0
TXN009512,2026-08-07,2,7,1,130.0
TXN009512,2026-08-07,2,6,2,60.0
TXN009513,2026-08-07,2,50,2,520.0
TXN009513,2026-08-07,2,41,1,90.0
TXN009514,2026-08-07,2,60,1,40.0
TXN009514,2026-08-07,2,30,1,40.0
TXN009515,2026-08-07,2,18,1,20.0
TXN009515,2026-08-07,2,24,1,50.0
TXN009516,2026-08-07,2,6,2,60.0
TXN009516,2026-08-07,2,46,1,48.0
TXN009516,2026-08-07,2,55,1,30.0
TXN009517,2026-08-07,2,5,1,95.0
TXN009518,2026-08-07,2,17,2,90.0
TXN009518,2026-08-07,2,25,2,560.0
TXN009518,2026-08-07,2,48,1,24.0
TXN009519,2026-08-07,2,6,2,60.0
TXN009520,2026-08-07,2,42,2,1240.0
TXN009520,2026-08-07,2,10,2,90.0
TXN009521,2026-08-07,2,42,1,620.0
TXN009521,2026-08-07,2,33,1,85.0
TXN009521,2026-08-07,2,36,1,105.0
TXN009521,2026-08-07,2,7,2,260.0
TXN009522,2026-08-07,2,36,1,105.0
TXN009523,2026-08-07,2,2,1,35.0
TXN009524,2026-08-07,2,10,2,90.0
TXN009524,2026-08-07,2,46,1,48.0
TXN009525,2026-08-07,2,5,1,95.0
TXN009525,2026-08-07,2,52,1,50.0
TXN009526,2026-08-07,3,36,1,105.0
TXN009526,2026-08-07,3,25,1,280.0
TXN009527,2026-08-07,3,39,2,280.0
TXN009528,2026-08-07,3,15,1,110.0
TXN009528,2026-08-07,3,45,2,270.0
TXN009528,2026-08-07,3,55,1,30.0
TXN009529,2026-08-07,3,23,2,50.0
TXN009529,2026-08-07,3,2,1,35.0
TXN009529,2026-08-07,3,47,1,165.0
TXN009529,2026-08-07,3,8,1,84.0
TXN009530,2026-08-07,3,11,1,35.0
TXN009531,2026-08-07,3,13,1,60.0
TXN009532,2026-08-07,3,4,1,140.0
TXN009532,2026-08-07,3,28,1,75.0
TXN009532,2026-08-07,3,41,1,90.0
TXN009533,2026-08-07,3,41,1,90.0
TXN009533,2026-08-07,3,6,1,30.0
TXN009534,2026-08-07,3,47,1,165.0
TXN009534,2026-08-07,3,17,3,135.0
TXN009534,2026-08-07,3,52,1,50.0
TXN009534,2026-08-07,3,22,2,60.0
TXN009535,2026-08-07,3,21,1,310.0
TXN009535,2026-08-07,3,15,2,220.0
TXN009536,2026-08-07,3,54,2,70.0
TXN009536,2026-08-07,3,57,1,90.0
TXN009536,2026-08-07,3,53,1,40.0
TXN009537,2026-08-07,3,1,2,128.0
TXN009538,2026-08-07,3,30,2,80.0
TXN009539,2026-08-07,3,51,3,540.0
TXN009540,2026-08-07,3,47,1,165.0
TXN009540,2026-08-07,3,46,2,96.0
TXN009540,2026-08-07,3,27,1,40.0
TXN009541,2026-08-07,3,50,1,260.0
TXN009541,2026-08-07,3,57,1,90.0
TXN009541,2026-08-07,3,47,2,330.0
TXN009543,2026-08-07,3,43,1,240.0
TXN009544,2026-08-07,3,56,1,120.0
TXN009544,2026-08-07,3,49,1,85.0
TXN009545,2026-08-07,3,30,1,40.0
TXN009545,2026-08-07,3,41,1,90.0
TXN009545,2026-08-07,3,11,1,35.0
TXN009546,2026-08-07,3,42,3,1860.0
TXN009547,2026-08-07,3,40,1,65.0
TXN009547,2026-08-07,3,15,1,110.0
TXN009547,2026-08-07,3,59,1,35.0
TXN009547,2026-08-07,3,29,1,95.0
TXN009548,2026-08-07,3,33,1,85.0
TXN009548,2026-08-07,3,24,1,50.0
TXN009549,2026-08-07,3,2,1,35.0
TXN009549,2026-08-07,3,48,2,48.0
TXN009549,2026-08-07,3,56,1,120.0
TXN009549,2026-08-07,3,17,1,45.0
TXN009551,2026-08-07,3,32,2,240.0
TXN009551,2026-08-07,3,7,1,130.0
TXN009551,2026-08-07,3,17,2,90.0
TXN009552,2026-08-07,3,49,2,170.0
TXN009553,2026-08-07,3,40,1,65.0
TXN009553,2026-08-07,3,54,2,70.0
TXN009553,2026-08-07,3,11,1,35.0
TXN009554,2026-08-07,3,5,1,95.0
TXN009554,2026-08-07,3,36,1,105.0
TXN009555,2026-08-07,3,15,1,110.0
TXN009555,2026-08-07,3,1,2,128.0
TXN009556,2026-08-07,3,31,1,175.0
TXN009556,2026-08-07,3,39,2,280.0
TXN009557,2026-08-08,1,9,3,120.0
TXN009557,2026-08-08,1,30,1,40.0
TXN009557,2026-08-08,1,57,1,90.0
TXN009557,2026-08-08,1,25,2,560.0
TXN009558,2026-08-08,1,59,2,70.0
TXN009558,2026-08-08,1,27,1,40.0
TXN009558,2026-08-08,1,48,2,48.0
TXN009559,2026-08-08,1,29,2,190.0
TXN009560,2026-08-08,1,7,2,260.0
TXN009561,2026-08-08,1,52,2,100.0
TXN009562,2026-08-08,1,5,2,190.0
TXN009563,2026-08-08,1,32,2,240.0
TXN009563,2026-08-08,1,36,2,210.0
TXN009563,2026-08-08,1,11,2,70.0
TXN009564,2026-08-08,1,47,2,330.0
TXN009564,2026-08-08,1,48,2,48.0
TXN009564,2026-08-08,1,14,1,80.0
TXN009565,2026-08-08,1,43,2,480.0
TXN009565,2026-08-08,1,60,1,40.0
TXN009566,2026-08-08,1,45,1,135.0
TXN009566,2026-08-08,1,8,2,168.0
TXN009567,2026-08-08,1,18,1,20.0
TXN009568,2026-08-08,1,4,2,280.0
TXN009569,2026-08-08,1,52,2,100.0
TXN009570,2026-08-08,1,42,1,620.0
TXN009571,2026-08-08,1,45,2,270.0
TXN009571,2026-08-08,1,36,3,315.0
TXN009571,2026-08-08,1,6,2,60.0
TXN009572,2026-08-08,1,28,1,75.0
TXN009572,2026-08-08,1,7,2,260.0
TXN009572,2026-08-08,1,56,1,120.0
TXN009572,2026-08-08,1,52,1,50.0
TXN009573,2026-08-08,1,12,1,90.0
TXN009574,2026-08-08,1,10,2,90.0
TXN009574,2026-08-08,1,17,3,135.0
TXN009574,2026-08-08,1,55,1,30.0
TXN009574,2026-08-08,1,50,2,520.0
TXN009575,2026-08-08,1,42,2,1240.0
TXN009575,2026-08-08,1,51,1,180.0
TXN009575,2026-08-08,1,24,1,50.0
TXN009576,2026-08-08,1,45,2,270.0
TXN009576,2026-08-08,1,19,2,220.0
TXN009576,2026-08-08,1,11,1,35.0
TXN009576,2026-08-08,1,22,1,30.0
TXN009577,2026-08-08,1,25,2,560.0
TXN009578,2026-08-08,1,28,1,75.0
TXN009578,2026-08-08,1,39,1,140.0
TXN009579,2026-08-08,1,37,1,160.0
TXN009579,2026-08-08,1,30,2,80.0
TXN009581,2026-08-08,1,42,1,620.0
TXN009581,2026-08-08,1,29,2,190.0
TXN009581,2026-08-08,1,2,2,70.0
TXN009581,2026-08-08,1,33,3,255.0
TXN009581,2026-08-08,1,57,1,90.0
TXN009582,2026-08-08,1,29,1,95.0
TXN009583,2026-08-08,1,57,1,90.0
TXN009584,2026-08-08,1,47,1,165.0
TXN009584,2026-08-08,1,21,1,310.0
TXN009584,2026-08-08,1,25,1,280.0
TXN009584,2026-08-08,1,45,2,270.0
TXN009584,2026-08-08,1,55,2,60.0
TXN009585,2026-08-08,1,60,2,80.0
TXN009586,2026-08-08,1,27,2,80.0
TXN009586,2026-08-08,1,45,2,270.0
TXN009587,2026-08-08,1,40,1,65.0
TXN009587,2026-08-08,1,58,2,50.0
TXN009587,2026-08-08,1,19,1,110.0
TXN009588,2026-08-08,1,52,2,100.0
TXN009588,2026-08-08,1,30,2,80.0
TXN009588,2026-08-08,1,39,1,140.0
TXN009589,2026-08-08,1,41,1,90.0
TXN009589,2026-08-08,1,39,1,140.0
TXN009589,2026-08-08,1,11,1,35.0
TXN009591,2026-08-08,1,16,1,120.0
TXN009593,2026-08-08,1,39,1,140.0
TXN009594,2026-08-08,1,9,3,120.0
TXN009594,2026-08-08,1,41,1,90.0
TXN009594,2026-08-08,1,18,1,20.0
TXN009594,2026-08-08,1,21,1,310.0
TXN009595,2026-08-08,1,8,2,168.0
TXN009595,2026-08-08,1,9,3,120.0
TXN009596,2026-08-08,1,2,1,35.0
TXN009596,2026-08-08,1,14,1,80.0
TXN009596,2026-08-08,1,51,2,360.0
TXN009596,2026-08-08,1,21,1,310.0
TXN009596,2026-08-08,1,53,2,80.0
TXN009597,2026-08-08,1,10,1,45.0
TXN009597,2026-08-08,1,15,2,220.0
TXN009597,2026-08-08,1,17,3,135.0
TXN009598,2026-08-08,1,4,1,140.0
TXN009598,2026-08-08,1,14,1,80.0
TXN009599,2026-08-08,1,42,1,620.0
TXN009599,2026-08-08,1,39,1,140.0
TXN009599,2026-08-08,1,18,1,20.0
TXN009599,2026-08-08,1,35,1,145.0
TXN009600,2026-08-08,2,12,1,90.0
TXN009600,2026-08-08,2,33,1,85.0
TXN009601,2026-08-08,2,8,1,84.0
TXN009601,2026-08-08,2,39,1,140.0
TXN009602,2026-08-08,2,13,1,60.0
TXN009602,2026-08-08,2,10,1,45.0
TXN009602,2026-08-08,2,60,1,40.0
TXN009602,2026-08-08,2,59,2,70.0
TXN009603,2026-08-08,2,6,1,30.0
TXN009603,2026-08-08,2,50,1,260.0
TXN009604,2026-08-08,2,17,3,135.0
TXN009604,2026-08-08,2,29,2,190.0
TXN009604,2026-08-08,2,9,3,120.0
TXN009605,2026-08-08,2,56,1,120.0
TXN009606,2026-08-08,2,59,1,35.0
TXN009606,2026-08-08,2,41,1,90.0
TXN009606,2026-08-08,2,32,2,240.0
TXN009607,2026-08-08,2,13,1,60.0
TXN009607,2026-08-08,2,3,1,115.0
TXN009607,2026-08-08,2,14,2,160.0
TXN009607,2026-08-08,2,32,1,120.0
TXN009608,2026-08-08,2,51,2,360.0
TXN009608,2026-08-08,2,29,2,190.0
TXN009609,2026-08-08,2,4,1,140.0
TXN009611,2026-08-08,2,1,2,128.0
TXN009611,2026-08-08,2,41,1,90.0
TXN009611,2026-08-08,2,30,1,40.0
TXN009611,2026-08-08,2,32,1,120.0
TXN009612,2026-08-08,2,23,1,25.0
TXN009613,2026-08-08,2,47,1,165.0
TXN009614,2026-08-08,2,15,1,110.0
TXN009614,2026-08-08,2,22,2,60.0
TXN009614,2026-08-08,2,33,1,85.0
TXN009615,2026-08-08,2,35,1,145.0
TXN009615,2026-08-08,2,47,2,330.0
TXN009616,2026-08-08,2,51,1,180.0
TXN009617,2026-08-08,2,25,1,280.0
TXN009617,2026-08-08,2,49,2,170.0
TXN009617,2026-08-08,2,7,3,390.0
TXN009617,2026-08-08,2,40,1,65.0
TXN009618,2026-08-08,2,30,1,40.0
TXN009619,2026-08-08,2,41,1,90.0
TXN009619,2026-08-08,2,10,1,45.0
TXN009619,2026-08-08,2,18,1,20.0
TXN009619,2026-08-08,2,35,1,145.0
TXN009620,2026-08-08,2,49,1,85.0
TXN009620,2026-08-08,2,30,2,80.0
TXN009621,2026-08-08,2,46,2,96.0
TXN009621,2026-08-08,2,16,2,240.0
TXN009621,2026-08-08,2,58,1,25.0
TXN009621,2026-08-08,2,29,1,95.0
TXN009622,2026-08-08,2,5,1,95.0
TXN009623,2026-08-08,2,22,2,60.0
TXN009624,2026-08-08,2,8,2,168.0
TXN009624,2026-08-08,2,57,1,90.0
TXN009625,2026-08-08,2,17,3,135.0
TXN009625,2026-08-08,2,39,1,140.0
TXN009626,2026-08-08,2,8,2,168.0
TXN009626,2026-08-08,2,45,1,135.0
TXN009626,2026-08-08,2,32,1,120.0
TXN009627,2026-08-08,2,4,3,420.0
TXN009627,2026-08-08,2,16,1,120.0
TXN009627,2026-08-08,2,2,1,35.0
TXN009627,2026-08-08,2,52,1,50.0
TXN009628,2026-08-08,2,36,1,105.0
TXN009629,2026-08-08,2,15,2,220.0
TXN009630,2026-08-08,2,50,2,520.0
TXN009631,2026-08-08,2,46,1,48.0
TXN009631,2026-08-08,2,51,2,360.0
TXN009632,2026-08-08,2,50,2,520.0
TXN009633,2026-08-08,2,33,1,85.0
TXN009633,2026-08-08,2,55,1,30.0
TXN009634,2026-08-08,2,18,1,20.0
TXN009634,2026-08-08,2,7,1,130.0
TXN009635,2026-08-08,2,24,1,50.0
TXN009635,2026-08-08,2,51,1,180.0
TXN009635,2026-08-08,2,45,3,405.0
TXN009636,2026-08-08,2,7,1,130.0
TXN009636,2026-08-08,2,40,1,65.0
TXN009636,2026-08-08,2,35,1,145.0
TXN009636,2026-08-08,2,32,2,240.0
TXN009637,2026-08-08,3,3,1,115.0
TXN009637,2026-08-08,3,40,1,65.0
TXN009638,2026-08-08,3,55,2,60.0
TXN009638,2026-08-08,3,56,2,240.0
TXN009639,2026-08-08,3,36,2,210.0
TXN009639,2026-08-08,3,27,2,80.0
TXN009640,2026-08-08,3,49,1,85.0
TXN009640,2026-08-08,3,17,1,45.0
TXN009641,2026-08-08,3,48,2,48.0
TXN009641,2026-08-08,3,27,1,40.0
TXN009641,2026-08-08,3,55,2,60.0
TXN009641,2026-08-08,3,53,1,40.0
TXN009642,2026-08-08,3,6,1,30.0
TXN009642,2026-08-08,3,3,1,115.0
TXN009643,2026-08-08,3,22,2,60.0
TXN009643,2026-08-08,3,57,1,90.0
TXN009643,2026-08-08,3,30,2,80.0
TXN009644,2026-08-08,3,48,1,24.0
TXN009644,2026-08-08,3,3,1,115.0
TXN009644,2026-08-08,3,32,1,120.0
TXN009644,2026-08-08,3,9,2,80.0
TXN009645,2026-08-08,3,47,1,165.0
TXN009646,2026-08-08,3,32,2,240.0
TXN009646,2026-08-08,3,45,1,135.0
TXN009648,2026-08-08,3,32,3,360.0
TXN009648,2026-08-08,3,50,1,260.0
TXN009649,2026-08-08,3,16,2,240.0
TXN009651,2026-08-08,3,11,1,35.0
TXN009652,2026-08-08,3,51,2,360.0
TXN009652,2026-08-08,3,29,2,190.0
TXN009654,2026-08-08,3,2,1,35.0
TXN009654,2026-08-08,3,23,2,50.0
TXN009654,2026-08-08,3,45,2,270.0
TXN009655,2026-08-08,3,4,1,140.0
TXN009656,2026-08-08,3,28,1,75.0
TXN009656,2026-08-08,3,51,2,360.0
TXN009656,2026-08-08,3,39,1,140.0
TXN009656,2026-08-08,3,33,2,170.0
TXN009657,2026-08-08,3,9,2,80.0
TXN009657,2026-08-08,3,6,2,60.0
TXN009657,2026-08-08,3,49,2,170.0
TXN009657,2026-08-08,3,32,1,120.0
TXN009658,2026-08-08,3,1,3,192.0
TXN009658,2026-08-08,3,59,1,35.0
TXN009658,2026-08-08,3,35,1,145.0
TXN009658,2026-08-08,3,6,1,30.0
TXN009659,2026-08-08,3,16,1,120.0
TXN009659,2026-08-08,3,8,1,84.0
TXN009659,2026-08-08,3,54,1,35.0
TXN009660,2026-08-08,3,35,1,145.0
TXN009661,2026-08-08,3,59,1,35.0
TXN009661,2026-08-08,3,12,1,90.0
TXN009662,2026-08-08,3,6,2,60.0
TXN009662,2026-08-08,3,40,1,65.0
TXN009662,2026-08-08,3,13,1,60.0
TXN009663,2026-08-08,3,43,1,240.0
TXN009663,2026-08-08,3,45,1,135.0
TXN009663,2026-08-08,3,23,1,25.0
TXN009664,2026-08-08,3,29,2,190.0
TXN009665,2026-08-08,3,46,1,48.0
TXN009665,2026-08-08,3,39,2,280.0
TXN009665,2026-08-08,3,54,1,35.0
TXN009666,2026-08-09,1,30,1,40.0
TXN009667,2026-08-09,1,36,3,315.0
TXN009667,2026-08-09,1,25,2,560.0
TXN009667,2026-08-09,1,29,1,95.0
TXN009667,2026-08-09,1,37,1,160.0
TXN009670,2026-08-09,1,56,1,120.0
TXN009670,2026-08-09,1,11,1,35.0
TXN009670,2026-08-09,1,13,1,60.0
TXN009670,2026-08-09,1,29,1,95.0
TXN009670,2026-08-09,1,25,2,560.0
TXN009671,2026-08-09,1,2,1,35.0
TXN009672,2026-08-09,1,37,1,160.0
TXN009672,2026-08-09,1,2,2,70.0
TXN009672,2026-08-09,1,39,1,140.0
TXN009672,2026-08-09,1,5,1,95.0
TXN009673,2026-08-09,1,14,1,80.0
TXN009673,2026-08-09,1,21,2,620.0
TXN009673,2026-08-09,1,52,1,50.0
TXN009673,2026-08-09,1,59,1,35.0
TXN009674,2026-08-09,1,3,1,115.0
TXN009675,2026-08-09,1,58,2,50.0
TXN009675,2026-08-09,1,25,2,560.0
TXN009676,2026-08-09,1,39,1,140.0
TXN009677,2026-08-09,1,52,2,100.0
TXN009677,2026-08-09,1,50,1,260.0
TXN009678,2026-08-09,1,32,2,240.0
TXN009679,2026-08-09,1,12,3,270.0
TXN009679,2026-08-09,1,57,1,90.0
TXN009679,2026-08-09,1,59,1,35.0
TXN009679,2026-08-09,1,33,1,85.0
TXN009679,2026-08-09,1,17,3,135.0
TXN009680,2026-08-09,1,16,1,120.0
TXN009680,2026-08-09,1,12,1,90.0
TXN009680,2026-08-09,1,3,1,115.0
TXN009681,2026-08-09,1,33,1,85.0
TXN009681,2026-08-09,1,49,1,85.0
TXN009682,2026-08-09,1,40,1,65.0
TXN009682,2026-08-09,1,43,1,240.0
TXN009683,2026-08-09,1,32,2,240.0
TXN009684,2026-08-09,1,39,1,140.0
TXN009684,2026-08-09,1,48,3,72.0
TXN009685,2026-08-09,1,57,1,90.0
TXN009685,2026-08-09,1,31,1,175.0
TXN009686,2026-08-09,1,52,2,100.0
TXN009686,2026-08-09,1,17,3,135.0
TXN009686,2026-08-09,1,8,2,168.0
TXN009687,2026-08-09,1,32,2,240.0
TXN009687,2026-08-09,1,37,1,160.0
TXN009687,2026-08-09,1,40,1,65.0
TXN009687,2026-08-09,1,55,1,30.0
TXN009688,2026-08-09,1,33,2,170.0
TXN009689,2026-08-09,1,48,3,72.0
TXN009690,2026-08-09,1,3,2,230.0
TXN009690,2026-08-09,1,24,1,50.0
TXN009690,2026-08-09,1,60,1,40.0
TXN009691,2026-08-09,1,52,1,50.0
TXN009691,2026-08-09,1,59,1,35.0
TXN009692,2026-08-09,1,4,2,280.0
TXN009693,2026-08-09,1,56,1,120.0
TXN009693,2026-08-09,1,12,1,90.0
TXN009693,2026-08-09,1,36,2,210.0
TXN009694,2026-08-09,1,57,2,180.0
TXN009695,2026-08-09,1,4,1,140.0
TXN009695,2026-08-09,1,9,4,160.0
TXN009695,2026-08-09,1,59,2,70.0
TXN009696,2026-08-09,1,49,1,85.0
TXN009697,2026-08-09,1,18,2,40.0
TXN009697,2026-08-09,1,57,1,90.0
TXN009698,2026-08-09,1,60,2,80.0
TXN009698,2026-08-09,1,21,1,310.0
TXN009699,2026-08-09,1,22,2,60.0
TXN009699,2026-08-09,1,17,3,135.0
TXN009700,2026-08-09,1,10,1,45.0
TXN009700,2026-08-09,1,16,1,120.0
TXN009700,2026-08-09,1,40,1,65.0
TXN009700,2026-08-09,1,25,2,560.0
TXN009701,2026-08-09,1,21,1,310.0
TXN009701,2026-08-09,1,58,1,25.0
TXN009701,2026-08-09,1,6,2,60.0
TXN009701,2026-08-09,1,27,1,40.0
TXN009702,2026-08-09,1,40,1,65.0
TXN009702,2026-08-09,1,1,2,128.0
TXN009703,2026-08-09,1,30,2,80.0
TXN009704,2026-08-09,1,40,2,130.0
TXN009704,2026-08-09,1,47,2,330.0
TXN009705,2026-08-09,1,1,3,192.0
TXN009705,2026-08-09,1,26,1,450.0
TXN009705,2026-08-09,1,19,2,220.0
TXN009706,2026-08-09,1,6,2,60.0
TXN009706,2026-08-09,1,40,2,130.0
TXN009706,2026-08-09,1,24,1,50.0
TXN009706,2026-08-09,1,25,2,560.0
TXN009707,2026-08-09,1,5,1,95.0
TXN009707,2026-08-09,1,41,1,90.0
TXN009707,2026-08-09,1,18,1,20.0
TXN009708,2026-08-09,1,54,2,70.0
TXN009709,2026-08-09,1,23,2,50.0
TXN009709,2026-08-09,1,58,1,25.0
TXN009710,2026-08-09,1,33,2,170.0
TXN009710,2026-08-09,1,41,1,90.0
TXN009711,2026-08-09,1,23,2,50.0
TXN009712,2026-08-09,1,17,2,90.0
TXN009712,2026-08-09,1,26,1,450.0
TXN009712,2026-08-09,1,31,1,175.0
TXN009712,2026-08-09,1,1,3,192.0
TXN009713,2026-08-09,1,6,2,60.0
TXN009713,2026-08-09,1,29,2,190.0
TXN009713,2026-08-09,1,11,2,70.0
TXN009713,2026-08-09,1,28,1,75.0
TXN009714,2026-08-09,1,21,1,310.0
TXN009714,2026-08-09,1,13,1,60.0
TXN009715,2026-08-09,1,26,1,450.0
TXN009715,2026-08-09,1,7,2,260.0
TXN009716,2026-08-09,1,39,1,140.0
TXN009716,2026-08-09,1,32,2,240.0
TXN009716,2026-08-09,1,24,1,50.0
TXN009716,2026-08-09,1,22,1,30.0
TXN009716,2026-08-09,1,33,1,85.0
TXN009717,2026-08-09,1,35,2,290.0
TXN009717,2026-08-09,1,60,1,40.0
TXN009717,2026-08-09,1,33,1,85.0
TXN009717,2026-08-09,1,54,1,35.0
TXN009718,2026-08-09,1,22,1,30.0
TXN009718,2026-08-09,1,5,1,95.0
TXN009718,2026-08-09,1,7,1,130.0
TXN009719,2026-08-09,1,13,1,60.0
TXN009719,2026-08-09,1,51,1,180.0
TXN009719,2026-08-09,1,12,1,90.0
TXN009719,2026-08-09,1,6,1,30.0
TXN009720,2026-08-09,1,30,2,80.0
TXN009720,2026-08-09,1,58,1,25.0
TXN009721,2026-08-09,1,26,1,450.0
TXN009722,2026-08-09,2,36,1,105.0
TXN009722,2026-08-09,2,47,1,165.0
TXN009722,2026-08-09,2,33,1,85.0
TXN009723,2026-08-09,2,47,2,330.0
TXN009723,2026-08-09,2,15,1,110.0
TXN009724,2026-08-09,2,6,1,30.0
TXN009724,2026-08-09,2,5,1,95.0
TXN009725,2026-08-09,2,30,2,80.0
TXN009725,2026-08-09,2,4,1,140.0
TXN009725,2026-08-09,2,59,1,35.0
TXN009725,2026-08-09,2,6,1,30.0
TXN009726,2026-08-09,2,57,1,90.0
TXN009726,2026-08-09,2,49,1,85.0
TXN009727,2026-08-09,2,10,2,90.0
TXN009727,2026-08-09,2,2,1,35.0
TXN009727,2026-08-09,2,3,1,115.0
TXN009727,2026-08-09,2,36,2,210.0
TXN009727,2026-08-09,2,21,1,310.0
TXN009728,2026-08-09,2,60,2,80.0
TXN009728,2026-08-09,2,46,2,96.0
TXN009728,2026-08-09,2,27,1,40.0
TXN009729,2026-08-09,2,56,1,120.0
TXN009729,2026-08-09,2,11,1,35.0
TXN009730,2026-08-09,2,14,1,80.0
TXN009730,2026-08-09,2,33,1,85.0
TXN009730,2026-08-09,2,47,2,330.0
TXN009731,2026-08-09,2,23,2,50.0
TXN009731,2026-08-09,2,55,1,30.0
TXN009732,2026-08-09,2,11,1,35.0
TXN009732,2026-08-09,2,33,1,85.0
TXN009732,2026-08-09,2,52,1,50.0
TXN009732,2026-08-09,2,60,1,40.0
TXN009733,2026-08-09,2,21,1,310.0
TXN009733,2026-08-09,2,17,2,90.0
TXN009733,2026-08-09,2,32,1,120.0
TXN009734,2026-08-09,2,2,1,35.0
TXN009735,2026-08-09,2,55,1,30.0
TXN009735,2026-08-09,2,35,1,145.0
TXN009736,2026-08-09,2,14,2,160.0
TXN009737,2026-08-09,2,27,1,40.0
TXN009737,2026-08-09,2,55,1,30.0
TXN009737,2026-08-09,2,6,1,30.0
TXN009737,2026-08-09,2,30,1,40.0
TXN009738,2026-08-09,2,45,1,135.0
TXN009739,2026-08-09,2,32,1,120.0
TXN009739,2026-08-09,2,45,1,135.0
TXN009740,2026-08-09,2,10,1,45.0
TXN009741,2026-08-09,2,49,1,85.0
TXN009741,2026-08-09,2,19,1,110.0
TXN009741,2026-08-09,2,60,2,80.0
TXN009741,2026-08-09,2,11,2,70.0
TXN009741,2026-08-09,2,23,2,50.0
TXN009742,2026-08-09,2,13,2,120.0
TXN009742,2026-08-09,2,30,3,120.0
TXN009742,2026-08-09,2,21,1,310.0
TXN009744,2026-08-09,2,59,1,35.0
TXN009744,2026-08-09,2,8,1,84.0
TXN009744,2026-08-09,2,25,2,560.0
TXN009744,2026-08-09,2,11,1,35.0
TXN009745,2026-08-09,2,8,1,84.0
TXN009746,2026-08-09,2,49,1,85.0
TXN009748,2026-08-09,2,30,1,40.0
TXN009748,2026-08-09,2,49,1,85.0
TXN009748,2026-08-09,2,59,1,35.0
TXN009748,2026-08-09,2,19,2,220.0
TXN009749,2026-08-09,2,17,2,90.0
TXN009749,2026-08-09,2,8,2,168.0
TXN009749,2026-08-09,2,32,2,240.0
TXN009750,2026-08-09,2,14,1,80.0
TXN009750,2026-08-09,2,15,2,220.0
TXN009751,2026-08-09,2,18,2,40.0
TXN009751,2026-08-09,2,39,1,140.0
TXN009752,2026-08-09,2,19,1,110.0
TXN009752,2026-08-09,2,5,2,190.0
TXN009752,2026-08-09,2,2,1,35.0
TXN009753,2026-08-09,2,7,2,260.0
TXN009753,2026-08-09,2,18,1,20.0
TXN009754,2026-08-09,2,36,1,105.0
TXN009755,2026-08-09,2,42,1,620.0
TXN009755,2026-08-09,2,9,2,80.0
TXN009756,2026-08-09,2,52,1,50.0
TXN009757,2026-08-09,2,45,2,270.0
TXN009757,2026-08-09,2,54,2,70.0
TXN009758,2026-08-09,2,42,1,620.0
TXN009758,2026-08-09,2,43,1,240.0
TXN009758,2026-08-09,2,2,1,35.0
TXN009759,2026-08-09,2,43,2,480.0
TXN009759,2026-08-09,2,52,1,50.0
TXN009759,2026-08-09,2,6,2,60.0
TXN009759,2026-08-09,2,17,3,135.0
TXN009760,2026-08-09,2,24,2,100.0
TXN009760,2026-08-09,2,16,2,240.0
TXN009761,2026-08-09,2,18,1,20.0
TXN009761,2026-08-09,2,47,1,165.0
TXN009762,2026-08-09,2,17,2,90.0
TXN009763,2026-08-09,2,50,2,520.0
TXN009763,2026-08-09,2,60,1,40.0
TXN009764,2026-08-09,3,43,1,240.0
TXN009764,2026-08-09,3,1,1,64.0
TXN009764,2026-08-09,3,41,1,90.0
TXN009765,2026-08-09,3,5,1,95.0
TXN009765,2026-08-09,3,10,1,45.0
TXN009767,2026-08-09,3,23,2,50.0
TXN009767,2026-08-09,3,6,1,30.0
TXN009768,2026-08-09,3,46,2,96.0
TXN009768,2026-08-09,3,28,1,75.0
TXN009770,2026-08-09,3,52,1,50.0
TXN009770,2026-08-09,3,19,2,220.0
TXN009771,2026-08-09,3,32,1,120.0
TXN009771,2026-08-09,3,14,1,80.0
TXN009771,2026-08-09,3,39,1,140.0
TXN009771,2026-08-09,3,47,2,330.0
TXN009772,2026-08-09,3,3,1,115.0
TXN009772,2026-08-09,3,30,2,80.0
TXN009772,2026-08-09,3,1,1,64.0
TXN009772,2026-08-09,3,25,1,280.0
TXN009773,2026-08-09,3,49,2,170.0
TXN009773,2026-08-09,3,50,1,260.0
TXN009774,2026-08-09,3,36,2,210.0
TXN009775,2026-08-09,3,6,1,30.0
TXN009775,2026-08-09,3,30,1,40.0
TXN009778,2026-08-09,3,9,3,120.0
TXN009778,2026-08-09,3,30,2,80.0
TXN009778,2026-08-09,3,16,1,120.0
TXN009779,2026-08-09,3,14,1,80.0
TXN009779,2026-08-09,3,36,2,210.0
TXN009779,2026-08-09,3,15,2,220.0
TXN009780,2026-08-09,3,9,3,120.0
TXN009782,2026-08-09,3,58,1,25.0
TXN009782,2026-08-09,3,48,1,24.0
TXN009783,2026-08-09,3,55,2,60.0
TXN009783,2026-08-09,3,1,3,192.0
TXN009784,2026-08-09,3,17,3,135.0
TXN009784,2026-08-09,3,28,1,75.0
TXN009784,2026-08-09,3,31,1,175.0
TXN009785,2026-08-09,3,48,1,24.0
TXN009785,2026-08-09,3,19,1,110.0
TXN009785,2026-08-09,3,58,1,25.0
TXN009785,2026-08-09,3,6,1,30.0
TXN009786,2026-08-09,3,45,1,135.0
TXN009787,2026-08-09,3,18,1,20.0
TXN009790,2026-08-09,3,4,1,140.0
TXN009790,2026-08-09,3,53,2,80.0
TXN009791,2026-08-09,3,4,1,140.0
TXN009792,2026-08-09,3,43,1,240.0
TXN009793,2026-08-09,3,10,1,45.0
TXN009793,2026-08-09,3,11,1,35.0
TXN009793,2026-08-09,3,23,1,25.0
TXN009794,2026-08-09,3,24,1,50.0
TXN009794,2026-08-09,3,45,2,270.0
TXN009794,2026-08-09,3,28,1,75.0
TXN009795,2026-08-10,1,32,1,120.0
TXN009795,2026-08-10,1,22,1,30.0
TXN009795,2026-08-10,1,2,1,35.0
TXN009795,2026-08-10,1,6,2,60.0
TXN009796,2026-08-10,1,40,1,65.0
TXN009796,2026-08-10,1,18,1,20.0
TXN009796,2026-08-10,1,9,2,80.0
TXN009797,2026-08-10,1,12,1,90.0
TXN009797,2026-08-10,1,13,1,60.0
TXN009798,2026-08-10,1,36,2,210.0
TXN009798,2026-08-10,1,29,2,190.0
TXN009798,2026-08-10,1,5,1,95.0
TXN009798,2026-08-10,1,45,1,135.0
TXN009799,2026-08-10,1,40,2,130.0
TXN009799,2026-08-10,1,15,1,110.0
TXN009799,2026-08-10,1,8,2,168.0
TXN009799,2026-08-10,1,12,1,90.0
TXN009800,2026-08-10,1,25,2,560.0
TXN009800,2026-08-10,1,10,1,45.0
TXN009801,2026-08-10,1,41,1,90.0
TXN009801,2026-08-10,1,23,2,50.0
TXN009802,2026-08-10,1,42,1,620.0
TXN009802,2026-08-10,1,28,1,75.0
TXN009803,2026-08-10,1,33,2,170.0
TXN009803,2026-08-10,1,10,2,90.0
TXN009803,2026-08-10,1,30,1,40.0
TXN009804,2026-08-10,1,52,2,100.0
TXN009805,2026-08-10,1,5,1,95.0
TXN009805,2026-08-10,1,23,1,25.0
TXN009805,2026-08-10,1,41,1,90.0
TXN009806,2026-08-10,1,49,1,85.0
TXN009806,2026-08-10,1,33,2,170.0
TXN009806,2026-08-10,1,60,1,40.0
TXN009806,2026-08-10,1,21,2,620.0
TXN009807,2026-08-10,1,56,1,120.0
TXN009807,2026-08-10,1,9,2,80.0
TXN009808,2026-08-10,1,27,1,40.0
TXN009808,2026-08-10,1,35,1,145.0
TXN009809,2026-08-10,1,30,1,40.0
TXN009810,2026-08-10,1,7,2,260.0
TXN009811,2026-08-10,1,50,1,260.0
TXN009811,2026-08-10,1,23,1,25.0
TXN009811,2026-08-10,1,24,2,100.0
TXN009812,2026-08-10,1,8,1,84.0
TXN009812,2026-08-10,1,36,2,210.0
TXN009814,2026-08-10,1,32,1,120.0
TXN009816,2026-08-10,1,30,1,40.0
TXN009816,2026-08-10,1,58,1,25.0
TXN009816,2026-08-10,1,1,1,64.0
TXN009816,2026-08-10,1,53,1,40.0
TXN009816,2026-08-10,1,6,1,30.0
TXN009817,2026-08-10,1,49,1,85.0
TXN009817,2026-08-10,1,26,1,450.0
TXN009820,2026-08-10,1,40,1,65.0
TXN009820,2026-08-10,1,1,3,192.0
TXN009820,2026-08-10,1,22,2,60.0
TXN009821,2026-08-10,1,51,2,360.0
TXN009821,2026-08-10,1,9,1,40.0
TXN009821,2026-08-10,1,48,1,24.0
TXN009821,2026-08-10,1,50,1,260.0
TXN009821,2026-08-10,1,5,1,95.0
TXN009822,2026-08-10,1,45,2,270.0
TXN009823,2026-08-10,1,46,2,96.0
TXN009823,2026-08-10,1,7,1,130.0
TXN009823,2026-08-10,1,53,3,120.0
TXN009824,2026-08-10,1,40,2,130.0
TXN009824,2026-08-10,1,54,2,70.0
TXN009824,2026-08-10,1,9,3,120.0
TXN009825,2026-08-10,1,52,2,100.0
TXN009826,2026-08-10,1,40,1,65.0
TXN009826,2026-08-10,1,37,1,160.0
TXN009826,2026-08-10,1,49,1,85.0
TXN009826,2026-08-10,1,53,2,80.0
TXN009826,2026-08-10,1,41,1,90.0
TXN009828,2026-08-10,1,50,1,260.0
TXN009828,2026-08-10,1,6,1,30.0
TXN009829,2026-08-10,2,14,1,80.0
TXN009829,2026-08-10,2,5,2,190.0
TXN009830,2026-08-10,2,2,1,35.0
TXN009830,2026-08-10,2,42,2,1240.0
TXN009830,2026-08-10,2,5,1,95.0
TXN009832,2026-08-10,2,24,1,50.0
TXN009832,2026-08-10,2,40,1,65.0
TXN009832,2026-08-10,2,13,1,60.0
TXN009833,2026-08-10,2,58,1,25.0
TXN009833,2026-08-10,2,29,2,190.0
TXN009833,2026-08-10,2,1,2,128.0
TXN009834,2026-08-10,2,13,1,60.0
TXN009834,2026-08-10,2,17,3,135.0
TXN009834,2026-08-10,2,53,2,80.0
TXN009835,2026-08-10,2,45,2,270.0
TXN009835,2026-08-10,2,1,2,128.0
TXN009835,2026-08-10,2,29,1,95.0
TXN009836,2026-08-10,2,25,1,280.0
TXN009836,2026-08-10,2,45,2,270.0
TXN009836,2026-08-10,2,9,2,80.0
TXN009837,2026-08-10,2,22,2,60.0
TXN009837,2026-08-10,2,58,1,25.0
TXN009838,2026-08-10,2,36,1,105.0
TXN009838,2026-08-10,2,42,2,1240.0
TXN009838,2026-08-10,2,1,2,128.0
TXN009838,2026-08-10,2,50,1,260.0
TXN009839,2026-08-10,2,18,1,20.0
TXN009840,2026-08-10,2,9,2,80.0
TXN009841,2026-08-10,2,1,2,128.0
TXN009841,2026-08-10,2,9,3,120.0
TXN009841,2026-08-10,2,7,1,130.0
TXN009842,2026-08-10,2,9,1,40.0
TXN009842,2026-08-10,2,22,1,30.0
TXN009842,2026-08-10,2,12,1,90.0
TXN009842,2026-08-10,2,29,1,95.0
TXN009843,2026-08-10,2,23,1,25.0
TXN009843,2026-08-10,2,8,1,84.0
TXN009844,2026-08-10,2,5,1,95.0
TXN009844,2026-08-10,2,47,2,330.0
TXN009845,2026-08-10,2,1,2,128.0
TXN009845,2026-08-10,2,27,2,80.0
TXN009845,2026-08-10,2,14,1,80.0
TXN009845,2026-08-10,2,47,1,165.0
TXN009846,2026-08-10,2,17,2,90.0
TXN009846,2026-08-10,2,22,1,30.0
TXN009846,2026-08-10,2,29,2,190.0
TXN009847,2026-08-10,2,45,1,135.0
TXN009847,2026-08-10,2,17,1,45.0
TXN009848,2026-08-10,2,27,1,40.0
TXN009848,2026-08-10,2,40,2,130.0
TXN009850,2026-08-10,2,22,2,60.0
TXN009850,2026-08-10,2,2,2,70.0
TXN009851,2026-08-10,2,60,2,80.0
TXN009851,2026-08-10,2,29,1,95.0
TXN009851,2026-08-10,2,17,2,90.0
TXN009851,2026-08-10,2,42,2,1240.0
TXN009852,2026-08-10,2,56,1,120.0
TXN009852,2026-08-10,2,8,1,84.0
TXN009852,2026-08-10,2,15,1,110.0
TXN009853,2026-08-10,2,47,1,165.0
TXN009853,2026-08-10,2,22,1,30.0
TXN009853,2026-08-10,2,9,2,80.0
TXN009854,2026-08-10,2,59,1,35.0
TXN009855,2026-08-10,2,41,1,90.0
TXN009856,2026-08-10,2,14,1,80.0
TXN009856,2026-08-10,2,43,1,240.0
TXN009857,2026-08-10,2,13,1,60.0
TXN009858,2026-08-10,2,41,2,180.0
TXN009858,2026-08-10,2,36,2,210.0
TXN009859,2026-08-10,2,51,2,360.0
TXN009860,2026-08-10,2,16,1,120.0
TXN009860,2026-08-10,2,13,1,60.0
TXN009861,2026-08-10,2,27,1,40.0
TXN009861,2026-08-10,2,56,1,120.0
TXN009863,2026-08-10,3,47,2,330.0
TXN009864,2026-08-10,3,13,1,60.0
TXN009864,2026-08-10,3,55,1,30.0
TXN009864,2026-08-10,3,21,1,310.0
TXN009865,2026-08-10,3,43,1,240.0
TXN009865,2026-08-10,3,7,1,130.0
TXN009865,2026-08-10,3,27,1,40.0
TXN009866,2026-08-10,3,7,2,260.0
TXN009866,2026-08-10,3,22,1,30.0
TXN009866,2026-08-10,3,17,1,45.0
TXN009866,2026-08-10,3,47,2,330.0
TXN009867,2026-08-10,3,1,3,192.0
TXN009867,2026-08-10,3,49,1,85.0
TXN009867,2026-08-10,3,23,2,50.0
TXN009868,2026-08-10,3,57,1,90.0
TXN009869,2026-08-10,3,7,1,130.0
TXN009869,2026-08-10,3,12,1,90.0
TXN009870,2026-08-10,3,2,1,35.0
TXN009870,2026-08-10,3,30,1,40.0
TXN009870,2026-08-10,3,52,1,50.0
TXN009871,2026-08-10,3,27,1,40.0
TXN009871,2026-08-10,3,53,1,40.0
TXN009872,2026-08-10,3,28,1,75.0
TXN009872,2026-08-10,3,55,1,30.0
TXN009872,2026-08-10,3,22,1,30.0
TXN009874,2026-08-10,3,3,1,115.0
TXN009874,2026-08-10,3,22,1,30.0
TXN009875,2026-08-10,3,11,1,35.0
TXN009876,2026-08-10,3,15,1,110.0
TXN009876,2026-08-10,3,50,1,260.0
TXN009877,2026-08-10,3,47,1,165.0
TXN009877,2026-08-10,3,48,2,48.0
TXN009877,2026-08-10,3,50,1,260.0
TXN009878,2026-08-10,3,7,1,130.0
TXN009878,2026-08-10,3,52,1,50.0
TXN009878,2026-08-10,3,19,1,110.0
TXN009878,2026-08-10,3,42,2,1240.0
TXN009879,2026-08-10,3,4,1,140.0
TXN009880,2026-08-10,3,6,1,30.0
TXN009881,2026-08-10,3,27,2,80.0
TXN009881,2026-08-10,3,17,2,90.0
TXN009881,2026-08-10,3,57,1,90.0
TXN009882,2026-08-10,3,9,1,40.0
TXN009882,2026-08-10,3,1,1,64.0
TXN009884,2026-08-10,3,54,1,35.0
TXN009884,2026-08-10,3,8,1,84.0
TXN009884,2026-08-10,3,43,1,240.0
TXN009885,2026-08-10,3,32,1,120.0
TXN009885,2026-08-10,3,6,1,30.0
TXN009885,2026-08-10,3,46,1,48.0
TXN009886,2026-08-10,3,53,1,40.0
TXN009886,2026-08-10,3,2,1,35.0
TXN009886,2026-08-10,3,23,2,50.0
TXN009887,2026-08-10,3,46,1,48.0
TXN009888,2026-08-10,3,55,1,30.0
TXN009889,2026-08-10,3,25,1,280.0
TXN009889,2026-08-10,3,6,1,30.0
TXN009890,2026-08-11,1,2,2,70.0
TXN009890,2026-08-11,1,19,1,110.0
TXN009890,2026-08-11,1,23,1,25.0
TXN009892,2026-08-11,1,42,2,1240.0
TXN009892,2026-08-11,1,50,1,260.0
TXN009892,2026-08-11,1,59,1,35.0
TXN009893,2026-08-11,1,6,2,60.0
TXN009894,2026-08-11,1,60,1,40.0
TXN009894,2026-08-11,1,12,1,90.0
TXN009894,2026-08-11,1,17,2,90.0
TXN009894,2026-08-11,1,3,1,115.0
TXN009895,2026-08-11,1,43,2,480.0
TXN009895,2026-08-11,1,42,1,620.0
TXN009896,2026-08-11,1,50,1,260.0
TXN009897,2026-08-11,1,42,1,620.0
TXN009898,2026-08-11,1,36,2,210.0
TXN009899,2026-08-11,1,29,2,190.0
TXN009899,2026-08-11,1,54,2,70.0
TXN009899,2026-08-11,1,4,1,140.0
TXN009900,2026-08-11,1,39,1,140.0
TXN009900,2026-08-11,1,2,1,35.0
TXN009900,2026-08-11,1,14,1,80.0
TXN009901,2026-08-11,1,11,1,35.0
TXN009901,2026-08-11,1,15,1,110.0
TXN009901,2026-08-11,1,24,1,50.0
TXN009902,2026-08-11,1,6,2,60.0
TXN009902,2026-08-11,1,35,2,290.0
TXN009902,2026-08-11,1,46,1,48.0
TXN009902,2026-08-11,1,52,1,50.0
TXN009903,2026-08-11,1,10,3,135.0
TXN009905,2026-08-11,1,49,1,85.0
TXN009905,2026-08-11,1,32,2,240.0
TXN009906,2026-08-11,1,10,1,45.0
TXN009906,2026-08-11,1,22,2,60.0
TXN009906,2026-08-11,1,9,3,120.0
TXN009907,2026-08-11,1,16,1,120.0
TXN009908,2026-08-11,1,51,1,180.0
TXN009908,2026-08-11,1,35,1,145.0
TXN009908,2026-08-11,1,4,1,140.0
TXN009909,2026-08-11,1,18,1,20.0
TXN009909,2026-08-11,1,32,2,240.0
TXN009909,2026-08-11,1,47,2,330.0
TXN009909,2026-08-11,1,24,1,50.0
TXN009910,2026-08-11,1,18,1,20.0
TXN009911,2026-08-11,1,37,1,160.0
TXN009911,2026-08-11,1,40,1,65.0
TXN009911,2026-08-11,1,33,1,85.0
TXN009912,2026-08-11,1,8,1,84.0
TXN009913,2026-08-11,1,22,2,60.0
TXN009914,2026-08-11,1,39,1,140.0
TXN009914,2026-08-11,1,22,2,60.0
TXN009914,2026-08-11,1,15,1,110.0
TXN009914,2026-08-11,1,47,2,330.0
TXN009914,2026-08-11,1,9,3,120.0
TXN009915,2026-08-11,1,60,1,40.0
TXN009915,2026-08-11,1,40,1,65.0
TXN009916,2026-08-11,1,60,1,40.0
TXN009916,2026-08-11,1,45,1,135.0
TXN009916,2026-08-11,1,48,1,24.0
TXN009916,2026-08-11,1,8,2,168.0
TXN009917,2026-08-11,1,54,2,70.0
TXN009918,2026-08-11,1,35,1,145.0
TXN009918,2026-08-11,1,29,1,95.0
TXN009918,2026-08-11,1,48,1,24.0
TXN009919,2026-08-11,1,28,1,75.0
TXN009919,2026-08-11,1,35,1,145.0
TXN009919,2026-08-11,1,57,1,90.0
TXN009920,2026-08-11,1,17,3,135.0
TXN009921,2026-08-11,1,25,1,280.0
TXN009921,2026-08-11,1,28,1,75.0
TXN009923,2026-08-11,1,40,1,65.0
TXN009924,2026-08-11,1,57,2,180.0
TXN009924,2026-08-11,1,12,1,90.0
TXN009925,2026-08-11,1,49,1,85.0
TXN009925,2026-08-11,1,12,2,180.0
TXN009925,2026-08-11,1,7,2,260.0
TXN009926,2026-08-11,1,36,1,105.0
TXN009926,2026-08-11,1,53,2,80.0
TXN009926,2026-08-11,1,58,1,25.0
TXN009926,2026-08-11,1,2,2,70.0
TXN009927,2026-08-11,1,12,2,180.0
TXN009928,2026-08-11,1,13,1,60.0
TXN009929,2026-08-11,1,52,1,50.0
TXN009929,2026-08-11,1,48,2,48.0
TXN009929,2026-08-11,1,14,1,80.0
TXN009929,2026-08-11,1,32,1,120.0
TXN009930,2026-08-11,1,9,3,120.0
TXN009930,2026-08-11,1,40,1,65.0
TXN009930,2026-08-11,1,10,1,45.0
TXN009930,2026-08-11,1,57,1,90.0
TXN009930,2026-08-11,1,2,1,35.0
TXN009931,2026-08-11,1,46,2,96.0
TXN009931,2026-08-11,1,1,3,192.0
TXN009932,2026-08-11,1,46,3,144.0
TXN009932,2026-08-11,1,19,1,110.0
TXN009932,2026-08-11,1,39,2,280.0
TXN009932,2026-08-11,1,41,1,90.0
TXN009933,2026-08-11,1,9,2,80.0
TXN009933,2026-08-11,1,13,1,60.0
TXN009933,2026-08-11,1,56,1,120.0
TXN009933,2026-08-11,1,27,3,120.0
TXN009934,2026-08-11,1,36,1,105.0
TXN009934,2026-08-11,1,15,1,110.0
TXN009934,2026-08-11,1,6,1,30.0
TXN009934,2026-08-11,1,16,1,120.0
TXN009935,2026-08-11,1,36,2,210.0
TXN009936,2026-08-11,2,45,2,270.0
TXN009936,2026-08-11,2,26,1,450.0
TXN009937,2026-08-11,2,27,2,80.0
TXN009937,2026-08-11,2,39,2,280.0
TXN009938,2026-08-11,2,58,1,25.0
TXN009940,2026-08-11,2,42,2,1240.0
TXN009941,2026-08-11,2,39,1,140.0
TXN009941,2026-08-11,2,19,1,110.0
TXN009941,2026-08-11,2,10,1,45.0
TXN009942,2026-08-11,2,48,1,24.0
TXN009943,2026-08-11,2,22,1,30.0
TXN009945,2026-08-11,2,45,1,135.0
TXN009945,2026-08-11,2,5,1,95.0
TXN009945,2026-08-11,2,59,1,35.0
TXN009945,2026-08-11,2,1,1,64.0
TXN009946,2026-08-11,2,48,2,48.0
TXN009946,2026-08-11,2,29,1,95.0
TXN009947,2026-08-11,2,8,1,84.0
TXN009947,2026-08-11,2,1,2,128.0
TXN009948,2026-08-11,2,10,2,90.0
TXN009948,2026-08-11,2,22,1,30.0
TXN009948,2026-08-11,2,16,1,120.0
TXN009949,2026-08-11,2,6,1,30.0
TXN009949,2026-08-11,2,52,1,50.0
TXN009949,2026-08-11,2,32,1,120.0
TXN009950,2026-08-11,2,9,3,120.0
TXN009950,2026-08-11,2,33,1,85.0
TXN009950,2026-08-11,2,41,2,180.0
TXN009951,2026-08-11,2,42,1,620.0
TXN009951,2026-08-11,2,48,1,24.0
TXN009952,2026-08-11,2,60,2,80.0
TXN009952,2026-08-11,2,16,1,120.0
TXN009953,2026-08-11,2,43,1,240.0
TXN009954,2026-08-11,2,10,1,45.0
TXN009954,2026-08-11,2,23,1,25.0
TXN009954,2026-08-11,2,3,1,115.0
TXN009955,2026-08-11,2,7,2,260.0
TXN009956,2026-08-11,2,54,2,70.0
TXN009956,2026-08-11,2,36,2,210.0
TXN009956,2026-08-11,2,19,1,110.0
TXN009957,2026-08-11,2,54,1,35.0
TXN009958,2026-08-11,2,37,1,160.0
TXN009958,2026-08-11,2,27,2,80.0
TXN009960,2026-08-11,2,32,1,120.0
TXN009960,2026-08-11,2,24,1,50.0
TXN009960,2026-08-11,2,51,3,540.0
TXN009960,2026-08-11,2,46,2,96.0
TXN009960,2026-08-11,2,35,1,145.0
TXN009962,2026-08-11,2,23,1,25.0
TXN009963,2026-08-11,2,25,1,280.0
TXN009964,2026-08-11,2,7,1,130.0
TXN009964,2026-08-11,2,8,2,168.0
TXN009965,2026-08-11,2,21,2,620.0
TXN009966,2026-08-11,2,2,2,70.0
TXN009966,2026-08-11,2,39,1,140.0
TXN009967,2026-08-11,2,54,2,70.0
TXN009967,2026-08-11,2,33,2,170.0
TXN009968,2026-08-11,2,43,1,240.0
TXN009968,2026-08-11,2,6,1,30.0
TXN009968,2026-08-11,2,31,1,175.0
TXN009969,2026-08-11,2,49,1,85.0
TXN009970,2026-08-11,2,57,1,90.0
TXN009971,2026-08-11,2,29,2,190.0
TXN009971,2026-08-11,2,36,1,105.0
TXN009971,2026-08-11,2,35,1,145.0
TXN009971,2026-08-11,2,53,2,80.0
TXN009972,2026-08-11,2,8,1,84.0
TXN009972,2026-08-11,2,15,1,110.0
TXN009973,2026-08-11,2,42,1,620.0
TXN009973,2026-08-11,2,4,1,140.0
TXN009973,2026-08-11,2,12,1,90.0
TXN009974,2026-08-11,2,53,1,40.0
TXN009974,2026-08-11,2,14,1,80.0
TXN009975,2026-08-11,3,28,1,75.0
TXN009976,2026-08-11,3,43,1,240.0
TXN009976,2026-08-11,3,48,1,24.0
TXN009977,2026-08-11,3,55,1,30.0
TXN009977,2026-08-11,3,56,1,120.0
TXN009977,2026-08-11,3,53,2,80.0
TXN009977,2026-08-11,3,13,1,60.0
TXN009978,2026-08-11,3,7,1,130.0
TXN009978,2026-08-11,3,15,1,110.0
TXN009978,2026-08-11,3,22,2,60.0
TXN009979,2026-08-11,3,46,1,48.0
TXN009979,2026-08-11,3,49,1,85.0
TXN009980,2026-08-11,3,19,1,110.0
TXN009980,2026-08-11,3,27,1,40.0
TXN009981,2026-08-11,3,14,1,80.0
TXN009983,2026-08-11,3,6,1,30.0
TXN009984,2026-08-11,3,23,1,25.0
TXN009984,2026-08-11,3,16,1,120.0
TXN009984,2026-08-11,3,22,2,60.0
TXN009984,2026-08-11,3,1,3,192.0
TXN009984,2026-08-11,3,55,1,30.0
TXN009985,2026-08-11,3,52,1,50.0
TXN009985,2026-08-11,3,39,2,280.0
TXN009985,2026-08-11,3,18,1,20.0
TXN009985,2026-08-11,3,5,1,95.0
TXN009986,2026-08-11,3,14,2,160.0
TXN009987,2026-08-11,3,14,1,80.0
TXN009987,2026-08-11,3,45,1,135.0
TXN009988,2026-08-11,3,22,1,30.0
TXN009988,2026-08-11,3,43,1,240.0
TXN009988,2026-08-11,3,4,1,140.0
TXN009988,2026-08-11,3,55,1,30.0
TXN009989,2026-08-11,3,53,1,40.0
TXN009990,2026-08-11,3,14,1,80.0
TXN009990,2026-08-11,3,55,2,60.0
TXN009992,2026-08-11,3,7,1,130.0
TXN009992,2026-08-11,3,17,2,90.0
TXN009992,2026-08-11,3,28,1,75.0
TXN009992,2026-08-11,3,8,1,84.0
TXN009993,2026-08-11,3,2,2,70.0
TXN009994,2026-08-11,3,52,1,50.0
TXN009995,2026-08-11,3,41,1,90.0
TXN009995,2026-08-11,3,48,1,24.0
TXN009998,2026-08-11,3,55,2,60.0
TXN009999,2026-08-11,3,7,2,260.0
TXN009999,2026-08-11,3,32,2,240.0
TXN010000,2026-08-11,3,25,1,280.0
TXN010000,2026-08-11,3,7,1,130.0
TXN010000,2026-08-11,3,51,2,360.0
TXN010000,2026-08-11,3,12,1,90.0
TXN010000,2026-08-11,3,60,1,40.0
TXN010001,2026-08-11,3,13,1,60.0
TXN010001,2026-08-11,3,32,1,120.0
TXN010002,2026-08-11,3,6,1,30.0
TXN010002,2026-08-11,3,3,1,115.0
TXN010003,2026-08-11,3,24,1,50.0
TXN010003,2026-08-11,3,42,1,620.0
TXN010003,2026-08-11,3,46,1,48.0
TXN010004,2026-08-12,1,60,1,40.0
TXN010004,2026-08-12,1,3,1,115.0
TXN010004,2026-08-12,1,46,1,48.0
TXN010004,2026-08-12,1,54,1,35.0
TXN010005,2026-08-12,1,46,1,48.0
TXN010005,2026-08-12,1,5,1,95.0
TXN010005,2026-08-12,1,25,1,280.0
TXN010006,2026-08-12,1,12,2,180.0
TXN010006,2026-08-12,1,32,2,240.0
TXN010007,2026-08-12,1,1,2,128.0
TXN010007,2026-08-12,1,23,1,25.0
TXN010008,2026-08-12,1,48,2,48.0
TXN010008,2026-08-12,1,42,2,1240.0
TXN010008,2026-08-12,1,30,1,40.0
TXN010009,2026-08-12,1,56,1,120.0
TXN010009,2026-08-12,1,46,1,48.0
TXN010009,2026-08-12,1,13,1,60.0
TXN010010,2026-08-12,1,36,2,210.0
TXN010010,2026-08-12,1,8,2,168.0
TXN010011,2026-08-12,1,54,1,35.0
TXN010011,2026-08-12,1,10,1,45.0
TXN010011,2026-08-12,1,45,2,270.0
TXN010011,2026-08-12,1,25,2,560.0
TXN010012,2026-08-12,1,8,2,168.0
TXN010012,2026-08-12,1,17,2,90.0
TXN010013,2026-08-12,1,2,2,70.0
TXN010013,2026-08-12,1,4,1,140.0
TXN010013,2026-08-12,1,35,1,145.0
TXN010013,2026-08-12,1,7,2,260.0
TXN010014,2026-08-12,1,23,2,50.0
TXN010014,2026-08-12,1,37,1,160.0
TXN010014,2026-08-12,1,30,1,40.0
TXN010015,2026-08-12,1,14,2,160.0
TXN010015,2026-08-12,1,17,2,90.0
TXN010015,2026-08-12,1,33,2,170.0
TXN010016,2026-08-12,1,14,1,80.0
TXN010016,2026-08-12,1,60,2,80.0
TXN010017,2026-08-12,1,58,1,25.0
TXN010017,2026-08-12,1,23,1,25.0
TXN010017,2026-08-12,1,2,1,35.0
TXN010018,2026-08-12,1,36,2,210.0
TXN010018,2026-08-12,1,7,1,130.0
TXN010018,2026-08-12,1,60,2,80.0
TXN010018,2026-08-12,1,26,1,450.0
TXN010018,2026-08-12,1,6,2,60.0
TXN010019,2026-08-12,1,55,1,30.0
TXN010019,2026-08-12,1,50,1,260.0
TXN010019,2026-08-12,1,32,2,240.0
TXN010019,2026-08-12,1,15,1,110.0
TXN010020,2026-08-12,1,15,1,110.0
TXN010020,2026-08-12,1,23,2,50.0
TXN010020,2026-08-12,1,22,2,60.0
TXN010022,2026-08-12,1,29,2,190.0
TXN010022,2026-08-12,1,12,2,180.0
TXN010022,2026-08-12,1,4,1,140.0
TXN010023,2026-08-12,1,16,1,120.0
TXN010023,2026-08-12,1,9,3,120.0
TXN010025,2026-08-12,1,40,1,65.0
TXN010025,2026-08-12,1,17,3,135.0
TXN010026,2026-08-12,1,16,1,120.0
TXN010026,2026-08-12,1,47,1,165.0
TXN010027,2026-08-12,1,7,1,130.0
TXN010027,2026-08-12,1,23,2,50.0
TXN010027,2026-08-12,1,42,1,620.0
TXN010027,2026-08-12,1,18,1,20.0
TXN010028,2026-08-12,1,46,1,48.0
TXN010028,2026-08-12,1,31,1,175.0
TXN010028,2026-08-12,1,15,1,110.0
TXN010029,2026-08-12,1,17,4,180.0
TXN010029,2026-08-12,1,43,2,480.0
TXN010030,2026-08-12,1,47,1,165.0
TXN010031,2026-08-12,1,53,2,80.0
TXN010031,2026-08-12,1,56,1,120.0
TXN010032,2026-08-12,1,10,1,45.0
TXN010032,2026-08-12,1,57,1,90.0
TXN010032,2026-08-12,1,5,1,95.0
TXN010032,2026-08-12,1,47,2,330.0
TXN010033,2026-08-12,1,51,2,360.0
TXN010033,2026-08-12,1,47,1,165.0
TXN010033,2026-08-12,1,16,1,120.0
TXN010034,2026-08-12,1,13,1,60.0
TXN010034,2026-08-12,1,19,1,110.0
TXN010034,2026-08-12,1,41,1,90.0
TXN010034,2026-08-12,1,36,1,105.0
TXN010035,2026-08-12,1,30,2,80.0
TXN010035,2026-08-12,1,43,1,240.0
TXN010035,2026-08-12,1,8,2,168.0
TXN010035,2026-08-12,1,36,2,210.0
TXN010036,2026-08-12,2,28,1,75.0
TXN010036,2026-08-12,2,27,1,40.0
TXN010036,2026-08-12,2,24,1,50.0
TXN010036,2026-08-12,2,9,3,120.0
TXN010037,2026-08-12,2,49,1,85.0
TXN010037,2026-08-12,2,54,1,35.0
TXN010038,2026-08-12,2,42,2,1240.0
TXN010038,2026-08-12,2,49,1,85.0
TXN010038,2026-08-12,2,39,1,140.0
TXN010038,2026-08-12,2,10,1,45.0
TXN010038,2026-08-12,2,24,1,50.0
TXN010039,2026-08-12,2,27,1,40.0
TXN010040,2026-08-12,2,32,1,120.0
TXN010040,2026-08-12,2,8,2,168.0
TXN010041,2026-08-12,2,4,2,280.0
TXN010041,2026-08-12,2,32,2,240.0
TXN010042,2026-08-12,2,22,1,30.0
TXN010042,2026-08-12,2,14,2,160.0
TXN010042,2026-08-12,2,52,2,100.0
TXN010043,2026-08-12,2,14,1,80.0
TXN010043,2026-08-12,2,10,1,45.0
TXN010043,2026-08-12,2,16,1,120.0
TXN010044,2026-08-12,2,17,2,90.0
TXN010045,2026-08-12,2,7,2,260.0
TXN010045,2026-08-12,2,26,1,450.0
TXN010046,2026-08-12,2,30,1,40.0
TXN010046,2026-08-12,2,52,1,50.0
TXN010046,2026-08-12,2,18,1,20.0
TXN010046,2026-08-12,2,50,1,260.0
TXN010047,2026-08-12,2,40,1,65.0
TXN010047,2026-08-12,2,45,1,135.0
TXN010048,2026-08-12,2,52,1,50.0
TXN010048,2026-08-12,2,51,2,360.0
TXN010048,2026-08-12,2,39,1,140.0
TXN010049,2026-08-12,2,52,1,50.0
TXN010049,2026-08-12,2,7,1,130.0
TXN010049,2026-08-12,2,48,1,24.0
TXN010050,2026-08-12,2,55,1,30.0
TXN010050,2026-08-12,2,6,2,60.0
TXN010051,2026-08-12,2,6,1,30.0
TXN010051,2026-08-12,2,14,1,80.0
TXN010051,2026-08-12,2,28,1,75.0
TXN010052,2026-08-12,2,12,1,90.0
TXN010052,2026-08-12,2,51,2,360.0
TXN010053,2026-08-12,2,42,2,1240.0
TXN010053,2026-08-12,2,50,1,260.0
TXN010053,2026-08-12,2,59,1,35.0
TXN010053,2026-08-12,2,29,1,95.0
TXN010054,2026-08-12,2,48,1,24.0
TXN010054,2026-08-12,2,12,2,180.0
TXN010054,2026-08-12,2,2,2,70.0
TXN010055,2026-08-12,2,51,1,180.0
TXN010055,2026-08-12,2,30,2,80.0
TXN010055,2026-08-12,2,39,1,140.0
TXN010056,2026-08-12,2,26,1,450.0
TXN010056,2026-08-12,2,51,1,180.0
TXN010056,2026-08-12,2,53,2,80.0
TXN010057,2026-08-12,2,3,1,115.0
TXN010058,2026-08-12,2,12,1,90.0
TXN010059,2026-08-12,2,5,1,95.0
TXN010059,2026-08-12,2,33,1,85.0
TXN010061,2026-08-12,2,48,1,24.0
TXN010062,2026-08-12,2,25,1,280.0
TXN010062,2026-08-12,2,42,1,620.0
TXN010062,2026-08-12,2,56,1,120.0
TXN010063,2026-08-12,2,60,2,80.0
TXN010064,2026-08-12,2,30,1,40.0
TXN010064,2026-08-12,2,50,1,260.0
TXN010064,2026-08-12,2,58,1,25.0
TXN010065,2026-08-12,2,17,2,90.0
TXN010065,2026-08-12,2,43,1,240.0
TXN010066,2026-08-12,2,25,1,280.0
TXN010067,2026-08-12,3,47,1,165.0
TXN010068,2026-08-12,3,9,2,80.0
TXN010069,2026-08-12,3,47,1,165.0
TXN010069,2026-08-12,3,48,1,24.0
TXN010069,2026-08-12,3,32,1,120.0
TXN010069,2026-08-12,3,29,1,95.0
TXN010070,2026-08-12,3,9,2,80.0
TXN010070,2026-08-12,3,16,2,240.0
TXN010071,2026-08-12,3,24,1,50.0
TXN010071,2026-08-12,3,1,2,128.0
TXN010071,2026-08-12,3,17,2,90.0
TXN010072,2026-08-12,3,46,1,48.0
TXN010073,2026-08-12,3,4,1,140.0
TXN010073,2026-08-12,3,7,1,130.0
TXN010073,2026-08-12,3,5,1,95.0
TXN010073,2026-08-12,3,30,2,80.0
TXN010074,2026-08-12,3,39,1,140.0
TXN010074,2026-08-12,3,1,3,192.0
TXN010075,2026-08-12,3,8,2,168.0
TXN010075,2026-08-12,3,59,1,35.0
TXN010076,2026-08-12,3,36,1,105.0
TXN010076,2026-08-12,3,42,2,1240.0
TXN010077,2026-08-12,3,2,1,35.0
TXN010077,2026-08-12,3,10,1,45.0
TXN010077,2026-08-12,3,11,1,35.0
TXN010077,2026-08-12,3,12,2,180.0
TXN010078,2026-08-12,3,6,1,30.0
TXN010078,2026-08-12,3,45,1,135.0
TXN010079,2026-08-12,3,55,1,30.0
TXN010080,2026-08-12,3,53,1,40.0
TXN010080,2026-08-12,3,4,2,280.0
TXN010082,2026-08-12,3,8,1,84.0
TXN010082,2026-08-12,3,12,1,90.0
TXN010083,2026-08-12,3,29,1,95.0
TXN010083,2026-08-12,3,57,1,90.0
TXN010083,2026-08-12,3,19,1,110.0
TXN010084,2026-08-12,3,17,3,135.0
TXN010084,2026-08-12,3,4,1,140.0
TXN010084,2026-08-12,3,30,1,40.0
TXN010085,2026-08-12,3,9,1,40.0
TXN010085,2026-08-12,3,28,1,75.0
TXN010085,2026-08-12,3,18,1,20.0
TXN010085,2026-08-12,3,55,2,60.0
TXN010086,2026-08-12,3,8,1,84.0
TXN010087,2026-08-12,3,27,1,40.0
TXN010087,2026-08-12,3,35,1,145.0
TXN010087,2026-08-12,3,32,2,240.0
TXN010088,2026-08-12,3,2,2,70.0
TXN010089,2026-08-12,3,31,1,175.0
TXN010089,2026-08-12,3,26,1,450.0
TXN010089,2026-08-12,3,43,2,480.0
TXN010090,2026-08-12,3,50,1,260.0
TXN010090,2026-08-12,3,9,2,80.0
TXN010090,2026-08-12,3,14,1,80.0
TXN010091,2026-08-12,3,10,1,45.0
TXN010091,2026-08-12,3,2,1,35.0
TXN010092,2026-08-12,3,42,2,1240.0
TXN010092,2026-08-12,3,46,2,96.0
TXN010093,2026-08-12,3,11,1,35.0
TXN010094,2026-08-12,3,37,1,160.0
TXN010095,2026-08-12,3,57,1,90.0
TXN010096,2026-08-12,3,51,1,180.0
TXN010097,2026-08-12,3,7,1,130.0
TXN010097,2026-08-12,3,29,1,95.0
TXN010097,2026-08-12,3,50,1,260.0
TXN010098,2026-08-12,3,36,1,105.0
TXN010098,2026-08-12,3,27,1,40.0
TXN010099,2026-08-13,1,60,1,40.0
TXN010099,2026-08-13,1,52,2,100.0
TXN010099,2026-08-13,1,24,1,50.0
TXN010101,2026-08-13,1,16,1,120.0
TXN010101,2026-08-13,1,52,1,50.0
TXN010102,2026-08-13,1,29,1,95.0
TXN010102,2026-08-13,1,3,1,115.0
TXN010103,2026-08-13,1,8,2,168.0
TXN010103,2026-08-13,1,36,1,105.0
TXN010103,2026-08-13,1,37,1,160.0
TXN010103,2026-08-13,1,9,2,80.0
TXN010103,2026-08-13,1,15,1,110.0
TXN010104,2026-08-13,1,43,2,480.0
TXN010105,2026-08-13,1,28,1,75.0
TXN010105,2026-08-13,1,35,2,290.0
TXN010105,2026-08-13,1,40,1,65.0
TXN010106,2026-08-13,1,58,1,25.0
TXN010106,2026-08-13,1,30,1,40.0
TXN010106,2026-08-13,1,33,1,85.0
TXN010106,2026-08-13,1,21,1,310.0
TXN010107,2026-08-13,1,51,2,360.0
TXN010107,2026-08-13,1,55,1,30.0
TXN010108,2026-08-13,1,47,1,165.0
TXN010109,2026-08-13,1,45,1,135.0
TXN010109,2026-08-13,1,54,1,35.0
TXN010109,2026-08-13,1,40,1,65.0
TXN010109,2026-08-13,1,22,2,60.0
TXN010110,2026-08-13,1,48,2,48.0
TXN010111,2026-08-13,1,13,1,60.0
TXN010111,2026-08-13,1,15,1,110.0
TXN010111,2026-08-13,1,33,2,170.0
TXN010111,2026-08-13,1,1,3,192.0
TXN010112,2026-08-13,1,11,2,70.0
TXN010112,2026-08-13,1,42,1,620.0
TXN010113,2026-08-13,1,47,2,330.0
TXN010113,2026-08-13,1,42,1,620.0
TXN010113,2026-08-13,1,40,1,65.0
TXN010114,2026-08-13,1,14,1,80.0
TXN010114,2026-08-13,1,53,2,80.0
TXN010115,2026-08-13,1,25,1,280.0
TXN010115,2026-08-13,1,24,1,50.0
TXN010115,2026-08-13,1,35,1,145.0
TXN010115,2026-08-13,1,12,1,90.0
TXN010115,2026-08-13,1,45,2,270.0
TXN010116,2026-08-13,1,5,1,95.0
TXN010116,2026-08-13,1,40,1,65.0
TXN010116,2026-08-13,1,15,2,220.0
TXN010116,2026-08-13,1,55,1,30.0
TXN010117,2026-08-13,1,21,1,310.0
TXN010117,2026-08-13,1,55,2,60.0
TXN010117,2026-08-13,1,58,2,50.0
TXN010117,2026-08-13,1,32,2,240.0
TXN010118,2026-08-13,1,22,1,30.0
TXN010119,2026-08-13,1,6,2,60.0
TXN010120,2026-08-13,1,47,2,330.0
TXN010121,2026-08-13,1,30,2,80.0
TXN010121,2026-08-13,1,17,2,90.0
TXN010121,2026-08-13,1,31,1,175.0
TXN010122,2026-08-13,1,46,1,48.0
TXN010122,2026-08-13,1,3,1,115.0
TXN010123,2026-08-13,1,18,1,20.0
TXN010123,2026-08-13,1,8,1,84.0
TXN010123,2026-08-13,1,55,2,60.0
TXN010124,2026-08-13,1,4,1,140.0
TXN010124,2026-08-13,1,26,1,450.0
TXN010124,2026-08-13,1,37,1,160.0
TXN010125,2026-08-13,1,25,1,280.0
TXN010125,2026-08-13,1,13,1,60.0
TXN010126,2026-08-13,1,52,1,50.0
TXN010127,2026-08-13,1,60,2,80.0
TXN010127,2026-08-13,1,4,1,140.0
TXN010127,2026-08-13,1,59,1,35.0
TXN010128,2026-08-13,1,33,1,85.0
TXN010128,2026-08-13,1,13,1,60.0
TXN010128,2026-08-13,1,3,1,115.0
TXN010128,2026-08-13,1,10,1,45.0
TXN010129,2026-08-13,1,43,2,480.0
TXN010129,2026-08-13,1,21,1,310.0
TXN010129,2026-08-13,1,51,1,180.0
TXN010130,2026-08-13,1,27,1,40.0
TXN010130,2026-08-13,1,2,1,35.0
TXN010130,2026-08-13,1,32,2,240.0
TXN010130,2026-08-13,1,11,1,35.0
TXN010130,2026-08-13,1,40,1,65.0
TXN010132,2026-08-13,1,29,1,95.0
TXN010132,2026-08-13,1,10,2,90.0
TXN010132,2026-08-13,1,35,1,145.0
TXN010132,2026-08-13,1,47,1,165.0
TXN010133,2026-08-13,2,33,2,170.0
TXN010134,2026-08-13,2,60,1,40.0
TXN010134,2026-08-13,2,29,2,190.0
TXN010134,2026-08-13,2,53,1,40.0
TXN010134,2026-08-13,2,27,2,80.0
TXN010134,2026-08-13,2,50,1,260.0
TXN010135,2026-08-13,2,54,3,105.0
TXN010136,2026-08-13,2,39,1,140.0
TXN010136,2026-08-13,2,54,2,70.0
TXN010136,2026-08-13,2,23,1,25.0
TXN010137,2026-08-13,2,45,2,270.0
TXN010138,2026-08-13,2,49,1,85.0
TXN010138,2026-08-13,2,22,1,30.0
TXN010138,2026-08-13,2,14,1,80.0
TXN010138,2026-08-13,2,6,1,30.0
TXN010139,2026-08-13,2,40,1,65.0
TXN010139,2026-08-13,2,29,2,190.0
TXN010139,2026-08-13,2,49,2,170.0
TXN010140,2026-08-13,2,39,2,280.0
TXN010141,2026-08-13,2,1,2,128.0
TXN010141,2026-08-13,2,18,2,40.0
TXN010141,2026-08-13,2,55,1,30.0
TXN010142,2026-08-13,2,40,1,65.0
TXN010142,2026-08-13,2,45,1,135.0
TXN010144,2026-08-13,2,25,2,560.0
TXN010145,2026-08-13,2,16,1,120.0
TXN010145,2026-08-13,2,51,1,180.0
TXN010146,2026-08-13,2,54,1,35.0
TXN010146,2026-08-13,2,35,1,145.0
TXN010146,2026-08-13,2,56,1,120.0
TXN010146,2026-08-13,2,57,1,90.0
TXN010148,2026-08-13,2,7,2,260.0
TXN010149,2026-08-13,2,2,1,35.0
TXN010149,2026-08-13,2,59,1,35.0
TXN010149,2026-08-13,2,1,3,192.0
TXN010149,2026-08-13,2,51,2,360.0
TXN010150,2026-08-13,2,2,2,70.0
TXN010151,2026-08-13,2,25,2,560.0
TXN010151,2026-08-13,2,52,1,50.0
TXN010152,2026-08-13,2,32,1,120.0
TXN010153,2026-08-13,2,46,1,48.0
TXN010154,2026-08-13,2,7,1,130.0
TXN010154,2026-08-13,2,51,2,360.0
TXN010155,2026-08-13,2,9,1,40.0
TXN010155,2026-08-13,2,45,2,270.0
TXN010156,2026-08-13,2,51,2,360.0
TXN010156,2026-08-13,2,17,2,90.0
TXN010156,2026-08-13,2,42,2,1240.0
TXN010156,2026-08-13,2,45,1,135.0
TXN010157,2026-08-13,2,6,1,30.0
TXN010158,2026-08-13,2,42,2,1240.0
TXN010161,2026-08-13,3,54,1,35.0
TXN010161,2026-08-13,3,35,1,145.0
TXN010161,2026-08-13,3,6,2,60.0
TXN010162,2026-08-13,3,55,2,60.0
TXN010162,2026-08-13,3,48,1,24.0
TXN010162,2026-08-13,3,32,1,120.0
TXN010162,2026-08-13,3,15,1,110.0
TXN010162,2026-08-13,3,1,1,64.0
TXN010163,2026-08-13,3,1,3,192.0
TXN010163,2026-08-13,3,29,1,95.0
TXN010163,2026-08-13,3,13,1,60.0
TXN010164,2026-08-13,3,1,2,128.0
TXN010166,2026-08-13,3,42,1,620.0
TXN010168,2026-08-13,3,24,1,50.0
TXN010168,2026-08-13,3,53,2,80.0
TXN010168,2026-08-13,3,3,1,115.0
TXN010169,2026-08-13,3,59,1,35.0
TXN010170,2026-08-13,3,56,1,120.0
TXN010170,2026-08-13,3,30,1,40.0
TXN010171,2026-08-13,3,50,1,260.0
TXN010171,2026-08-13,3,43,3,720.0
TXN010171,2026-08-13,3,13,1,60.0
TXN010171,2026-08-13,3,25,1,280.0
TXN010171,2026-08-13,3,16,2,240.0
TXN010172,2026-08-13,3,33,1,85.0
TXN010172,2026-08-13,3,54,1,35.0
TXN010173,2026-08-13,3,53,1,40.0
TXN010173,2026-08-13,3,3,1,115.0
TXN010173,2026-08-13,3,5,1,95.0
TXN010173,2026-08-13,3,49,1,85.0
TXN010174,2026-08-13,3,51,1,180.0
TXN010175,2026-08-13,3,40,1,65.0
TXN010176,2026-08-13,3,30,2,80.0
TXN010176,2026-08-13,3,35,1,145.0
TXN010176,2026-08-13,3,50,1,260.0
TXN010177,2026-08-13,3,50,1,260.0
TXN010177,2026-08-13,3,33,1,85.0
TXN010178,2026-08-13,3,27,2,80.0
TXN010179,2026-08-13,3,55,2,60.0
TXN010179,2026-08-13,3,47,1,165.0
TXN010180,2026-08-14,1,32,1,120.0
TXN010180,2026-08-14,1,11,2,70.0
TXN010181,2026-08-14,1,39,1,140.0
TXN010182,2026-08-14,1,1,3,192.0
TXN010183,2026-08-14,1,42,2,1240.0
TXN010183,2026-08-14,1,26,1,450.0
TXN010183,2026-08-14,1,2,2,70.0
TXN010184,2026-08-14,1,60,1,40.0
TXN010185,2026-08-14,1,47,1,165.0
TXN010185,2026-08-14,1,45,1,135.0
TXN010185,2026-08-14,1,27,2,80.0
TXN010186,2026-08-14,1,48,2,48.0
TXN010186,2026-08-14,1,7,1,130.0
TXN010186,2026-08-14,1,13,1,60.0
TXN010187,2026-08-14,1,49,2,170.0
TXN010187,2026-08-14,1,5,1,95.0
TXN010187,2026-08-14,1,10,1,45.0
TXN010187,2026-08-14,1,22,1,30.0
TXN010188,2026-08-14,1,18,1,20.0
TXN010188,2026-08-14,1,31,1,175.0
TXN010188,2026-08-14,1,28,1,75.0
TXN010188,2026-08-14,1,4,1,140.0
TXN010189,2026-08-14,1,21,1,310.0
TXN010189,2026-08-14,1,25,2,560.0
TXN010189,2026-08-14,1,10,1,45.0
TXN010189,2026-08-14,1,28,1,75.0
TXN010190,2026-08-14,1,57,1,90.0
TXN010191,2026-08-14,1,29,2,190.0
TXN010192,2026-08-14,1,58,1,25.0
TXN010192,2026-08-14,1,25,2,560.0
TXN010192,2026-08-14,1,45,1,135.0
TXN010192,2026-08-14,1,1,2,128.0
TXN010193,2026-08-14,1,46,1,48.0
TXN010194,2026-08-14,1,19,1,110.0
TXN010194,2026-08-14,1,25,1,280.0
TXN010194,2026-08-14,1,51,1,180.0
TXN010195,2026-08-14,1,59,1,35.0
TXN010195,2026-08-14,1,51,1,180.0
TXN010195,2026-08-14,1,12,1,90.0
TXN010196,2026-08-14,1,12,2,180.0
TXN010197,2026-08-14,1,43,2,480.0
TXN010197,2026-08-14,1,32,1,120.0
TXN010197,2026-08-14,1,41,1,90.0
TXN010197,2026-08-14,1,27,2,80.0
TXN010197,2026-08-14,1,50,2,520.0
TXN010198,2026-08-14,1,18,2,40.0
TXN010198,2026-08-14,1,54,1,35.0
TXN010199,2026-08-14,1,30,1,40.0
TXN010199,2026-08-14,1,29,1,95.0
TXN010199,2026-08-14,1,39,3,420.0
TXN010199,2026-08-14,1,55,2,60.0
TXN010200,2026-08-14,1,27,2,80.0
TXN010201,2026-08-14,1,8,1,84.0
TXN010201,2026-08-14,1,12,1,90.0
TXN010201,2026-08-14,1,55,3,90.0
TXN010201,2026-08-14,1,30,1,40.0
TXN010201,2026-08-14,1,23,1,25.0
TXN010202,2026-08-14,1,10,1,45.0
TXN010202,2026-08-14,1,21,1,310.0
TXN010203,2026-08-14,1,5,1,95.0
TXN010203,2026-08-14,1,2,1,35.0
TXN010203,2026-08-14,1,25,3,840.0
TXN010204,2026-08-14,1,59,1,35.0
TXN010204,2026-08-14,1,26,1,450.0
TXN010204,2026-08-14,1,40,1,65.0
TXN010205,2026-08-14,1,48,1,24.0
TXN010205,2026-08-14,1,27,2,80.0
TXN010205,2026-08-14,1,58,1,25.0
TXN010205,2026-08-14,1,21,1,310.0
TXN010205,2026-08-14,1,5,1,95.0
TXN010206,2026-08-14,1,33,1,85.0
TXN010206,2026-08-14,1,2,1,35.0
TXN010207,2026-08-14,1,30,2,80.0
TXN010207,2026-08-14,1,50,1,260.0
TXN010208,2026-08-14,1,59,1,35.0
TXN010208,2026-08-14,1,2,1,35.0
TXN010209,2026-08-14,1,13,2,120.0
TXN010209,2026-08-14,1,25,3,840.0
TXN010210,2026-08-14,1,50,1,260.0
TXN010210,2026-08-14,1,16,1,120.0
TXN010211,2026-08-14,1,60,1,40.0
TXN010212,2026-08-14,1,42,3,1860.0
TXN010212,2026-08-14,1,60,2,80.0
TXN010212,2026-08-14,1,5,2,190.0
TXN010213,2026-08-14,1,35,1,145.0
TXN010213,2026-08-14,1,52,1,50.0
TXN010214,2026-08-14,2,53,2,80.0
TXN010216,2026-08-14,2,53,2,80.0
TXN010216,2026-08-14,2,21,1,310.0
TXN010216,2026-08-14,2,51,2,360.0
TXN010217,2026-08-14,2,49,1,85.0
TXN010217,2026-08-14,2,27,1,40.0
TXN010217,2026-08-14,2,1,2,128.0
TXN010217,2026-08-14,2,24,1,50.0
TXN010218,2026-08-14,2,14,1,80.0
TXN010218,2026-08-14,2,41,1,90.0
TXN010219,2026-08-14,2,33,1,85.0
TXN010220,2026-08-14,2,53,2,80.0
TXN010220,2026-08-14,2,32,1,120.0
TXN010220,2026-08-14,2,4,1,140.0
TXN010221,2026-08-14,2,48,2,48.0
TXN010221,2026-08-14,2,25,1,280.0
TXN010221,2026-08-14,2,43,1,240.0
TXN010221,2026-08-14,2,53,1,40.0
TXN010222,2026-08-14,2,17,1,45.0
TXN010224,2026-08-14,2,36,1,105.0
TXN010224,2026-08-14,2,8,2,168.0
TXN010224,2026-08-14,2,49,1,85.0
TXN010224,2026-08-14,2,60,1,40.0
TXN010225,2026-08-14,2,25,2,560.0
TXN010225,2026-08-14,2,52,2,100.0
TXN010226,2026-08-14,2,16,2,240.0
TXN010226,2026-08-14,2,36,2,210.0
TXN010226,2026-08-14,2,15,2,220.0
TXN010227,2026-08-14,2,13,1,60.0
TXN010228,2026-08-14,2,4,1,140.0
TXN010228,2026-08-14,2,15,1,110.0
TXN010229,2026-08-14,2,36,2,210.0
TXN010229,2026-08-14,2,18,2,40.0
TXN010230,2026-08-14,2,7,1,130.0
TXN010231,2026-08-14,2,42,1,620.0
TXN010231,2026-08-14,2,5,1,95.0
TXN010231,2026-08-14,2,58,1,25.0
TXN010232,2026-08-14,2,24,1,50.0
TXN010233,2026-08-14,2,32,2,240.0
TXN010233,2026-08-14,2,55,1,30.0
TXN010235,2026-08-14,2,56,1,120.0
TXN010236,2026-08-14,2,2,2,70.0
TXN010236,2026-08-14,2,29,1,95.0
TXN010236,2026-08-14,2,19,1,110.0
TXN010237,2026-08-14,2,58,1,25.0
TXN010237,2026-08-14,2,32,1,120.0
TXN010238,2026-08-14,2,58,1,25.0
TXN010238,2026-08-14,2,28,1,75.0
TXN010238,2026-08-14,2,51,1,180.0
TXN010238,2026-08-14,2,56,1,120.0
TXN010239,2026-08-14,2,24,1,50.0
TXN010239,2026-08-14,2,42,2,1240.0
TXN010240,2026-08-14,2,52,1,50.0
TXN010240,2026-08-14,2,36,2,210.0
TXN010241,2026-08-14,2,15,1,110.0
TXN010241,2026-08-14,2,45,2,270.0
TXN010243,2026-08-14,2,36,2,210.0
TXN010243,2026-08-14,2,5,1,95.0
TXN010244,2026-08-14,2,42,1,620.0
TXN010244,2026-08-14,2,9,3,120.0
TXN010244,2026-08-14,2,6,1,30.0
TXN010245,2026-08-14,2,55,1,30.0
TXN010245,2026-08-14,2,11,1,35.0
TXN010246,2026-08-14,2,58,1,25.0
TXN010247,2026-08-14,2,53,2,80.0
TXN010248,2026-08-14,2,59,2,70.0
TXN010248,2026-08-14,2,27,2,80.0
TXN010250,2026-08-14,3,18,1,20.0
TXN010252,2026-08-14,3,29,2,190.0
TXN010252,2026-08-14,3,50,2,520.0
TXN010252,2026-08-14,3,41,1,90.0
TXN010252,2026-08-14,3,54,2,70.0
TXN010252,2026-08-14,3,23,1,25.0
TXN010253,2026-08-14,3,53,1,40.0
TXN010253,2026-08-14,3,18,1,20.0
TXN010253,2026-08-14,3,4,1,140.0
TXN010254,2026-08-14,3,53,1,40.0
TXN010254,2026-08-14,3,51,1,180.0
TXN010254,2026-08-14,3,12,1,90.0
TXN010255,2026-08-14,3,51,1,180.0
TXN010256,2026-08-14,3,25,1,280.0
TXN010256,2026-08-14,3,60,1,40.0
TXN010258,2026-08-14,3,12,1,90.0
TXN010258,2026-08-14,3,13,1,60.0
TXN010258,2026-08-14,3,27,1,40.0
TXN010259,2026-08-14,3,36,1,105.0
TXN010259,2026-08-14,3,45,1,135.0
TXN010259,2026-08-14,3,40,1,65.0
TXN010260,2026-08-14,3,6,1,30.0
TXN010261,2026-08-14,3,5,1,95.0
TXN010262,2026-08-14,3,14,2,160.0
TXN010262,2026-08-14,3,50,1,260.0
TXN010262,2026-08-14,3,48,1,24.0
TXN010263,2026-08-14,3,18,1,20.0
TXN010263,2026-08-14,3,2,2,70.0
TXN010263,2026-08-14,3,32,1,120.0
TXN010264,2026-08-14,3,23,1,25.0
TXN010264,2026-08-14,3,59,1,35.0
TXN010264,2026-08-14,3,11,1,35.0
TXN010264,2026-08-14,3,36,2,210.0
TXN010265,2026-08-14,3,42,2,1240.0
TXN010265,2026-08-14,3,57,1,90.0
TXN010266,2026-08-14,3,9,2,80.0
TXN010267,2026-08-14,3,60,1,40.0
TXN010267,2026-08-14,3,51,1,180.0
TXN010267,2026-08-14,3,47,1,165.0
TXN010269,2026-08-14,3,6,1,30.0
TXN010270,2026-08-14,3,43,1,240.0
TXN010270,2026-08-14,3,1,2,128.0
TXN010271,2026-08-14,3,5,1,95.0
TXN010272,2026-08-14,3,27,1,40.0
TXN010272,2026-08-14,3,42,2,1240.0
TXN010273,2026-08-14,3,8,1,84.0
TXN010273,2026-08-14,3,52,1,50.0
TXN010273,2026-08-14,3,32,1,120.0
TXN010273,2026-08-14,3,40,1,65.0
TXN010273,2026-08-14,3,25,1,280.0
TXN010274,2026-08-14,3,25,1,280.0
TXN010274,2026-08-14,3,22,1,30.0
TXN010275,2026-08-14,3,52,2,100.0
TXN010275,2026-08-14,3,24,1,50.0
TXN010276,2026-08-14,3,23,1,25.0
TXN010276,2026-08-14,3,35,1,145.0
TXN010276,2026-08-14,3,53,1,40.0
TXN010277,2026-08-14,3,56,1,120.0
TXN010278,2026-08-14,3,56,1,120.0
TXN010278,2026-08-14,3,5,1,95.0
TXN010278,2026-08-14,3,2,1,35.0
TXN010280,2026-08-15,1,39,1,140.0
TXN010281,2026-08-15,1,36,3,315.0
TXN010281,2026-08-15,1,5,2,190.0
TXN010281,2026-08-15,1,45,2,270.0
TXN010281,2026-08-15,1,18,1,20.0
TXN010282,2026-08-15,1,1,3,192.0
TXN010282,2026-08-15,1,48,1,24.0
TXN010282,2026-08-15,1,30,1,40.0
TXN010284,2026-08-15,1,25,1,280.0
TXN010284,2026-08-15,1,55,2,60.0
TXN010285,2026-08-15,1,12,1,90.0
TXN010285,2026-08-15,1,6,3,90.0
TXN010285,2026-08-15,1,15,1,110.0
TXN010285,2026-08-15,1,11,1,35.0
TXN010286,2026-08-15,1,52,2,100.0
TXN010286,2026-08-15,1,25,2,560.0
TXN010286,2026-08-15,1,6,1,30.0
TXN010286,2026-08-15,1,3,2,230.0
TXN010287,2026-08-15,1,36,1,105.0
TXN010288,2026-08-15,1,3,1,115.0
TXN010288,2026-08-15,1,56,1,120.0
TXN010288,2026-08-15,1,45,2,270.0
TXN010290,2026-08-15,1,39,1,140.0
TXN010291,2026-08-15,1,18,1,20.0
TXN010292,2026-08-15,1,43,2,480.0
TXN010292,2026-08-15,1,58,2,50.0
TXN010292,2026-08-15,1,54,3,105.0
TXN010293,2026-08-15,1,1,4,256.0
TXN010293,2026-08-15,1,18,3,60.0
TXN010294,2026-08-15,1,36,2,210.0
TXN010295,2026-08-15,1,11,1,35.0
TXN010295,2026-08-15,1,31,1,175.0
TXN010295,2026-08-15,1,15,1,110.0
TXN010296,2026-08-15,1,23,1,25.0
TXN010296,2026-08-15,1,56,1,120.0
TXN010296,2026-08-15,1,27,2,80.0
TXN010296,2026-08-15,1,32,2,240.0
TXN010297,2026-08-15,1,47,2,330.0
TXN010297,2026-08-15,1,2,2,70.0
TXN010297,2026-08-15,1,45,3,405.0
TXN010298,2026-08-15,1,8,3,252.0
TXN010298,2026-08-15,1,4,1,140.0
TXN010298,2026-08-15,1,7,2,260.0
TXN010299,2026-08-15,1,46,1,48.0
TXN010299,2026-08-15,1,12,1,90.0
TXN010299,2026-08-15,1,11,1,35.0
TXN010299,2026-08-15,1,17,4,180.0
TXN010300,2026-08-15,1,46,3,144.0
TXN010300,2026-08-15,1,48,3,72.0
TXN010301,2026-08-15,1,12,2,180.0
TXN010301,2026-08-15,1,45,1,135.0
TXN010301,2026-08-15,1,9,2,80.0
TXN010301,2026-08-15,1,4,2,280.0
TXN010302,2026-08-15,1,25,2,560.0
TXN010302,2026-08-15,1,5,1,95.0
TXN010302,2026-08-15,1,36,2,210.0
TXN010302,2026-08-15,1,48,2,48.0
TXN010303,2026-08-15,1,52,1,50.0
TXN010303,2026-08-15,1,5,1,95.0
TXN010304,2026-08-15,1,23,1,25.0
TXN010305,2026-08-15,1,5,1,95.0
TXN010305,2026-08-15,1,33,2,170.0
TXN010305,2026-08-15,1,12,2,180.0
TXN010306,2026-08-15,1,27,3,120.0
TXN010306,2026-08-15,1,8,2,168.0
TXN010306,2026-08-15,1,52,2,100.0
TXN010306,2026-08-15,1,29,2,190.0
TXN010306,2026-08-15,1,33,2,170.0
TXN010307,2026-08-15,1,56,1,120.0
TXN010307,2026-08-15,1,13,1,60.0
TXN010307,2026-08-15,1,10,2,90.0
TXN010307,2026-08-15,1,17,4,180.0
TXN010308,2026-08-15,1,48,1,24.0
TXN010308,2026-08-15,1,15,2,220.0
TXN010309,2026-08-15,1,32,1,120.0
TXN010310,2026-08-15,1,51,1,180.0
TXN010310,2026-08-15,1,57,1,90.0
TXN010311,2026-08-15,1,11,1,35.0
TXN010311,2026-08-15,1,1,4,256.0
TXN010311,2026-08-15,1,45,2,270.0
TXN010311,2026-08-15,1,17,3,135.0
TXN010314,2026-08-15,1,31,1,175.0
TXN010314,2026-08-15,1,4,2,280.0
TXN010315,2026-08-15,1,47,3,495.0
TXN010315,2026-08-15,1,5,2,190.0
TXN010315,2026-08-15,1,32,2,240.0
TXN010316,2026-08-15,1,10,2,90.0
TXN010317,2026-08-15,1,51,2,360.0
TXN010318,2026-08-15,1,27,2,80.0
TXN010318,2026-08-15,1,11,1,35.0
TXN010319,2026-08-15,1,36,2,210.0
TXN010320,2026-08-15,1,6,2,60.0
TXN010320,2026-08-15,1,46,1,48.0
TXN010320,2026-08-15,1,15,1,110.0
TXN010320,2026-08-15,1,41,1,90.0
TXN010321,2026-08-15,1,51,1,180.0
TXN010322,2026-08-15,1,52,2,100.0
TXN010322,2026-08-15,1,54,1,35.0
TXN010322,2026-08-15,1,16,1,120.0
TXN010323,2026-08-15,1,15,1,110.0
TXN010323,2026-08-15,1,4,1,140.0
TXN010324,2026-08-15,1,30,2,80.0
TXN010325,2026-08-15,1,35,1,145.0
TXN010326,2026-08-15,1,14,1,80.0
TXN010326,2026-08-15,1,59,1,35.0
TXN010326,2026-08-15,1,48,2,48.0
TXN010327,2026-08-15,1,33,2,170.0
TXN010327,2026-08-15,1,58,1,25.0
TXN010327,2026-08-15,1,2,2,70.0
TXN010327,2026-08-15,1,48,3,72.0
TXN010328,2026-08-15,1,11,1,35.0
TXN010329,2026-08-15,1,51,1,180.0
TXN010329,2026-08-15,1,10,2,90.0
TXN010330,2026-08-15,1,40,1,65.0
TXN010330,2026-08-15,1,5,1,95.0
TXN010330,2026-08-15,1,13,1,60.0
TXN010330,2026-08-15,1,59,1,35.0
TXN010331,2026-08-15,1,41,1,90.0
TXN010331,2026-08-15,1,42,1,620.0
TXN010331,2026-08-15,1,17,3,135.0
TXN010332,2026-08-15,1,17,3,135.0
TXN010332,2026-08-15,1,18,1,20.0
TXN010332,2026-08-15,1,11,1,35.0
TXN010333,2026-08-15,2,59,1,35.0
TXN010333,2026-08-15,2,1,2,128.0
TXN010334,2026-08-15,2,29,2,190.0
TXN010335,2026-08-15,2,43,1,240.0
TXN010335,2026-08-15,2,29,2,190.0
TXN010335,2026-08-15,2,18,2,40.0
TXN010335,2026-08-15,2,35,1,145.0
TXN010336,2026-08-15,2,53,2,80.0
TXN010336,2026-08-15,2,26,1,450.0
TXN010337,2026-08-15,2,32,2,240.0
TXN010337,2026-08-15,2,22,1,30.0
TXN010337,2026-08-15,2,16,1,120.0
TXN010337,2026-08-15,2,33,1,85.0
TXN010338,2026-08-15,2,24,1,50.0
TXN010338,2026-08-15,2,13,1,60.0
TXN010338,2026-08-15,2,9,3,120.0
TXN010338,2026-08-15,2,18,1,20.0
TXN010339,2026-08-15,2,51,1,180.0
TXN010340,2026-08-15,2,37,1,160.0
TXN010340,2026-08-15,2,56,1,120.0
TXN010340,2026-08-15,2,51,2,360.0
TXN010341,2026-08-15,2,6,1,30.0
TXN010341,2026-08-15,2,27,1,40.0
TXN010342,2026-08-15,2,5,1,95.0
TXN010342,2026-08-15,2,25,2,560.0
TXN010343,2026-08-15,2,4,1,140.0
TXN010343,2026-08-15,2,41,1,90.0
TXN010343,2026-08-15,2,18,1,20.0
TXN010343,2026-08-15,2,58,1,25.0
TXN010344,2026-08-15,2,16,2,240.0
TXN010344,2026-08-15,2,48,3,72.0
TXN010344,2026-08-15,2,2,2,70.0
TXN010345,2026-08-15,2,1,3,192.0
TXN010345,2026-08-15,2,42,1,620.0
TXN010345,2026-08-15,2,18,3,60.0
TXN010346,2026-08-15,2,55,2,60.0
TXN010347,2026-08-15,2,8,1,84.0
TXN010347,2026-08-15,2,39,2,280.0
TXN010347,2026-08-15,2,14,1,80.0
TXN010348,2026-08-15,2,59,1,35.0
TXN010348,2026-08-15,2,13,1,60.0
TXN010348,2026-08-15,2,45,1,135.0
TXN010349,2026-08-15,2,36,2,210.0
TXN010349,2026-08-15,2,14,1,80.0
TXN010349,2026-08-15,2,11,1,35.0
TXN010350,2026-08-15,2,59,1,35.0
TXN010350,2026-08-15,2,60,1,40.0
TXN010350,2026-08-15,2,8,3,252.0
TXN010351,2026-08-15,2,59,1,35.0
TXN010351,2026-08-15,2,18,2,40.0
TXN010351,2026-08-15,2,9,2,80.0
TXN010352,2026-08-15,2,27,1,40.0
TXN010353,2026-08-15,2,43,1,240.0
TXN010354,2026-08-15,2,51,2,360.0
TXN010354,2026-08-15,2,49,2,170.0
TXN010354,2026-08-15,2,4,2,280.0
TXN010355,2026-08-15,2,33,1,85.0
TXN010355,2026-08-15,2,36,1,105.0
TXN010355,2026-08-15,2,18,1,20.0
TXN010355,2026-08-15,2,10,1,45.0
TXN010356,2026-08-15,2,23,1,25.0
TXN010357,2026-08-15,2,17,3,135.0
TXN010358,2026-08-15,2,32,1,120.0
TXN010358,2026-08-15,2,60,1,40.0
TXN010359,2026-08-15,2,45,2,270.0
TXN010359,2026-08-15,2,18,1,20.0
TXN010360,2026-08-15,2,47,2,330.0
TXN010360,2026-08-15,2,10,1,45.0
TXN010360,2026-08-15,2,22,2,60.0
TXN010360,2026-08-15,2,14,2,160.0
TXN010361,2026-08-15,2,2,1,35.0
TXN010361,2026-08-15,2,5,1,95.0
TXN010361,2026-08-15,2,7,1,130.0
TXN010361,2026-08-15,2,42,2,1240.0
TXN010361,2026-08-15,2,43,2,480.0
TXN010362,2026-08-15,2,47,1,165.0
TXN010362,2026-08-15,2,13,1,60.0
TXN010362,2026-08-15,2,2,1,35.0
TXN010362,2026-08-15,2,59,1,35.0
TXN010363,2026-08-15,2,43,1,240.0
TXN010364,2026-08-15,2,47,1,165.0
TXN010364,2026-08-15,2,4,1,140.0
TXN010364,2026-08-15,2,5,1,95.0
TXN010364,2026-08-15,2,35,2,290.0
TXN010365,2026-08-15,2,18,2,40.0
TXN010365,2026-08-15,2,4,1,140.0
TXN010365,2026-08-15,2,45,2,270.0
TXN010366,2026-08-15,2,48,1,24.0
TXN010366,2026-08-15,2,59,1,35.0
TXN010366,2026-08-15,2,5,1,95.0
TXN010367,2026-08-15,2,16,2,240.0
TXN010367,2026-08-15,2,23,2,50.0
TXN010367,2026-08-15,2,3,1,115.0
TXN010367,2026-08-15,2,52,1,50.0
TXN010368,2026-08-15,2,5,1,95.0
TXN010368,2026-08-15,2,25,2,560.0
TXN010368,2026-08-15,2,15,3,330.0
TXN010369,2026-08-15,2,23,2,50.0
TXN010369,2026-08-15,2,27,1,40.0
TXN010369,2026-08-15,2,55,2,60.0
TXN010370,2026-08-15,2,53,1,40.0
TXN010371,2026-08-15,2,15,2,220.0
TXN010371,2026-08-15,2,22,2,60.0
TXN010372,2026-08-15,2,32,1,120.0
TXN010373,2026-08-15,2,8,1,84.0
TXN010374,2026-08-15,2,12,2,180.0
TXN010374,2026-08-15,2,35,1,145.0
TXN010374,2026-08-15,2,37,1,160.0
TXN010374,2026-08-15,2,5,1,95.0
TXN010374,2026-08-15,2,16,2,240.0
TXN010375,2026-08-15,2,23,2,50.0
TXN010377,2026-08-15,3,58,1,25.0
TXN010377,2026-08-15,3,14,1,80.0
TXN010378,2026-08-15,3,48,2,48.0
TXN010378,2026-08-15,3,46,1,48.0
TXN010378,2026-08-15,3,29,1,95.0
TXN010379,2026-08-15,3,52,1,50.0
TXN010379,2026-08-15,3,56,1,120.0
TXN010379,2026-08-15,3,54,1,35.0
TXN010379,2026-08-15,3,18,2,40.0
TXN010380,2026-08-15,3,55,1,30.0
TXN010381,2026-08-15,3,3,1,115.0
TXN010382,2026-08-15,3,7,1,130.0
TXN010382,2026-08-15,3,25,1,280.0
TXN010382,2026-08-15,3,43,1,240.0
TXN010382,2026-08-15,3,26,1,450.0
TXN010383,2026-08-15,3,24,1,50.0
TXN010384,2026-08-15,3,59,1,35.0
TXN010386,2026-08-15,3,1,3,192.0
TXN010386,2026-08-15,3,49,2,170.0
TXN010386,2026-08-15,3,7,2,260.0
TXN010387,2026-08-15,3,32,1,120.0
TXN010388,2026-08-15,3,32,1,120.0
TXN010388,2026-08-15,3,47,2,330.0
TXN010388,2026-08-15,3,43,1,240.0
TXN010389,2026-08-15,3,50,1,260.0
TXN010389,2026-08-15,3,45,1,135.0
TXN010389,2026-08-15,3,16,1,120.0
TXN010390,2026-08-15,3,46,1,48.0
TXN010390,2026-08-15,3,24,2,100.0
TXN010390,2026-08-15,3,6,2,60.0
TXN010390,2026-08-15,3,17,2,90.0
TXN010391,2026-08-15,3,28,1,75.0
TXN010391,2026-08-15,3,48,1,24.0
TXN010392,2026-08-15,3,30,1,40.0
TXN010392,2026-08-15,3,49,1,85.0
TXN010393,2026-08-15,3,1,2,128.0
TXN010393,2026-08-15,3,37,1,160.0
TXN010393,2026-08-15,3,59,1,35.0
TXN010393,2026-08-15,3,6,1,30.0
TXN010393,2026-08-15,3,42,1,620.0
TXN010394,2026-08-15,3,7,1,130.0
TXN010394,2026-08-15,3,35,1,145.0
TXN010394,2026-08-15,3,51,1,180.0
TXN010395,2026-08-15,3,4,2,280.0
TXN010395,2026-08-15,3,33,1,85.0
TXN010396,2026-08-15,3,36,1,105.0
TXN010397,2026-08-15,3,43,2,480.0
TXN010397,2026-08-15,3,18,2,40.0
TXN010398,2026-08-15,3,53,1,40.0
TXN010398,2026-08-15,3,30,1,40.0
TXN010398,2026-08-15,3,24,1,50.0
TXN010398,2026-08-15,3,59,1,35.0
TXN010399,2026-08-15,3,9,3,120.0
TXN010399,2026-08-15,3,12,1,90.0
TXN010400,2026-08-15,3,46,1,48.0
TXN010401,2026-08-15,3,30,1,40.0
TXN010402,2026-08-15,3,50,2,520.0
TXN010402,2026-08-15,3,12,1,90.0
TXN010403,2026-08-15,3,12,1,90.0
TXN010403,2026-08-15,3,2,1,35.0
TXN010405,2026-08-15,3,30,1,40.0
TXN010405,2026-08-15,3,47,1,165.0
TXN010405,2026-08-15,3,33,1,85.0
TXN010406,2026-08-15,3,10,1,45.0
TXN010406,2026-08-15,3,14,1,80.0
TXN010407,2026-08-15,3,48,1,24.0
TXN010407,2026-08-15,3,33,1,85.0
TXN010408,2026-08-15,3,14,1,80.0
TXN010408,2026-08-15,3,48,2,48.0
TXN010409,2026-08-16,1,35,1,145.0
TXN010409,2026-08-16,1,21,1,310.0
TXN010410,2026-08-16,1,8,1,84.0
TXN010410,2026-08-16,1,21,1,310.0
TXN010410,2026-08-16,1,18,2,40.0
TXN010411,2026-08-16,1,60,1,40.0
TXN010411,2026-08-16,1,4,1,140.0
TXN010411,2026-08-16,1,19,1,110.0
TXN010411,2026-08-16,1,16,2,240.0
TXN010412,2026-08-16,1,33,1,85.0
TXN010412,2026-08-16,1,36,2,210.0
TXN010412,2026-08-16,1,49,2,170.0
TXN010413,2026-08-16,1,48,2,48.0
TXN010413,2026-08-16,1,24,2,100.0
TXN010414,2026-08-16,1,13,1,60.0
TXN010414,2026-08-16,1,16,1,120.0
TXN010414,2026-08-16,1,50,1,260.0
TXN010415,2026-08-16,1,4,1,140.0
TXN010415,2026-08-16,1,7,2,260.0
TXN010415,2026-08-16,1,23,2,50.0
TXN010416,2026-08-16,1,22,1,30.0
TXN010416,2026-08-16,1,18,1,20.0
TXN010416,2026-08-16,1,23,1,25.0
TXN010416,2026-08-16,1,1,3,192.0
TXN010418,2026-08-16,1,27,3,120.0
TXN010418,2026-08-16,1,47,2,330.0
TXN010419,2026-08-16,1,36,2,210.0
TXN010419,2026-08-16,1,16,2,240.0
TXN010419,2026-08-16,1,21,1,310.0
TXN010420,2026-08-16,1,12,1,90.0
TXN010421,2026-08-16,1,4,1,140.0
TXN010421,2026-08-16,1,8,3,252.0
TXN010422,2026-08-16,1,16,1,120.0
TXN010423,2026-08-16,1,25,1,280.0
TXN010423,2026-08-16,1,35,1,145.0
TXN010424,2026-08-16,1,8,2,168.0
TXN010425,2026-08-16,1,18,1,20.0
TXN010426,2026-08-16,1,3,2,230.0
TXN010426,2026-08-16,1,54,2,70.0
TXN010426,2026-08-16,1,50,2,520.0
TXN010426,2026-08-16,1,19,1,110.0
TXN010427,2026-08-16,1,14,2,160.0
TXN010427,2026-08-16,1,2,1,35.0
TXN010427,2026-08-16,1,40,1,65.0
TXN010427,2026-08-16,1,28,1,75.0
TXN010427,2026-08-16,1,27,1,40.0
TXN010428,2026-08-16,1,48,3,72.0
TXN010428,2026-08-16,1,21,1,310.0
TXN010428,2026-08-16,1,32,2,240.0
TXN010429,2026-08-16,1,3,1,115.0
TXN010429,2026-08-16,1,17,3,135.0
TXN010429,2026-08-16,1,23,2,50.0
TXN010429,2026-08-16,1,22,2,60.0
TXN010429,2026-08-16,1,41,2,180.0
TXN010430,2026-08-16,1,5,2,190.0
TXN010430,2026-08-16,1,45,2,270.0
TXN010431,2026-08-16,1,36,2,210.0
TXN010432,2026-08-16,1,8,1,84.0
TXN010434,2026-08-16,1,2,2,70.0
TXN010434,2026-08-16,1,3,1,115.0
TXN010434,2026-08-16,1,29,1,95.0
TXN010434,2026-08-16,1,48,1,24.0
TXN010435,2026-08-16,1,55,1,30.0
TXN010436,2026-08-16,1,59,1,35.0
TXN010436,2026-08-16,1,1,2,128.0
TXN010436,2026-08-16,1,45,2,270.0
TXN010437,2026-08-16,1,60,1,40.0
TXN010437,2026-08-16,1,13,1,60.0
TXN010437,2026-08-16,1,53,2,80.0
TXN010438,2026-08-16,1,3,1,115.0
TXN010438,2026-08-16,1,39,2,280.0
TXN010438,2026-08-16,1,35,1,145.0
TXN010439,2026-08-16,1,51,2,360.0
TXN010439,2026-08-16,1,19,1,110.0
TXN010440,2026-08-16,1,4,1,140.0
TXN010440,2026-08-16,1,24,1,50.0
TXN010441,2026-08-16,1,39,2,280.0
TXN010441,2026-08-16,1,17,3,135.0
TXN010441,2026-08-16,1,31,1,175.0
TXN010441,2026-08-16,1,43,3,720.0
TXN010442,2026-08-16,1,14,1,80.0
TXN010442,2026-08-16,1,55,2,60.0
TXN010443,2026-08-16,1,50,1,260.0
TXN010443,2026-08-16,1,15,2,220.0
TXN010443,2026-08-16,1,43,1,240.0
TXN010444,2026-08-16,1,27,2,80.0
TXN010444,2026-08-16,1,10,2,90.0
TXN010444,2026-08-16,1,56,1,120.0
TXN010444,2026-08-16,1,2,2,70.0
TXN010444,2026-08-16,1,3,1,115.0
TXN010445,2026-08-16,1,43,1,240.0
TXN010445,2026-08-16,1,58,2,50.0
TXN010446,2026-08-16,1,45,2,270.0
TXN010446,2026-08-16,1,24,1,50.0
TXN010446,2026-08-16,1,23,2,50.0
TXN010447,2026-08-16,1,6,1,30.0
TXN010447,2026-08-16,1,53,2,80.0
TXN010447,2026-08-16,1,46,1,48.0
TXN010447,2026-08-16,1,60,2,80.0
TXN010447,2026-08-16,1,58,1,25.0
TXN010448,2026-08-16,1,9,3,120.0
TXN010448,2026-08-16,1,15,2,220.0
TXN010449,2026-08-16,1,41,1,90.0
TXN010449,2026-08-16,1,50,2,520.0
TXN010449,2026-08-16,1,45,3,405.0
TXN010450,2026-08-16,1,42,2,1240.0
TXN010451,2026-08-16,1,13,1,60.0
TXN010452,2026-08-16,2,31,1,175.0
TXN010452,2026-08-16,2,17,2,90.0
TXN010452,2026-08-16,2,55,2,60.0
TXN010453,2026-08-16,2,32,1,120.0
TXN010453,2026-08-16,2,22,1,30.0
TXN010454,2026-08-16,2,49,2,170.0
TXN010454,2026-08-16,2,60,1,40.0
TXN010455,2026-08-16,2,23,2,50.0
TXN010455,2026-08-16,2,25,1,280.0
TXN010455,2026-08-16,2,15,2,220.0
TXN010455,2026-08-16,2,58,1,25.0
TXN010456,2026-08-16,2,36,3,315.0
TXN010456,2026-08-16,2,39,2,280.0
TXN010456,2026-08-16,2,5,1,95.0
TXN010456,2026-08-16,2,40,1,65.0
TXN010457,2026-08-16,2,17,3,135.0
TXN010457,2026-08-16,2,12,1,90.0
TXN010458,2026-08-16,2,29,1,95.0
TXN010458,2026-08-16,2,30,1,40.0
TXN010459,2026-08-16,2,9,2,80.0
TXN010459,2026-08-16,2,43,1,240.0
TXN010460,2026-08-16,2,8,2,168.0
TXN010460,2026-08-16,2,7,1,130.0
TXN010460,2026-08-16,2,9,2,80.0
TXN010461,2026-08-16,2,51,2,360.0
TXN010461,2026-08-16,2,32,1,120.0
TXN010462,2026-08-16,2,5,2,190.0
TXN010462,2026-08-16,2,46,1,48.0
TXN010463,2026-08-16,2,36,2,210.0
TXN010464,2026-08-16,2,31,1,175.0
TXN010466,2026-08-16,2,43,2,480.0
TXN010466,2026-08-16,2,55,2,60.0
TXN010466,2026-08-16,2,41,1,90.0
TXN010466,2026-08-16,2,48,2,48.0
TXN010467,2026-08-16,2,45,1,135.0
TXN010468,2026-08-16,2,6,1,30.0
TXN010468,2026-08-16,2,23,2,50.0
TXN010468,2026-08-16,2,42,2,1240.0
TXN010468,2026-08-16,2,59,1,35.0
TXN010469,2026-08-16,2,39,1,140.0
TXN010470,2026-08-16,2,55,2,60.0
TXN010471,2026-08-16,2,32,1,120.0
TXN010471,2026-08-16,2,4,2,280.0
TXN010472,2026-08-16,2,18,2,40.0
TXN010473,2026-08-16,2,52,1,50.0
TXN010473,2026-08-16,2,43,1,240.0
TXN010474,2026-08-16,2,37,1,160.0
TXN010474,2026-08-16,2,28,1,75.0
TXN010474,2026-08-16,2,55,2,60.0
TXN010475,2026-08-16,2,5,1,95.0
TXN010476,2026-08-16,2,9,2,80.0
TXN010477,2026-08-16,2,23,1,25.0
TXN010477,2026-08-16,2,5,2,190.0
TXN010479,2026-08-16,2,16,2,240.0
TXN010480,2026-08-16,2,43,1,240.0
TXN010481,2026-08-16,2,46,1,48.0
TXN010481,2026-08-16,2,11,1,35.0
TXN010481,2026-08-16,2,12,1,90.0
TXN010482,2026-08-16,2,2,1,35.0
TXN010482,2026-08-16,2,6,2,60.0
TXN010482,2026-08-16,2,31,1,175.0
TXN010484,2026-08-16,2,55,2,60.0
TXN010485,2026-08-16,2,18,1,20.0
TXN010486,2026-08-16,2,29,3,285.0
TXN010487,2026-08-16,2,18,1,20.0
TXN010487,2026-08-16,2,54,1,35.0
TXN010488,2026-08-16,2,49,2,170.0
TXN010488,2026-08-16,2,15,1,110.0
TXN010488,2026-08-16,2,42,1,620.0
TXN010489,2026-08-16,2,30,2,80.0
TXN010489,2026-08-16,2,24,1,50.0
TXN010489,2026-08-16,2,29,2,190.0
TXN010490,2026-08-16,2,22,2,60.0
TXN010490,2026-08-16,2,41,2,180.0
TXN010491,2026-08-16,2,25,1,280.0
TXN010491,2026-08-16,2,17,2,90.0
TXN010491,2026-08-16,2,10,1,45.0
TXN010491,2026-08-16,2,5,2,190.0
TXN010491,2026-08-16,2,50,2,520.0
TXN010492,2026-08-16,2,31,1,175.0
TXN010492,2026-08-16,2,59,2,70.0
TXN010492,2026-08-16,2,54,1,35.0
TXN010493,2026-08-16,2,39,1,140.0
TXN010493,2026-08-16,2,51,1,180.0
TXN010495,2026-08-16,3,6,2,60.0
TXN010495,2026-08-16,3,19,1,110.0
TXN010496,2026-08-16,3,18,1,20.0
TXN010496,2026-08-16,3,55,2,60.0
TXN010496,2026-08-16,3,1,2,128.0
TXN010497,2026-08-16,3,48,1,24.0
TXN010498,2026-08-16,3,18,1,20.0
TXN010498,2026-08-16,3,11,1,35.0
TXN010498,2026-08-16,3,2,1,35.0
TXN010499,2026-08-16,3,40,1,65.0
TXN010499,2026-08-16,3,30,1,40.0
TXN010500,2026-08-16,3,36,1,105.0
TXN010501,2026-08-16,3,55,1,30.0
TXN010501,2026-08-16,3,43,2,480.0
TXN010501,2026-08-16,3,60,1,40.0
TXN010502,2026-08-16,3,45,1,135.0
TXN010503,2026-08-16,3,5,1,95.0
TXN010503,2026-08-16,3,57,1,90.0
TXN010503,2026-08-16,3,21,1,310.0
TXN010504,2026-08-16,3,22,1,30.0
TXN010504,2026-08-16,3,8,1,84.0
TXN010504,2026-08-16,3,47,3,495.0
TXN010505,2026-08-16,3,42,1,620.0
TXN010506,2026-08-16,3,30,1,40.0
TXN010508,2026-08-16,3,22,2,60.0
TXN010508,2026-08-16,3,6,1,30.0
TXN010508,2026-08-16,3,7,1,130.0
TXN010508,2026-08-16,3,36,1,105.0
TXN010509,2026-08-16,3,55,1,30.0
TXN010509,2026-08-16,3,35,2,290.0
TXN010509,2026-08-16,3,32,1,120.0
TXN010510,2026-08-16,3,40,1,65.0
TXN010511,2026-08-16,3,45,2,270.0
TXN010512,2026-08-16,3,2,1,35.0
TXN010512,2026-08-16,3,9,3,120.0
TXN010512,2026-08-16,3,13,1,60.0
TXN010513,2026-08-16,3,49,1,85.0
TXN010513,2026-08-16,3,47,1,165.0
TXN010514,2026-08-16,3,36,2,210.0
TXN010514,2026-08-16,3,42,1,620.0
TXN010515,2026-08-16,3,53,1,40.0
TXN010516,2026-08-16,3,30,2,80.0
TXN010516,2026-08-16,3,2,2,70.0
TXN010517,2026-08-16,3,11,1,35.0
TXN010517,2026-08-16,3,47,1,165.0
TXN010518,2026-08-16,3,12,2,180.0
TXN010520,2026-08-16,3,13,1,60.0
TXN010520,2026-08-16,3,8,2,168.0
TXN010521,2026-08-16,3,57,1,90.0
TXN010521,2026-08-16,3,12,1,90.0
TXN010522,2026-08-16,3,51,1,180.0
TXN010522,2026-08-16,3,46,1,48.0
TXN010522,2026-08-16,3,23,1,25.0
TXN010522,2026-08-16,3,13,1,60.0
TXN010522,2026-08-16,3,29,1,95.0
TXN010523,2026-08-16,3,12,1,90.0
TXN010523,2026-08-16,3,46,2,96.0
TXN010524,2026-08-16,3,30,2,80.0
TXN010524,2026-08-16,3,18,1,20.0
TXN010525,2026-08-17,1,16,2,240.0
TXN010526,2026-08-17,1,50,2,520.0
TXN010526,2026-08-17,1,17,1,45.0
TXN010526,2026-08-17,1,24,2,100.0
TXN010526,2026-08-17,1,51,1,180.0
TXN010527,2026-08-17,1,14,1,80.0
TXN010527,2026-08-17,1,1,2,128.0
TXN010527,2026-08-17,1,36,2,210.0
TXN010528,2026-08-17,1,18,2,40.0
TXN010529,2026-08-17,1,10,1,45.0
TXN010529,2026-08-17,1,9,2,80.0
TXN010530,2026-08-17,1,60,1,40.0
TXN010530,2026-08-17,1,5,1,95.0
TXN010532,2026-08-17,1,1,4,256.0
TXN010533,2026-08-17,1,36,1,105.0
TXN010533,2026-08-17,1,11,1,35.0
TXN010533,2026-08-17,1,14,1,80.0
TXN010534,2026-08-17,1,57,1,90.0
TXN010534,2026-08-17,1,29,2,190.0
TXN010534,2026-08-17,1,3,1,115.0
TXN010534,2026-08-17,1,56,1,120.0
TXN010535,2026-08-17,1,19,1,110.0
TXN010535,2026-08-17,1,16,3,360.0
TXN010535,2026-08-17,1,6,2,60.0
TXN010536,2026-08-17,1,37,1,160.0
TXN010536,2026-08-17,1,14,1,80.0
TXN010536,2026-08-17,1,52,2,100.0
TXN010536,2026-08-17,1,10,1,45.0
TXN010536,2026-08-17,1,7,1,130.0
TXN010538,2026-08-17,1,50,1,260.0
TXN010538,2026-08-17,1,43,1,240.0
TXN010539,2026-08-17,1,51,1,180.0
TXN010540,2026-08-17,1,55,1,30.0
TXN010540,2026-08-17,1,8,2,168.0
TXN010540,2026-08-17,1,4,1,140.0
TXN010540,2026-08-17,1,16,1,120.0
TXN010541,2026-08-17,1,51,2,360.0
TXN010541,2026-08-17,1,36,2,210.0
TXN010541,2026-08-17,1,42,2,1240.0
TXN010541,2026-08-17,1,14,1,80.0
TXN010541,2026-08-17,1,57,1,90.0
TXN010542,2026-08-17,1,32,1,120.0
TXN010543,2026-08-17,1,52,1,50.0
TXN010543,2026-08-17,1,46,2,96.0
TXN010544,2026-08-17,1,18,1,20.0
TXN010544,2026-08-17,1,36,1,105.0
TXN010545,2026-08-17,1,11,1,35.0
TXN010546,2026-08-17,1,53,2,80.0
TXN010546,2026-08-17,1,22,1,30.0
TXN010547,2026-08-17,1,6,1,30.0
TXN010547,2026-08-17,1,45,1,135.0
TXN010547,2026-08-17,1,54,2,70.0
TXN010548,2026-08-17,1,35,2,290.0
TXN010548,2026-08-17,1,58,1,25.0
TXN010548,2026-08-17,1,52,1,50.0
TXN010548,2026-08-17,1,59,1,35.0
TXN010549,2026-08-17,1,2,1,35.0
TXN010549,2026-08-17,1,6,1,30.0
TXN010549,2026-08-17,1,5,2,190.0
TXN010550,2026-08-17,1,46,2,96.0
TXN010550,2026-08-17,1,55,2,60.0
TXN010550,2026-08-17,1,8,1,84.0
TXN010551,2026-08-17,1,4,1,140.0
TXN010551,2026-08-17,1,30,1,40.0
TXN010552,2026-08-17,1,27,2,80.0
TXN010552,2026-08-17,1,47,1,165.0
TXN010553,2026-08-17,1,31,1,175.0
TXN010553,2026-08-17,1,12,2,180.0
TXN010553,2026-08-17,1,47,2,330.0
TXN010554,2026-08-17,1,5,1,95.0
TXN010554,2026-08-17,1,52,2,100.0
TXN010555,2026-08-17,1,12,2,180.0
TXN010556,2026-08-17,1,1,3,192.0
TXN010556,2026-08-17,1,23,1,25.0
TXN010557,2026-08-17,1,52,1,50.0
TXN010557,2026-08-17,1,48,2,48.0
TXN010557,2026-08-17,1,8,2,168.0
TXN010557,2026-08-17,1,46,2,96.0
TXN010558,2026-08-17,1,52,1,50.0
TXN010558,2026-08-17,1,32,1,120.0
TXN010559,2026-08-17,1,37,1,160.0
TXN010559,2026-08-17,1,32,1,120.0
TXN010559,2026-08-17,1,3,1,115.0
TXN010559,2026-08-17,1,28,1,75.0
TXN010559,2026-08-17,1,59,1,35.0
TXN010560,2026-08-17,1,47,2,330.0
TXN010560,2026-08-17,1,23,2,50.0
TXN010561,2026-08-17,1,13,1,60.0
TXN010561,2026-08-17,1,19,1,110.0
TXN010561,2026-08-17,1,45,1,135.0
TXN010561,2026-08-17,1,10,1,45.0
TXN010562,2026-08-17,1,2,2,70.0
TXN010562,2026-08-17,1,30,1,40.0
TXN010562,2026-08-17,1,42,1,620.0
TXN010563,2026-08-17,1,43,2,480.0
TXN010564,2026-08-17,1,53,2,80.0
TXN010565,2026-08-17,1,52,1,50.0
TXN010565,2026-08-17,1,15,1,110.0
TXN010565,2026-08-17,1,55,2,60.0
TXN010565,2026-08-17,1,19,1,110.0
TXN010566,2026-08-17,1,4,1,140.0
TXN010566,2026-08-17,1,27,1,40.0
TXN010566,2026-08-17,1,43,2,480.0
TXN010566,2026-08-17,1,58,2,50.0
TXN010567,2026-08-17,1,45,2,270.0
TXN010567,2026-08-17,1,29,2,190.0
TXN010567,2026-08-17,1,52,1,50.0
TXN010568,2026-08-17,1,4,1,140.0
TXN010568,2026-08-17,1,51,2,360.0
TXN010568,2026-08-17,1,2,2,70.0
TXN010569,2026-08-17,1,17,2,90.0
TXN010569,2026-08-17,1,8,2,168.0
TXN010570,2026-08-17,1,28,1,75.0
TXN010570,2026-08-17,1,27,2,80.0
TXN010571,2026-08-17,1,3,1,115.0
TXN010571,2026-08-17,1,54,2,70.0
TXN010571,2026-08-17,1,6,1,30.0
TXN010571,2026-08-17,1,9,2,80.0
TXN010571,2026-08-17,1,47,3,495.0
TXN010572,2026-08-17,1,23,1,25.0
TXN010573,2026-08-17,2,23,1,25.0
TXN010573,2026-08-17,2,27,1,40.0
TXN010573,2026-08-17,2,25,1,280.0
TXN010574,2026-08-17,2,37,1,160.0
TXN010574,2026-08-17,2,46,2,96.0
TXN010574,2026-08-17,2,6,1,30.0
TXN010575,2026-08-17,2,49,1,85.0
TXN010575,2026-08-17,2,51,2,360.0
TXN010575,2026-08-17,2,47,1,165.0
TXN010575,2026-08-17,2,18,1,20.0
TXN010576,2026-08-17,2,45,1,135.0
TXN010576,2026-08-17,2,17,2,90.0
TXN010576,2026-08-17,2,48,1,24.0
TXN010577,2026-08-17,2,45,2,270.0
TXN010577,2026-08-17,2,41,1,90.0
TXN010577,2026-08-17,2,9,2,80.0
TXN010578,2026-08-17,2,13,1,60.0
TXN010578,2026-08-17,2,21,2,620.0
TXN010578,2026-08-17,2,40,1,65.0
TXN010578,2026-08-17,2,3,1,115.0
TXN010578,2026-08-17,2,54,2,70.0
TXN010579,2026-08-17,2,28,1,75.0
TXN010579,2026-08-17,2,24,1,50.0
TXN010580,2026-08-17,2,27,1,40.0
TXN010582,2026-08-17,2,30,1,40.0
TXN010583,2026-08-17,2,58,1,25.0
TXN010584,2026-08-17,2,22,2,60.0
TXN010584,2026-08-17,2,4,1,140.0
TXN010584,2026-08-17,2,43,1,240.0
TXN010584,2026-08-17,2,60,1,40.0
TXN010584,2026-08-17,2,14,2,160.0
TXN010585,2026-08-17,2,9,1,40.0
TXN010586,2026-08-17,2,57,1,90.0
TXN010586,2026-08-17,2,12,1,90.0
TXN010586,2026-08-17,2,47,1,165.0
TXN010586,2026-08-17,2,10,1,45.0
TXN010587,2026-08-17,2,51,2,360.0
TXN010587,2026-08-17,2,7,2,260.0
TXN010589,2026-08-17,2,40,1,65.0
TXN010589,2026-08-17,2,55,1,30.0
TXN010589,2026-08-17,2,48,1,24.0
TXN010589,2026-08-17,2,24,2,100.0
TXN010590,2026-08-17,2,8,1,84.0
TXN010590,2026-08-17,2,28,1,75.0
TXN010590,2026-08-17,2,26,1,450.0
TXN010590,2026-08-17,2,22,2,60.0
TXN010591,2026-08-17,2,6,2,60.0
TXN010591,2026-08-17,2,7,1,130.0
TXN010591,2026-08-17,2,42,2,1240.0
TXN010591,2026-08-17,2,50,1,260.0
TXN010592,2026-08-17,2,13,1,60.0
TXN010593,2026-08-17,2,53,1,40.0
TXN010593,2026-08-17,2,45,1,135.0
TXN010593,2026-08-17,2,46,1,48.0
TXN010594,2026-08-17,2,22,1,30.0
TXN010594,2026-08-17,2,5,1,95.0
TXN010595,2026-08-17,2,56,1,120.0
TXN010596,2026-08-17,2,36,1,105.0
TXN010596,2026-08-17,2,32,2,240.0
TXN010596,2026-08-17,2,12,1,90.0
TXN010596,2026-08-17,2,25,1,280.0
TXN010597,2026-08-17,2,14,1,80.0
TXN010597,2026-08-17,2,35,1,145.0
TXN010597,2026-08-17,2,54,1,35.0
TXN010598,2026-08-17,2,56,1,120.0
TXN010599,2026-08-17,2,39,1,140.0
TXN010599,2026-08-17,2,26,1,450.0
TXN010599,2026-08-17,2,60,1,40.0
TXN010599,2026-08-17,2,30,1,40.0
TXN010599,2026-08-17,2,15,1,110.0
TXN010600,2026-08-17,2,47,2,330.0
TXN010602,2026-08-17,2,9,1,40.0
TXN010602,2026-08-17,2,54,2,70.0
TXN010602,2026-08-17,2,8,2,168.0
TXN010604,2026-08-17,2,18,1,20.0
TXN010605,2026-08-17,2,1,2,128.0
TXN010605,2026-08-17,2,54,1,35.0
TXN010605,2026-08-17,2,19,1,110.0
TXN010606,2026-08-17,2,18,1,20.0
TXN010606,2026-08-17,2,39,1,140.0
TXN010606,2026-08-17,2,36,1,105.0
TXN010606,2026-08-17,2,17,2,90.0
TXN010608,2026-08-17,2,55,1,30.0
TXN010609,2026-08-17,2,14,1,80.0
TXN010609,2026-08-17,2,45,2,270.0
TXN010611,2026-08-17,3,33,1,85.0
TXN010612,2026-08-17,3,25,1,280.0
TXN010612,2026-08-17,3,24,2,100.0
TXN010612,2026-08-17,3,35,2,290.0
TXN010613,2026-08-17,3,48,1,24.0
TXN010613,2026-08-17,3,16,2,240.0
TXN010614,2026-08-17,3,6,1,30.0
TXN010614,2026-08-17,3,10,1,45.0
TXN010614,2026-08-17,3,58,1,25.0
TXN010615,2026-08-17,3,1,2,128.0
TXN010615,2026-08-17,3,60,1,40.0
TXN010615,2026-08-17,3,31,1,175.0
TXN010615,2026-08-17,3,52,1,50.0
TXN010616,2026-08-17,3,21,1,310.0
TXN010617,2026-08-17,3,7,1,130.0
TXN010618,2026-08-17,3,14,1,80.0
TXN010618,2026-08-17,3,35,1,145.0
TXN010619,2026-08-17,3,6,1,30.0
TXN010620,2026-08-17,3,58,2,50.0
TXN010620,2026-08-17,3,40,1,65.0
TXN010621,2026-08-17,3,29,1,95.0
TXN010623,2026-08-17,3,24,1,50.0
TXN010623,2026-08-17,3,48,1,24.0
TXN010623,2026-08-17,3,40,1,65.0
TXN010623,2026-08-17,3,49,1,85.0
TXN010624,2026-08-17,3,43,1,240.0
TXN010624,2026-08-17,3,30,1,40.0
TXN010624,2026-08-17,3,19,1,110.0
TXN010625,2026-08-17,3,55,2,60.0
TXN010626,2026-08-17,3,60,2,80.0
TXN010626,2026-08-17,3,9,2,80.0
TXN010627,2026-08-17,3,35,1,145.0
TXN010628,2026-08-17,3,25,1,280.0
TXN010628,2026-08-17,3,2,1,35.0
TXN010628,2026-08-17,3,45,1,135.0
TXN010628,2026-08-17,3,10,1,45.0
TXN010630,2026-08-17,3,43,1,240.0
TXN010630,2026-08-17,3,23,1,25.0
TXN010632,2026-08-17,3,27,1,40.0
TXN010632,2026-08-17,3,33,1,85.0
TXN010632,2026-08-17,3,53,1,40.0
TXN010632,2026-08-17,3,25,1,280.0
TXN010633,2026-08-17,3,39,1,140.0
TXN010633,2026-08-17,3,42,1,620.0
TXN010634,2026-08-17,3,54,1,35.0
TXN010634,2026-08-17,3,58,1,25.0
TXN010635,2026-08-17,3,47,1,165.0
TXN010635,2026-08-17,3,23,2,50.0
TXN010635,2026-08-17,3,39,1,140.0
TXN010635,2026-08-17,3,6,1,30.0
TXN010635,2026-08-17,3,41,1,90.0
TXN010636,2026-08-17,3,29,2,190.0
TXN010638,2026-08-18,1,47,1,165.0
TXN010639,2026-08-18,1,52,1,50.0
TXN010640,2026-08-18,1,36,3,315.0
TXN010643,2026-08-18,1,33,2,170.0
TXN010643,2026-08-18,1,55,2,60.0
TXN010643,2026-08-18,1,35,1,145.0
TXN010644,2026-08-18,1,29,2,190.0
TXN010644,2026-08-18,1,8,1,84.0
TXN010645,2026-08-18,1,17,2,90.0
TXN010646,2026-08-18,1,21,1,310.0
TXN010646,2026-08-18,1,40,1,65.0
TXN010647,2026-08-18,1,8,2,168.0
TXN010647,2026-08-18,1,7,2,260.0
TXN010648,2026-08-18,1,52,1,50.0
TXN010648,2026-08-18,1,29,2,190.0
TXN010648,2026-08-18,1,60,1,40.0
TXN010649,2026-08-18,1,8,1,84.0
TXN010649,2026-08-18,1,55,2,60.0
TXN010649,2026-08-18,1,33,2,170.0
TXN010651,2026-08-18,1,56,1,120.0
TXN010652,2026-08-18,1,2,2,70.0
TXN010653,2026-08-18,1,47,1,165.0
TXN010654,2026-08-18,1,55,1,30.0
TXN010655,2026-08-18,1,41,1,90.0
TXN010655,2026-08-18,1,43,2,480.0
TXN010655,2026-08-18,1,29,2,190.0
TXN010655,2026-08-18,1,40,2,130.0
TXN010655,2026-08-18,1,22,1,30.0
TXN010656,2026-08-18,1,12,1,90.0
TXN010656,2026-08-18,1,45,1,135.0
TXN010656,2026-08-18,1,17,3,135.0
TXN010657,2026-08-18,1,12,1,90.0
TXN010657,2026-08-18,1,15,1,110.0
TXN010657,2026-08-18,1,53,3,120.0
TXN010658,2026-08-18,1,33,1,85.0
TXN010658,2026-08-18,1,52,1,50.0
TXN010658,2026-08-18,1,21,1,310.0
TXN010658,2026-08-18,1,50,2,520.0
TXN010659,2026-08-18,1,31,1,175.0
TXN010659,2026-08-18,1,51,1,180.0
TXN010660,2026-08-18,1,54,2,70.0
TXN010660,2026-08-18,1,19,1,110.0
TXN010660,2026-08-18,1,9,3,120.0
TXN010661,2026-08-18,1,47,1,165.0
TXN010661,2026-08-18,1,33,1,85.0
TXN010661,2026-08-18,1,58,1,25.0
TXN010663,2026-08-18,1,43,1,240.0
TXN010663,2026-08-18,1,45,2,270.0
TXN010663,2026-08-18,1,57,1,90.0
TXN010664,2026-08-18,1,30,2,80.0
TXN010664,2026-08-18,1,2,1,35.0
TXN010665,2026-08-18,1,10,2,90.0
TXN010665,2026-08-18,1,14,1,80.0
TXN010666,2026-08-18,1,39,2,280.0
TXN010666,2026-08-18,1,56,1,120.0
TXN010666,2026-08-18,1,48,1,24.0
TXN010667,2026-08-18,1,9,3,120.0
TXN010667,2026-08-18,1,57,1,90.0
TXN010669,2026-08-18,1,18,2,40.0
TXN010669,2026-08-18,1,51,1,180.0
TXN010669,2026-08-18,1,36,2,210.0
TXN010669,2026-08-18,1,48,2,48.0
TXN010670,2026-08-18,1,14,1,80.0
TXN010671,2026-08-18,1,16,1,120.0
TXN010671,2026-08-18,1,55,1,30.0
TXN010672,2026-08-18,1,30,2,80.0
TXN010672,2026-08-18,1,53,1,40.0
TXN010672,2026-08-18,1,8,2,168.0
TXN010672,2026-08-18,1,22,1,30.0
TXN010674,2026-08-18,1,12,1,90.0
TXN010674,2026-08-18,1,33,1,85.0
TXN010674,2026-08-18,1,41,1,90.0
TXN010675,2026-08-18,1,16,2,240.0
TXN010676,2026-08-18,1,6,1,30.0
TXN010676,2026-08-18,1,1,3,192.0
TXN010676,2026-08-18,1,49,1,85.0
TXN010677,2026-08-18,1,29,1,95.0
TXN010677,2026-08-18,1,2,2,70.0
TXN010677,2026-08-18,1,54,1,35.0
TXN010677,2026-08-18,1,16,1,120.0
TXN010678,2026-08-18,2,22,1,30.0
TXN010678,2026-08-18,2,1,2,128.0
TXN010678,2026-08-18,2,55,1,30.0
TXN010679,2026-08-18,2,4,1,140.0
TXN010679,2026-08-18,2,45,2,270.0
TXN010680,2026-08-18,2,21,1,310.0
TXN010681,2026-08-18,2,21,1,310.0
TXN010682,2026-08-18,2,41,1,90.0
TXN010682,2026-08-18,2,22,1,30.0
TXN010682,2026-08-18,2,12,1,90.0
TXN010683,2026-08-18,2,36,1,105.0
TXN010683,2026-08-18,2,52,1,50.0
TXN010683,2026-08-18,2,47,1,165.0
TXN010684,2026-08-18,2,15,2,220.0
TXN010685,2026-08-18,2,23,1,25.0
TXN010686,2026-08-18,2,41,1,90.0
TXN010686,2026-08-18,2,40,1,65.0
TXN010687,2026-08-18,2,57,1,90.0
TXN010687,2026-08-18,2,49,1,85.0
TXN010688,2026-08-18,2,51,2,360.0
TXN010689,2026-08-18,2,51,2,360.0
TXN010689,2026-08-18,2,5,1,95.0
TXN010689,2026-08-18,2,48,2,48.0
TXN010690,2026-08-18,2,1,2,128.0
TXN010690,2026-08-18,2,43,1,240.0
TXN010690,2026-08-18,2,36,2,210.0
TXN010691,2026-08-18,2,46,1,48.0
TXN010691,2026-08-18,2,57,1,90.0
TXN010692,2026-08-18,2,7,1,130.0
TXN010692,2026-08-18,2,6,2,60.0
TXN010693,2026-08-18,2,43,2,480.0
TXN010694,2026-08-18,2,47,1,165.0
TXN010694,2026-08-18,2,18,1,20.0
TXN010694,2026-08-18,2,3,1,115.0
TXN010695,2026-08-18,2,57,1,90.0
TXN010695,2026-08-18,2,49,1,85.0
TXN010695,2026-08-18,2,53,2,80.0
TXN010696,2026-08-18,2,7,1,130.0
TXN010696,2026-08-18,2,23,1,25.0
TXN010696,2026-08-18,2,58,1,25.0
TXN010696,2026-08-18,2,43,1,240.0
TXN010697,2026-08-18,2,60,2,80.0
TXN010697,2026-08-18,2,17,3,135.0
TXN010698,2026-08-18,2,9,1,40.0
TXN010699,2026-08-18,2,56,1,120.0
TXN010699,2026-08-18,2,53,1,40.0
TXN010700,2026-08-18,2,21,1,310.0
TXN010700,2026-08-18,2,41,1,90.0
TXN010701,2026-08-18,2,55,2,60.0
TXN010701,2026-08-18,2,47,1,165.0
TXN010702,2026-08-18,2,21,2,620.0
TXN010702,2026-08-18,2,27,1,40.0
TXN010702,2026-08-18,2,2,2,70.0
TXN010702,2026-08-18,2,46,1,48.0
TXN010703,2026-08-18,2,41,1,90.0
TXN010703,2026-08-18,2,55,2,60.0
TXN010704,2026-08-18,2,32,1,120.0
TXN010704,2026-08-18,2,37,1,160.0
TXN010704,2026-08-18,2,43,1,240.0
TXN010705,2026-08-18,2,17,2,90.0
TXN010706,2026-08-18,2,17,2,90.0
TXN010706,2026-08-18,2,1,3,192.0
TXN010706,2026-08-18,2,30,1,40.0
TXN010707,2026-08-18,2,48,1,24.0
TXN010708,2026-08-18,2,52,1,50.0
TXN010708,2026-08-18,2,49,2,170.0
TXN010709,2026-08-18,2,8,1,84.0
TXN010709,2026-08-18,2,51,1,180.0
TXN010710,2026-08-18,2,36,1,105.0
TXN010710,2026-08-18,2,28,1,75.0
TXN010712,2026-08-18,2,5,1,95.0
TXN010712,2026-08-18,2,3,1,115.0
TXN010712,2026-08-18,2,58,1,25.0
TXN010713,2026-08-18,2,31,1,175.0
TXN010715,2026-08-18,2,18,1,20.0
TXN010715,2026-08-18,2,45,1,135.0
TXN010715,2026-08-18,2,51,2,360.0
TXN010716,2026-08-18,2,50,1,260.0
TXN010716,2026-08-18,2,54,1,35.0
TXN010717,2026-08-18,3,6,1,30.0
TXN010717,2026-08-18,3,53,1,40.0
TXN010718,2026-08-18,3,5,1,95.0
TXN010718,2026-08-18,3,57,1,90.0
TXN010718,2026-08-18,3,6,1,30.0
TXN010720,2026-08-18,3,41,1,90.0
TXN010720,2026-08-18,3,60,2,80.0
TXN010720,2026-08-18,3,9,2,80.0
TXN010720,2026-08-18,3,5,1,95.0
TXN010720,2026-08-18,3,27,2,80.0
TXN010721,2026-08-18,3,55,2,60.0
TXN010722,2026-08-18,3,35,1,145.0
TXN010722,2026-08-18,3,48,1,24.0
TXN010722,2026-08-18,3,42,1,620.0
TXN010724,2026-08-18,3,11,1,35.0
TXN010724,2026-08-18,3,12,2,180.0
TXN010724,2026-08-18,3,24,1,50.0
TXN010725,2026-08-18,3,54,1,35.0
TXN010726,2026-08-18,3,23,1,25.0
TXN010727,2026-08-18,3,10,2,90.0
TXN010727,2026-08-18,3,30,1,40.0
TXN010729,2026-08-18,3,31,1,175.0
TXN010729,2026-08-18,3,29,1,95.0
TXN010729,2026-08-18,3,6,1,30.0
TXN010730,2026-08-18,3,43,2,480.0
TXN010730,2026-08-18,3,55,1,30.0
TXN010731,2026-08-18,3,8,1,84.0
TXN010731,2026-08-18,3,23,1,25.0
TXN010732,2026-08-18,3,32,1,120.0
TXN010733,2026-08-18,3,60,1,40.0
TXN010733,2026-08-18,3,53,1,40.0
TXN010733,2026-08-18,3,28,1,75.0
TXN010734,2026-08-18,3,50,2,520.0
TXN010734,2026-08-18,3,53,1,40.0
TXN010734,2026-08-18,3,54,2,70.0
TXN010735,2026-08-18,3,7,2,260.0
TXN010735,2026-08-18,3,49,2,170.0
TXN010736,2026-08-18,3,55,1,30.0
TXN010736,2026-08-18,3,49,1,85.0
TXN010737,2026-08-18,3,58,1,25.0
TXN010738,2026-08-18,3,17,2,90.0
TXN010739,2026-08-18,3,46,2,96.0
TXN010739,2026-08-18,3,16,2,240.0
TXN010739,2026-08-18,3,9,1,40.0
TXN010740,2026-08-18,3,2,1,35.0
TXN010740,2026-08-18,3,58,1,25.0
TXN010741,2026-08-18,3,54,2,70.0
TXN010741,2026-08-18,3,9,2,80.0
TXN010741,2026-08-18,3,14,1,80.0
TXN010741,2026-08-18,3,36,1,105.0
TXN010742,2026-08-18,3,12,1,90.0
TXN010742,2026-08-18,3,25,1,280.0
TXN010744,2026-08-18,3,11,1,35.0
TXN010745,2026-08-18,3,1,1,64.0
TXN010746,2026-08-18,3,33,2,170.0
TXN010748,2026-08-18,3,13,1,60.0
TXN010748,2026-08-18,3,47,1,165.0
TXN010749,2026-08-18,3,39,1,140.0
TXN010749,2026-08-18,3,21,1,310.0
TXN010750,2026-08-18,3,56,1,120.0
TXN010750,2026-08-18,3,23,1,25.0
TXN010750,2026-08-18,3,48,2,48.0
TXN010751,2026-08-19,1,50,1,260.0
TXN010751,2026-08-19,1,49,2,170.0
TXN010752,2026-08-19,1,60,1,40.0
TXN010752,2026-08-19,1,6,1,30.0
TXN010753,2026-08-19,1,54,1,35.0
TXN010753,2026-08-19,1,7,1,130.0
TXN010753,2026-08-19,1,32,1,120.0
TXN010754,2026-08-19,1,54,2,70.0
TXN010754,2026-08-19,1,57,1,90.0
TXN010754,2026-08-19,1,29,2,190.0
TXN010755,2026-08-19,1,48,3,72.0
TXN010755,2026-08-19,1,59,1,35.0
TXN010756,2026-08-19,1,2,1,35.0
TXN010756,2026-08-19,1,24,1,50.0
TXN010756,2026-08-19,1,56,1,120.0
TXN010758,2026-08-19,1,47,1,165.0
TXN010758,2026-08-19,1,36,1,105.0
TXN010759,2026-08-19,1,4,1,140.0
TXN010759,2026-08-19,1,33,1,85.0
TXN010759,2026-08-19,1,57,1,90.0
TXN010759,2026-08-19,1,1,3,192.0
TXN010760,2026-08-19,1,2,1,35.0
TXN010760,2026-08-19,1,49,1,85.0
TXN010761,2026-08-19,1,54,1,35.0
TXN010761,2026-08-19,1,39,2,280.0
TXN010761,2026-08-19,1,28,1,75.0
TXN010761,2026-08-19,1,50,1,260.0
TXN010762,2026-08-19,1,57,1,90.0
TXN010764,2026-08-19,1,46,1,48.0
TXN010764,2026-08-19,1,3,1,115.0
TXN010765,2026-08-19,1,37,1,160.0
TXN010765,2026-08-19,1,5,1,95.0
TXN010765,2026-08-19,1,46,2,96.0
TXN010766,2026-08-19,1,51,2,360.0
TXN010766,2026-08-19,1,55,1,30.0
TXN010766,2026-08-19,1,11,1,35.0
TXN010767,2026-08-19,1,10,1,45.0
TXN010767,2026-08-19,1,6,1,30.0
TXN010768,2026-08-19,1,28,1,75.0
TXN010768,2026-08-19,1,33,1,85.0
TXN010768,2026-08-19,1,55,1,30.0
TXN010768,2026-08-19,1,45,2,270.0
TXN010769,2026-08-19,1,50,1,260.0
TXN010770,2026-08-19,1,17,3,135.0
TXN010770,2026-08-19,1,30,1,40.0
TXN010770,2026-08-19,1,6,2,60.0
TXN010771,2026-08-19,1,36,1,105.0
TXN010771,2026-08-19,1,6,1,30.0
TXN010771,2026-08-19,1,45,1,135.0
TXN010772,2026-08-19,1,2,3,105.0
TXN010772,2026-08-19,1,54,2,70.0
TXN010773,2026-08-19,1,57,1,90.0
TXN010773,2026-08-19,1,25,2,560.0
TXN010774,2026-08-19,1,37,1,160.0
TXN010774,2026-08-19,1,43,1,240.0
TXN010775,2026-08-19,1,1,1,64.0
TXN010775,2026-08-19,1,22,1,30.0
TXN010776,2026-08-19,1,32,1,120.0
TXN010776,2026-08-19,1,45,2,270.0
TXN010776,2026-08-19,1,25,1,280.0
TXN010776,2026-08-19,1,11,1,35.0
TXN010776,2026-08-19,1,59,1,35.0
TXN010777,2026-08-19,1,37,1,160.0
TXN010778,2026-08-19,1,55,1,30.0
TXN010778,2026-08-19,1,51,1,180.0
TXN010778,2026-08-19,1,25,2,560.0
TXN010778,2026-08-19,1,6,2,60.0
TXN010779,2026-08-19,1,21,1,310.0
TXN010779,2026-08-19,1,28,1,75.0
TXN010779,2026-08-19,1,25,1,280.0
TXN010780,2026-08-19,1,36,1,105.0
TXN010781,2026-08-19,2,53,1,40.0
TXN010781,2026-08-19,2,30,1,40.0
TXN010782,2026-08-19,2,42,2,1240.0
TXN010782,2026-08-19,2,5,1,95.0
TXN010782,2026-08-19,2,12,1,90.0
TXN010782,2026-08-19,2,22,1,30.0
TXN010783,2026-08-19,2,7,2,260.0
TXN010784,2026-08-19,2,5,1,95.0
TXN010785,2026-08-19,2,51,1,180.0
TXN010786,2026-08-19,2,16,1,120.0
TXN010786,2026-08-19,2,51,1,180.0
TXN010786,2026-08-19,2,52,1,50.0
TXN010786,2026-08-19,2,14,1,80.0
TXN010786,2026-08-19,2,35,1,145.0
TXN010787,2026-08-19,2,29,2,190.0
TXN010787,2026-08-19,2,51,2,360.0
TXN010788,2026-08-19,2,48,2,48.0
TXN010788,2026-08-19,2,45,2,270.0
TXN010789,2026-08-19,2,36,1,105.0
TXN010790,2026-08-19,2,24,1,50.0
TXN010790,2026-08-19,2,9,3,120.0
TXN010791,2026-08-19,2,32,1,120.0
TXN010791,2026-08-19,2,25,2,560.0
TXN010792,2026-08-19,2,13,2,120.0
TXN010793,2026-08-19,2,33,1,85.0
TXN010793,2026-08-19,2,57,1,90.0
TXN010793,2026-08-19,2,17,3,135.0
TXN010794,2026-08-19,2,40,1,65.0
TXN010795,2026-08-19,2,17,2,90.0
TXN010796,2026-08-19,2,58,1,25.0
TXN010797,2026-08-19,2,10,2,90.0
TXN010797,2026-08-19,2,23,2,50.0
TXN010798,2026-08-19,2,55,1,30.0
TXN010798,2026-08-19,2,7,1,130.0
TXN010798,2026-08-19,2,14,1,80.0
TXN010799,2026-08-19,2,52,2,100.0
TXN010800,2026-08-19,2,7,2,260.0
TXN010800,2026-08-19,2,5,1,95.0
TXN010801,2026-08-19,2,32,2,240.0
TXN010801,2026-08-19,2,9,2,80.0
TXN010802,2026-08-19,2,31,1,175.0
TXN010802,2026-08-19,2,46,2,96.0
TXN010802,2026-08-19,2,45,3,405.0
TXN010802,2026-08-19,2,40,1,65.0
TXN010803,2026-08-19,2,47,1,165.0
TXN010803,2026-08-19,2,41,1,90.0
TXN010803,2026-08-19,2,12,1,90.0
TXN010804,2026-08-19,2,5,1,95.0
TXN010805,2026-08-19,2,36,2,210.0
TXN010805,2026-08-19,2,43,1,240.0
TXN010805,2026-08-19,2,47,1,165.0
TXN010805,2026-08-19,2,4,1,140.0
TXN010806,2026-08-19,2,39,1,140.0
TXN010807,2026-08-19,3,36,1,105.0
TXN010807,2026-08-19,3,52,1,50.0
TXN010807,2026-08-19,3,53,1,40.0
TXN010807,2026-08-19,3,60,1,40.0
TXN010808,2026-08-19,3,27,1,40.0
TXN010808,2026-08-19,3,59,1,35.0
TXN010808,2026-08-19,3,33,1,85.0
TXN010809,2026-08-19,3,27,2,80.0
TXN010809,2026-08-19,3,12,1,90.0
TXN010810,2026-08-19,3,50,2,520.0
TXN010810,2026-08-19,3,29,1,95.0
TXN010810,2026-08-19,3,43,1,240.0
TXN010811,2026-08-19,3,32,1,120.0
TXN010811,2026-08-19,3,37,1,160.0
TXN010811,2026-08-19,3,4,1,140.0
TXN010811,2026-08-19,3,12,1,90.0
TXN010811,2026-08-19,3,18,1,20.0
TXN010812,2026-08-19,3,47,1,165.0
TXN010812,2026-08-19,3,25,1,280.0
TXN010812,2026-08-19,3,18,1,20.0
TXN010813,2026-08-19,3,2,1,35.0
TXN010813,2026-08-19,3,57,1,90.0
TXN010813,2026-08-19,3,10,1,45.0
TXN010814,2026-08-19,3,51,2,360.0
TXN010815,2026-08-19,3,36,2,210.0
TXN010816,2026-08-19,3,50,1,260.0
TXN010816,2026-08-19,3,55,1,30.0
TXN010816,2026-08-19,3,53,2,80.0
TXN010816,2026-08-19,3,14,1,80.0
TXN010817,2026-08-19,3,25,1,280.0
TXN010818,2026-08-19,3,18,1,20.0
TXN010819,2026-08-19,3,35,1,145.0
TXN010819,2026-08-19,3,55,2,60.0
TXN010819,2026-08-19,3,17,1,45.0
TXN010820,2026-08-19,3,27,1,40.0
TXN010820,2026-08-19,3,30,1,40.0
TXN010821,2026-08-19,3,14,2,160.0
TXN010821,2026-08-19,3,17,3,135.0
TXN010821,2026-08-19,3,23,1,25.0
TXN010822,2026-08-19,3,59,1,35.0
TXN010823,2026-08-19,3,25,1,280.0
TXN010823,2026-08-19,3,27,2,80.0
TXN010823,2026-08-19,3,6,1,30.0
TXN010823,2026-08-19,3,46,1,48.0
TXN010824,2026-08-19,3,45,2,270.0
TXN010824,2026-08-19,3,52,1,50.0
TXN010824,2026-08-19,3,46,1,48.0
TXN010825,2026-08-19,3,17,3,135.0
TXN010826,2026-08-19,3,14,1,80.0
TXN010827,2026-08-19,3,27,1,40.0
TXN010827,2026-08-19,3,1,1,64.0
TXN010827,2026-08-19,3,25,1,280.0
TXN010827,2026-08-19,3,59,1,35.0
TXN010827,2026-08-19,3,23,1,25.0
TXN010828,2026-08-19,3,39,1,140.0
TXN010828,2026-08-19,3,43,1,240.0
TXN010829,2026-08-20,1,35,1,145.0
TXN010829,2026-08-20,1,33,1,85.0
TXN010829,2026-08-20,1,52,1,50.0
TXN010831,2026-08-20,1,32,1,120.0
TXN010832,2026-08-20,1,29,2,190.0
TXN010833,2026-08-20,1,42,1,620.0
TXN010833,2026-08-20,1,51,1,180.0
TXN010834,2026-08-20,1,43,2,480.0
TXN010834,2026-08-20,1,15,1,110.0
TXN010834,2026-08-20,1,42,1,620.0
TXN010834,2026-08-20,1,51,1,180.0
TXN010835,2026-08-20,1,30,2,80.0
TXN010835,2026-08-20,1,18,1,20.0
TXN010835,2026-08-20,1,28,1,75.0
TXN010835,2026-08-20,1,29,3,285.0
TXN010836,2026-08-20,1,46,1,48.0
TXN010836,2026-08-20,1,30,2,80.0
TXN010836,2026-08-20,1,4,2,280.0
TXN010836,2026-08-20,1,21,1,310.0
TXN010837,2026-08-20,1,13,2,120.0
TXN010837,2026-08-20,1,53,1,40.0
TXN010838,2026-08-20,1,48,2,48.0
TXN010838,2026-08-20,1,6,1,30.0
TXN010839,2026-08-20,1,32,1,120.0
TXN010840,2026-08-20,1,7,1,130.0
TXN010840,2026-08-20,1,33,2,170.0
TXN010841,2026-08-20,1,2,1,35.0
TXN010841,2026-08-20,1,49,1,85.0
TXN010841,2026-08-20,1,10,1,45.0
TXN010842,2026-08-20,1,8,1,84.0
TXN010843,2026-08-20,1,56,1,120.0
TXN010843,2026-08-20,1,10,1,45.0
TXN010843,2026-08-20,1,25,2,560.0
TXN010845,2026-08-20,1,55,2,60.0
TXN010845,2026-08-20,1,46,1,48.0
TXN010845,2026-08-20,1,41,1,90.0
TXN010845,2026-08-20,1,22,1,30.0
TXN010846,2026-08-20,1,24,1,50.0
TXN010847,2026-08-20,1,6,1,30.0
TXN010848,2026-08-20,1,27,1,40.0
TXN010848,2026-08-20,1,56,1,120.0
TXN010848,2026-08-20,1,33,2,170.0
TXN010848,2026-08-20,1,12,1,90.0
TXN010849,2026-08-20,1,6,1,30.0
TXN010849,2026-08-20,1,37,1,160.0
TXN010849,2026-08-20,1,29,2,190.0
TXN010849,2026-08-20,1,52,1,50.0
TXN010851,2026-08-20,1,50,1,260.0
TXN010852,2026-08-20,1,11,1,35.0
TXN010852,2026-08-20,1,48,1,24.0
TXN010853,2026-08-20,1,27,1,40.0
TXN010853,2026-08-20,1,45,2,270.0
TXN010853,2026-08-20,1,15,2,220.0
TXN010853,2026-08-20,1,18,1,20.0
TXN010854,2026-08-20,1,35,1,145.0
TXN010855,2026-08-20,1,26,1,450.0
TXN010855,2026-08-20,1,35,2,290.0
TXN010855,2026-08-20,1,49,1,85.0
TXN010856,2026-08-20,1,8,2,168.0
TXN010856,2026-08-20,1,54,1,35.0
TXN010856,2026-08-20,1,45,2,270.0
TXN010857,2026-08-20,1,8,1,84.0
TXN010857,2026-08-20,1,57,1,90.0
TXN010857,2026-08-20,1,45,2,270.0
TXN010858,2026-08-20,1,28,1,75.0
TXN010860,2026-08-20,2,54,2,70.0
TXN010861,2026-08-20,2,29,2,190.0
TXN010861,2026-08-20,2,43,1,240.0
TXN010861,2026-08-20,2,45,1,135.0
TXN010861,2026-08-20,2,2,1,35.0
TXN010862,2026-08-20,2,58,1,25.0
TXN010862,2026-08-20,2,27,1,40.0
TXN010862,2026-08-20,2,6,2,60.0
TXN010862,2026-08-20,2,14,2,160.0
TXN010863,2026-08-20,2,9,1,40.0
TXN010863,2026-08-20,2,57,1,90.0
TXN010863,2026-08-20,2,33,1,85.0
TXN010864,2026-08-20,2,19,1,110.0
TXN010864,2026-08-20,2,3,1,115.0
TXN010864,2026-08-20,2,54,1,35.0
TXN010864,2026-08-20,2,1,3,192.0
TXN010864,2026-08-20,2,10,1,45.0
TXN010865,2026-08-20,2,45,1,135.0
TXN010865,2026-08-20,2,22,2,60.0
TXN010866,2026-08-20,2,59,1,35.0
TXN010866,2026-08-20,2,43,1,240.0
TXN010866,2026-08-20,2,25,1,280.0
TXN010868,2026-08-20,2,41,1,90.0
TXN010868,2026-08-20,2,56,1,120.0
TXN010869,2026-08-20,2,46,2,96.0
TXN010870,2026-08-20,2,12,1,90.0
TXN010871,2026-08-20,2,5,1,95.0
TXN010872,2026-08-20,2,26,1,450.0
TXN010873,2026-08-20,2,33,1,85.0
TXN010874,2026-08-20,2,51,1,180.0
TXN010874,2026-08-20,2,10,1,45.0
TXN010875,2026-08-20,2,17,3,135.0
TXN010878,2026-08-20,2,56,1,120.0
TXN010878,2026-08-20,2,43,1,240.0
TXN010878,2026-08-20,2,19,1,110.0
TXN010879,2026-08-20,2,22,1,30.0
TXN010879,2026-08-20,2,17,2,90.0
TXN010880,2026-08-20,2,48,2,48.0
TXN010880,2026-08-20,2,10,1,45.0
TXN010880,2026-08-20,2,15,2,220.0
TXN010881,2026-08-20,2,12,1,90.0
TXN010882,2026-08-20,2,16,1,120.0
TXN010883,2026-08-20,2,59,1,35.0
TXN010883,2026-08-20,2,43,1,240.0
TXN010884,2026-08-20,2,51,1,180.0
TXN010885,2026-08-20,2,32,1,120.0
TXN010885,2026-08-20,2,15,2,220.0
TXN010886,2026-08-20,2,12,1,90.0
TXN010887,2026-08-20,2,6,1,30.0
TXN010887,2026-08-20,2,53,2,80.0
TXN010888,2026-08-20,3,1,2,128.0
TXN010888,2026-08-20,3,12,1,90.0
TXN010889,2026-08-20,3,3,1,115.0
TXN010890,2026-08-20,3,30,1,40.0
TXN010891,2026-08-20,3,1,1,64.0
TXN010892,2026-08-20,3,36,1,105.0
TXN010892,2026-08-20,3,55,1,30.0
TXN010893,2026-08-20,3,12,2,180.0
TXN010894,2026-08-20,3,9,2,80.0
TXN010894,2026-08-20,3,43,1,240.0
TXN010894,2026-08-20,3,52,2,100.0
TXN010895,2026-08-20,3,1,1,64.0
TXN010896,2026-08-20,3,24,1,50.0
TXN010896,2026-08-20,3,21,1,310.0
TXN010896,2026-08-20,3,43,1,240.0
TXN010896,2026-08-20,3,52,1,50.0
TXN010896,2026-08-20,3,32,1,120.0
TXN010897,2026-08-20,3,24,2,100.0
TXN010897,2026-08-20,3,54,2,70.0
TXN010898,2026-08-20,3,9,2,80.0
TXN010898,2026-08-20,3,12,2,180.0
TXN010898,2026-08-20,3,11,1,35.0
TXN010898,2026-08-20,3,8,1,84.0
TXN010899,2026-08-20,3,16,1,120.0
TXN010899,2026-08-20,3,12,1,90.0
TXN010900,2026-08-20,3,14,2,160.0
TXN010901,2026-08-20,3,41,1,90.0
TXN010901,2026-08-20,3,9,1,40.0
TXN010901,2026-08-20,3,60,1,40.0
TXN010902,2026-08-20,3,32,1,120.0
TXN010902,2026-08-20,3,15,1,110.0
TXN010903,2026-08-20,3,46,1,48.0
TXN010904,2026-08-20,3,6,2,60.0
TXN010904,2026-08-20,3,45,1,135.0
TXN010905,2026-08-20,3,1,2,128.0
TXN010906,2026-08-20,3,33,1,85.0
TXN010907,2026-08-20,3,52,1,50.0
TXN010907,2026-08-20,3,42,1,620.0
TXN010908,2026-08-20,3,8,1,84.0
TXN010909,2026-08-20,3,51,1,180.0
TXN010909,2026-08-20,3,35,1,145.0
TXN010909,2026-08-20,3,56,1,120.0
TXN010909,2026-08-20,3,6,1,30.0
TXN010910,2026-08-21,1,23,1,25.0
TXN010911,2026-08-21,1,53,3,120.0
TXN010912,2026-08-21,1,45,1,135.0
TXN010912,2026-08-21,1,29,1,95.0
TXN010912,2026-08-21,1,4,2,280.0
TXN010912,2026-08-21,1,6,1,30.0
TXN010913,2026-08-21,1,58,1,25.0
TXN010913,2026-08-21,1,53,2,80.0
TXN010914,2026-08-21,1,43,2,480.0
TXN010914,2026-08-21,1,23,1,25.0
TXN010914,2026-08-21,1,25,1,280.0
TXN010915,2026-08-21,1,13,1,60.0
TXN010915,2026-08-21,1,41,1,90.0
TXN010915,2026-08-21,1,12,2,180.0
TXN010915,2026-08-21,1,46,2,96.0
TXN010915,2026-08-21,1,32,2,240.0
TXN010916,2026-08-21,1,14,2,160.0
TXN010916,2026-08-21,1,40,1,65.0
TXN010916,2026-08-21,1,30,2,80.0
TXN010916,2026-08-21,1,9,3,120.0
TXN010917,2026-08-21,1,45,1,135.0
TXN010917,2026-08-21,1,47,1,165.0
TXN010918,2026-08-21,1,58,2,50.0
TXN010919,2026-08-21,1,30,2,80.0
TXN010920,2026-08-21,1,52,2,100.0
TXN010920,2026-08-21,1,18,1,20.0
TXN010920,2026-08-21,1,46,1,48.0
TXN010921,2026-08-21,1,21,1,310.0
TXN010921,2026-08-21,1,52,2,100.0
TXN010922,2026-08-21,1,50,2,520.0
TXN010923,2026-08-21,1,52,1,50.0
TXN010923,2026-08-21,1,3,1,115.0
TXN010923,2026-08-21,1,30,1,40.0
TXN010923,2026-08-21,1,43,2,480.0
TXN010924,2026-08-21,1,36,2,210.0
TXN010924,2026-08-21,1,54,1,35.0
TXN010924,2026-08-21,1,28,1,75.0
TXN010924,2026-08-21,1,53,1,40.0
TXN010925,2026-08-21,1,53,2,80.0
TXN010925,2026-08-21,1,45,2,270.0
TXN010926,2026-08-21,1,3,1,115.0
TXN010926,2026-08-21,1,18,2,40.0
TXN010926,2026-08-21,1,1,2,128.0
TXN010927,2026-08-21,1,43,2,480.0
TXN010927,2026-08-21,1,17,3,135.0
TXN010927,2026-08-21,1,21,1,310.0
TXN010927,2026-08-21,1,4,1,140.0
TXN010928,2026-08-21,1,17,3,135.0
TXN010928,2026-08-21,1,8,2,168.0
TXN010928,2026-08-21,1,40,1,65.0
TXN010928,2026-08-21,1,49,1,85.0
TXN010929,2026-08-21,1,35,2,290.0
TXN010929,2026-08-21,1,12,2,180.0
TXN010929,2026-08-21,1,46,2,96.0
TXN010929,2026-08-21,1,29,2,190.0
TXN010929,2026-08-21,1,36,2,210.0
TXN010930,2026-08-21,1,40,1,65.0
TXN010930,2026-08-21,1,50,1,260.0
TXN010930,2026-08-21,1,30,2,80.0
TXN010931,2026-08-21,1,7,2,260.0
TXN010931,2026-08-21,1,21,1,310.0
TXN010931,2026-08-21,1,53,4,160.0
TXN010931,2026-08-21,1,16,1,120.0
TXN010931,2026-08-21,1,15,2,220.0
TXN010932,2026-08-21,1,2,1,35.0
TXN010933,2026-08-21,1,33,2,170.0
TXN010933,2026-08-21,1,42,3,1860.0
TXN010933,2026-08-21,1,13,1,60.0
TXN010933,2026-08-21,1,14,2,160.0
TXN010934,2026-08-21,1,33,1,85.0
TXN010935,2026-08-21,1,17,3,135.0
TXN010935,2026-08-21,1,22,2,60.0
TXN010936,2026-08-21,1,4,1,140.0
TXN010936,2026-08-21,1,22,2,60.0
TXN010937,2026-08-21,1,53,2,80.0
TXN010937,2026-08-21,1,6,2,60.0
TXN010939,2026-08-21,1,46,1,48.0
TXN010939,2026-08-21,1,45,2,270.0
TXN010940,2026-08-21,1,24,2,100.0
TXN010940,2026-08-21,1,18,1,20.0
TXN010940,2026-08-21,1,21,1,310.0
TXN010940,2026-08-21,1,39,1,140.0
TXN010940,2026-08-21,1,6,2,60.0
TXN010941,2026-08-21,1,57,1,90.0
TXN010941,2026-08-21,1,45,3,405.0
TXN010941,2026-08-21,1,37,1,160.0
TXN010941,2026-08-21,1,55,1,30.0
TXN010942,2026-08-21,1,16,2,240.0
TXN010942,2026-08-21,1,10,1,45.0
TXN010942,2026-08-21,1,40,1,65.0
TXN010942,2026-08-21,1,37,1,160.0
TXN010943,2026-08-21,2,1,2,128.0
TXN010943,2026-08-21,2,55,1,30.0
TXN010944,2026-08-21,2,2,2,70.0
TXN010944,2026-08-21,2,51,2,360.0
TXN010945,2026-08-21,2,46,1,48.0
TXN010945,2026-08-21,2,5,1,95.0
TXN010945,2026-08-21,2,57,1,90.0
TXN010946,2026-08-21,2,1,1,64.0
TXN010947,2026-08-21,2,47,1,165.0
TXN010947,2026-08-21,2,37,1,160.0
TXN010948,2026-08-21,2,56,1,120.0
TXN010949,2026-08-21,2,25,1,280.0
TXN010949,2026-08-21,2,11,2,70.0
TXN010949,2026-08-21,2,16,1,120.0
TXN010950,2026-08-21,2,58,1,25.0
TXN010950,2026-08-21,2,25,1,280.0
TXN010950,2026-08-21,2,24,1,50.0
TXN010950,2026-08-21,2,54,2,70.0
TXN010951,2026-08-21,2,1,2,128.0
TXN010951,2026-08-21,2,4,1,140.0
TXN010953,2026-08-21,2,23,1,25.0
TXN010954,2026-08-21,2,43,1,240.0
TXN010954,2026-08-21,2,58,1,25.0
TXN010954,2026-08-21,2,24,1,50.0
TXN010955,2026-08-21,2,17,1,45.0
TXN010956,2026-08-21,2,59,2,70.0
TXN010956,2026-08-21,2,29,2,190.0
TXN010956,2026-08-21,2,14,1,80.0
TXN010957,2026-08-21,2,52,1,50.0
TXN010957,2026-08-21,2,10,1,45.0
TXN010957,2026-08-21,2,49,2,170.0
TXN010958,2026-08-21,2,59,1,35.0
TXN010958,2026-08-21,2,53,1,40.0
TXN010958,2026-08-21,2,27,2,80.0
TXN010959,2026-08-21,2,26,1,450.0
TXN010960,2026-08-21,2,23,1,25.0
TXN010960,2026-08-21,2,22,1,30.0
TXN010960,2026-08-21,2,33,1,85.0
TXN010960,2026-08-21,2,26,1,450.0
TXN010961,2026-08-21,2,53,1,40.0
TXN010961,2026-08-21,2,27,1,40.0
TXN010961,2026-08-21,2,30,2,80.0
TXN010961,2026-08-21,2,25,1,280.0
TXN010962,2026-08-21,2,60,1,40.0
TXN010962,2026-08-21,2,10,2,90.0
TXN010962,2026-08-21,2,15,2,220.0
TXN010963,2026-08-21,2,27,1,40.0
TXN010963,2026-08-21,2,46,1,48.0
TXN010964,2026-08-21,2,50,1,260.0
TXN010964,2026-08-21,2,19,1,110.0
TXN010964,2026-08-21,2,29,1,95.0
TXN010964,2026-08-21,2,5,1,95.0
TXN010965,2026-08-21,2,35,1,145.0
TXN010965,2026-08-21,2,31,1,175.0
TXN010965,2026-08-21,2,25,1,280.0
TXN010966,2026-08-21,2,3,1,115.0
TXN010966,2026-08-21,2,14,2,160.0
TXN010966,2026-08-21,2,22,1,30.0
TXN010970,2026-08-21,2,25,1,280.0
TXN010970,2026-08-21,2,36,1,105.0
TXN010971,2026-08-21,2,43,1,240.0
TXN010971,2026-08-21,2,55,2,60.0
TXN010971,2026-08-21,2,29,1,95.0
TXN010972,2026-08-21,2,57,1,90.0
TXN010972,2026-08-21,2,43,1,240.0
TXN010973,2026-08-21,2,32,2,240.0
TXN010974,2026-08-21,2,6,1,30.0
TXN010974,2026-08-21,2,30,2,80.0
TXN010975,2026-08-21,2,28,1,75.0
TXN010975,2026-08-21,2,27,1,40.0
TXN010975,2026-08-21,2,30,1,40.0
TXN010977,2026-08-21,2,49,1,85.0
TXN010977,2026-08-21,2,51,1,180.0
TXN010978,2026-08-21,2,30,1,40.0
TXN010979,2026-08-21,2,41,1,90.0
TXN010979,2026-08-21,2,8,2,168.0
TXN010979,2026-08-21,2,27,1,40.0
TXN010979,2026-08-21,2,17,1,45.0
TXN010980,2026-08-21,2,53,2,80.0
TXN010981,2026-08-21,3,47,2,330.0
TXN010981,2026-08-21,3,29,1,95.0
TXN010981,2026-08-21,3,12,1,90.0
TXN010983,2026-08-21,3,28,1,75.0
TXN010983,2026-08-21,3,7,1,130.0
TXN010984,2026-08-21,3,2,2,70.0
TXN010985,2026-08-21,3,16,1,120.0
TXN010985,2026-08-21,3,14,3,240.0
TXN010985,2026-08-21,3,41,1,90.0
TXN010985,2026-08-21,3,49,1,85.0
TXN010986,2026-08-21,3,48,1,24.0
TXN010986,2026-08-21,3,8,2,168.0
TXN010987,2026-08-21,3,1,2,128.0
TXN010987,2026-08-21,3,22,3,90.0
TXN010987,2026-08-21,3,53,1,40.0
TXN010988,2026-08-21,3,13,1,60.0
TXN010988,2026-08-21,3,25,2,560.0
TXN010988,2026-08-21,3,4,2,280.0
TXN010989,2026-08-21,3,39,1,140.0
TXN010989,2026-08-21,3,24,1,50.0
TXN010989,2026-08-21,3,27,2,80.0
TXN010989,2026-08-21,3,48,3,72.0
TXN010990,2026-08-21,3,29,1,95.0
TXN010990,2026-08-21,3,23,2,50.0
TXN010990,2026-08-21,3,25,1,280.0
TXN010991,2026-08-21,3,50,1,260.0
TXN010991,2026-08-21,3,18,1,20.0
TXN010991,2026-08-21,3,7,1,130.0
TXN010992,2026-08-21,3,41,1,90.0
TXN010992,2026-08-21,3,42,2,1240.0
TXN010992,2026-08-21,3,7,1,130.0
TXN010993,2026-08-21,3,13,1,60.0
TXN010993,2026-08-21,3,60,1,40.0
TXN010996,2026-08-21,3,1,2,128.0
TXN010996,2026-08-21,3,21,2,620.0
TXN010996,2026-08-21,3,42,1,620.0
TXN010997,2026-08-21,3,24,1,50.0
TXN010997,2026-08-21,3,17,2,90.0
TXN010998,2026-08-21,3,33,2,170.0
TXN010998,2026-08-21,3,30,1,40.0
TXN010999,2026-08-21,3,39,1,140.0
TXN010999,2026-08-21,3,49,1,85.0
TXN010999,2026-08-21,3,30,1,40.0
TXN010999,2026-08-21,3,37,1,160.0
TXN011000,2026-08-21,3,22,2,60.0
TXN011001,2026-08-21,3,22,1,30.0
TXN011002,2026-08-21,3,59,1,35.0
TXN011002,2026-08-21,3,52,2,100.0
TXN011002,2026-08-21,3,13,1,60.0
TXN011002,2026-08-21,3,42,2,1240.0
TXN011003,2026-08-21,3,50,2,520.0
TXN011003,2026-08-21,3,18,1,20.0
TXN011003,2026-08-21,3,45,1,135.0
TXN011004,2026-08-21,3,47,1,165.0
TXN011004,2026-08-21,3,41,1,90.0
TXN011005,2026-08-21,3,8,2,168.0
TXN011005,2026-08-21,3,9,1,40.0
TXN011006,2026-08-21,3,15,1,110.0
TXN011007,2026-08-21,3,36,2,210.0
TXN011008,2026-08-21,3,41,1,90.0
TXN011008,2026-08-21,3,16,1,120.0
TXN011009,2026-08-22,1,22,1,30.0
TXN011010,2026-08-22,1,14,2,160.0
TXN011011,2026-08-22,1,40,2,130.0
TXN011011,2026-08-22,1,12,1,90.0
TXN011012,2026-08-22,1,8,2,168.0
TXN011012,2026-08-22,1,55,2,60.0
TXN011013,2026-08-22,1,24,2,100.0
TXN011013,2026-08-22,1,29,3,285.0
TXN011014,2026-08-22,1,57,2,180.0
TXN011015,2026-08-22,1,32,2,240.0
TXN011015,2026-08-22,1,40,1,65.0
TXN011016,2026-08-22,1,1,2,128.0
TXN011016,2026-08-22,1,25,1,280.0
TXN011016,2026-08-22,1,33,2,170.0
TXN011016,2026-08-22,1,12,2,180.0
TXN011017,2026-08-22,1,29,1,95.0
TXN011017,2026-08-22,1,3,1,115.0
TXN011017,2026-08-22,1,10,1,45.0
TXN011017,2026-08-22,1,17,4,180.0
TXN011017,2026-08-22,1,24,2,100.0
TXN011018,2026-08-22,1,31,1,175.0
TXN011019,2026-08-22,1,45,1,135.0
TXN011019,2026-08-22,1,4,1,140.0
TXN011019,2026-08-22,1,31,1,175.0
TXN011019,2026-08-22,1,2,1,35.0
TXN011019,2026-08-22,1,1,2,128.0
TXN011020,2026-08-22,1,17,3,135.0
TXN011020,2026-08-22,1,15,3,330.0
TXN011020,2026-08-22,1,42,1,620.0
TXN011021,2026-08-22,1,50,3,780.0
TXN011021,2026-08-22,1,15,1,110.0
TXN011021,2026-08-22,1,18,1,20.0
TXN011021,2026-08-22,1,24,1,50.0
TXN011021,2026-08-22,1,42,2,1240.0
TXN011022,2026-08-22,1,14,1,80.0
TXN011022,2026-08-22,1,25,2,560.0
TXN011022,2026-08-22,1,2,2,70.0
TXN011023,2026-08-22,1,55,2,60.0
TXN011024,2026-08-22,1,11,1,35.0
TXN011025,2026-08-22,1,32,2,240.0
TXN011025,2026-08-22,1,11,1,35.0
TXN011025,2026-08-22,1,28,1,75.0
TXN011025,2026-08-22,1,33,2,170.0
TXN011026,2026-08-22,1,39,1,140.0
TXN011026,2026-08-22,1,3,2,230.0
TXN011026,2026-08-22,1,13,1,60.0
TXN011026,2026-08-22,1,22,2,60.0
TXN011027,2026-08-22,1,10,2,90.0
TXN011027,2026-08-22,1,33,1,85.0
TXN011027,2026-08-22,1,47,2,330.0
TXN011027,2026-08-22,1,40,1,65.0
TXN011028,2026-08-22,1,22,2,60.0
TXN011028,2026-08-22,1,53,2,80.0
TXN011028,2026-08-22,1,59,1,35.0
TXN011028,2026-08-22,1,7,1,130.0
TXN011029,2026-08-22,1,11,1,35.0
TXN011029,2026-08-22,1,53,1,40.0
TXN011029,2026-08-22,1,57,1,90.0
TXN011030,2026-08-22,1,52,1,50.0
TXN011030,2026-08-22,1,48,2,48.0
TXN011031,2026-08-22,1,60,1,40.0
TXN011031,2026-08-22,1,31,1,175.0
TXN011031,2026-08-22,1,28,1,75.0
TXN011031,2026-08-22,1,48,3,72.0
TXN011032,2026-08-22,1,31,1,175.0
TXN011032,2026-08-22,1,1,3,192.0
TXN011033,2026-08-22,1,51,2,360.0
TXN011033,2026-08-22,1,32,2,240.0
TXN011033,2026-08-22,1,19,2,220.0
TXN011033,2026-08-22,1,55,2,60.0
TXN011034,2026-08-22,1,24,1,50.0
TXN011035,2026-08-22,1,18,1,20.0
TXN011035,2026-08-22,1,48,2,48.0
TXN011036,2026-08-22,1,41,2,180.0
TXN011036,2026-08-22,1,33,2,170.0
TXN011036,2026-08-22,1,35,1,145.0
TXN011037,2026-08-22,1,7,1,130.0
TXN011037,2026-08-22,1,4,1,140.0
TXN011038,2026-08-22,1,3,1,115.0
TXN011038,2026-08-22,1,50,1,260.0
TXN011039,2026-08-22,1,15,1,110.0
TXN011039,2026-08-22,1,1,3,192.0
TXN011039,2026-08-22,1,8,3,252.0
TXN011040,2026-08-22,1,51,2,360.0
TXN011040,2026-08-22,1,46,2,96.0
TXN011040,2026-08-22,1,15,1,110.0
TXN011041,2026-08-22,1,36,1,105.0
TXN011041,2026-08-22,1,56,1,120.0
TXN011041,2026-08-22,1,24,1,50.0
TXN011041,2026-08-22,1,50,1,260.0
TXN011041,2026-08-22,1,25,3,840.0
TXN011042,2026-08-22,1,12,1,90.0
TXN011042,2026-08-22,1,3,1,115.0
TXN011043,2026-08-22,1,19,2,220.0
TXN011043,2026-08-22,1,48,3,72.0
TXN011043,2026-08-22,1,53,1,40.0
TXN011044,2026-08-22,1,57,1,90.0
TXN011044,2026-08-22,1,60,1,40.0
TXN011044,2026-08-22,1,41,1,90.0
TXN011044,2026-08-22,1,13,1,60.0
TXN011045,2026-08-22,1,14,1,80.0
TXN011045,2026-08-22,1,60,1,40.0
TXN011045,2026-08-22,1,58,1,25.0
TXN011046,2026-08-22,2,3,1,115.0
TXN011046,2026-08-22,2,17,1,45.0
TXN011047,2026-08-22,2,4,1,140.0
TXN011047,2026-08-22,2,23,1,25.0
TXN011047,2026-08-22,2,52,1,50.0
TXN011048,2026-08-22,2,17,2,90.0
TXN011050,2026-08-22,2,21,1,310.0
TXN011050,2026-08-22,2,37,1,160.0
TXN011050,2026-08-22,2,12,1,90.0
TXN011051,2026-08-22,2,23,1,25.0
TXN011052,2026-08-22,2,31,1,175.0
TXN011052,2026-08-22,2,25,2,560.0
TXN011052,2026-08-22,2,50,1,260.0
TXN011053,2026-08-22,2,55,2,60.0
TXN011053,2026-08-22,2,6,1,30.0
TXN011053,2026-08-22,2,25,2,560.0
TXN011054,2026-08-22,2,7,2,260.0
TXN011054,2026-08-22,2,43,1,240.0
TXN011054,2026-08-22,2,32,1,120.0
TXN011056,2026-08-22,2,27,1,40.0
TXN011056,2026-08-22,2,13,1,60.0
TXN011057,2026-08-22,2,28,1,75.0
TXN011057,2026-08-22,2,14,1,80.0
TXN011057,2026-08-22,2,60,1,40.0
TXN011058,2026-08-22,2,48,2,48.0
TXN011058,2026-08-22,2,27,1,40.0
TXN011058,2026-08-22,2,22,1,30.0
TXN011059,2026-08-22,2,58,1,25.0
TXN011059,2026-08-22,2,14,1,80.0
TXN011059,2026-08-22,2,54,1,35.0
TXN011060,2026-08-22,2,18,1,20.0
TXN011060,2026-08-22,2,21,1,310.0
TXN011061,2026-08-22,2,40,1,65.0
TXN011062,2026-08-22,2,58,1,25.0
TXN011062,2026-08-22,2,17,2,90.0
TXN011062,2026-08-22,2,45,1,135.0
TXN011063,2026-08-22,2,33,2,170.0
TXN011063,2026-08-22,2,45,2,270.0
TXN011063,2026-08-22,2,11,1,35.0
TXN011064,2026-08-22,2,41,2,180.0
TXN011064,2026-08-22,2,4,1,140.0
TXN011064,2026-08-22,2,33,1,85.0
TXN011064,2026-08-22,2,10,2,90.0
TXN011065,2026-08-22,2,11,1,35.0
TXN011066,2026-08-22,2,15,1,110.0
TXN011066,2026-08-22,2,45,1,135.0
TXN011067,2026-08-22,2,16,1,120.0
TXN011067,2026-08-22,2,10,1,45.0
TXN011067,2026-08-22,2,60,1,40.0
TXN011068,2026-08-22,2,60,1,40.0
TXN011068,2026-08-22,2,21,1,310.0
TXN011068,2026-08-22,2,48,2,48.0
TXN011069,2026-08-22,2,59,1,35.0
TXN011069,2026-08-22,2,40,1,65.0
TXN011069,2026-08-22,2,54,1,35.0
TXN011070,2026-08-22,2,8,1,84.0
TXN011071,2026-08-22,2,29,3,285.0
TXN011071,2026-08-22,2,30,1,40.0
TXN011071,2026-08-22,2,54,1,35.0
TXN011071,2026-08-22,2,8,1,84.0
TXN011072,2026-08-22,2,4,2,280.0
TXN011074,2026-08-22,2,5,1,95.0
TXN011074,2026-08-22,2,36,3,315.0
TXN011074,2026-08-22,2,15,1,110.0
TXN011075,2026-08-22,2,42,2,1240.0
TXN011076,2026-08-22,2,57,1,90.0
TXN011076,2026-08-22,2,15,1,110.0
TXN011076,2026-08-22,2,22,1,30.0
TXN011076,2026-08-22,2,43,1,240.0
TXN011077,2026-08-22,2,42,3,1860.0
TXN011078,2026-08-22,2,51,1,180.0
TXN011078,2026-08-22,2,21,2,620.0
TXN011078,2026-08-22,2,50,1,260.0
TXN011078,2026-08-22,2,60,2,80.0
TXN011078,2026-08-22,2,36,1,105.0
TXN011079,2026-08-22,2,32,1,120.0
TXN011080,2026-08-22,2,28,1,75.0
TXN011080,2026-08-22,2,29,2,190.0
TXN011080,2026-08-22,2,21,2,620.0
TXN011081,2026-08-22,2,36,4,420.0
TXN011082,2026-08-22,2,53,4,160.0
TXN011082,2026-08-22,2,9,2,80.0
TXN011082,2026-08-22,2,6,1,30.0
TXN011083,2026-08-22,2,26,1,450.0
TXN011083,2026-08-22,2,43,1,240.0
TXN011085,2026-08-22,2,39,1,140.0
TXN011086,2026-08-22,2,4,1,140.0
TXN011086,2026-08-22,2,50,2,520.0
TXN011086,2026-08-22,2,10,2,90.0
TXN011086,2026-08-22,2,2,1,35.0
TXN011087,2026-08-22,2,9,3,120.0
TXN011087,2026-08-22,2,21,1,310.0
TXN011087,2026-08-22,2,31,1,175.0
TXN011087,2026-08-22,2,43,1,240.0
TXN011088,2026-08-22,2,37,1,160.0
TXN011088,2026-08-22,2,28,1,75.0
TXN011089,2026-08-22,2,1,3,192.0
TXN011089,2026-08-22,2,51,1,180.0
TXN011090,2026-08-22,3,3,1,115.0
TXN011091,2026-08-22,3,19,1,110.0
TXN011092,2026-08-22,3,5,1,95.0
TXN011093,2026-08-22,3,17,2,90.0
TXN011093,2026-08-22,3,19,1,110.0
TXN011094,2026-08-22,3,54,2,70.0
TXN011094,2026-08-22,3,40,1,65.0
TXN011095,2026-08-22,3,28,1,75.0
TXN011096,2026-08-22,3,17,2,90.0
TXN011096,2026-08-22,3,59,1,35.0
TXN011097,2026-08-22,3,51,2,360.0
TXN011097,2026-08-22,3,32,3,360.0
TXN011097,2026-08-22,3,4,1,140.0
TXN011097,2026-08-22,3,60,1,40.0
TXN011099,2026-08-22,3,57,1,90.0
TXN011099,2026-08-22,3,24,1,50.0
TXN011100,2026-08-22,3,47,2,330.0
TXN011100,2026-08-22,3,9,2,80.0
TXN011100,2026-08-22,3,22,1,30.0
TXN011100,2026-08-22,3,50,1,260.0
TXN011100,2026-08-22,3,45,2,270.0
TXN011102,2026-08-22,3,54,1,35.0
TXN011103,2026-08-22,3,55,1,30.0
TXN011103,2026-08-22,3,60,1,40.0
TXN011103,2026-08-22,3,45,2,270.0
TXN011103,2026-08-22,3,42,2,1240.0
TXN011104,2026-08-22,3,6,1,30.0
TXN011104,2026-08-22,3,33,2,170.0
TXN011104,2026-08-22,3,36,1,105.0
TXN011104,2026-08-22,3,32,1,120.0
TXN011104,2026-08-22,3,52,1,50.0
TXN011105,2026-08-22,3,9,2,80.0
TXN011105,2026-08-22,3,16,1,120.0
TXN011105,2026-08-22,3,39,1,140.0
TXN011106,2026-08-22,3,24,1,50.0
TXN011106,2026-08-22,3,6,1,30.0
TXN011106,2026-08-22,3,23,1,25.0
TXN011106,2026-08-22,3,55,2,60.0
TXN011107,2026-08-22,3,17,3,135.0
TXN011108,2026-08-22,3,46,1,48.0
TXN011108,2026-08-22,3,51,1,180.0
TXN011109,2026-08-22,3,52,1,50.0
TXN011109,2026-08-22,3,4,1,140.0
TXN011109,2026-08-22,3,58,1,25.0
TXN011110,2026-08-22,3,60,1,40.0
TXN011111,2026-08-22,3,6,1,30.0
TXN011112,2026-08-22,3,10,1,45.0
TXN011113,2026-08-22,3,14,1,80.0
TXN011114,2026-08-22,3,9,1,40.0
TXN011114,2026-08-22,3,58,1,25.0
TXN011115,2026-08-22,3,26,1,450.0
TXN011116,2026-08-22,3,58,1,25.0
TXN011116,2026-08-22,3,46,3,144.0
TXN011116,2026-08-22,3,45,1,135.0
TXN011116,2026-08-22,3,59,1,35.0
TXN011117,2026-08-22,3,58,1,25.0
TXN011117,2026-08-22,3,15,1,110.0
TXN011118,2026-08-22,3,15,1,110.0
TXN011119,2026-08-22,3,10,1,45.0
TXN011119,2026-08-22,3,56,1,120.0
TXN011119,2026-08-22,3,7,1,130.0
TXN011120,2026-08-22,3,46,1,48.0
TXN011121,2026-08-22,3,9,2,80.0
TXN011121,2026-08-22,3,33,2,170.0
TXN011121,2026-08-22,3,8,1,84.0
TXN011121,2026-08-22,3,6,1,30.0
TXN011122,2026-08-22,3,24,2,100.0
TXN011123,2026-08-22,3,12,1,90.0
TXN011123,2026-08-22,3,32,2,240.0
TXN011124,2026-08-22,3,58,1,25.0
TXN011124,2026-08-22,3,10,1,45.0
TXN011125,2026-08-22,3,51,1,180.0
TXN011126,2026-08-22,3,10,1,45.0
TXN011126,2026-08-22,3,49,1,85.0
TXN011126,2026-08-22,3,9,1,40.0
TXN011127,2026-08-22,3,21,1,310.0
TXN011127,2026-08-22,3,6,2,60.0
TXN011127,2026-08-22,3,50,1,260.0
TXN011128,2026-08-22,3,2,1,35.0
TXN011128,2026-08-22,3,52,1,50.0
TXN011128,2026-08-22,3,60,1,40.0
TXN011129,2026-08-23,1,13,2,120.0
TXN011129,2026-08-23,1,12,1,90.0
TXN011130,2026-08-23,1,52,2,100.0
TXN011131,2026-08-23,1,3,1,115.0
TXN011131,2026-08-23,1,51,1,180.0
TXN011131,2026-08-23,1,55,1,30.0
TXN011131,2026-08-23,1,11,1,35.0
TXN011132,2026-08-23,1,1,2,128.0
TXN011133,2026-08-23,1,53,1,40.0
TXN011133,2026-08-23,1,36,1,105.0
TXN011133,2026-08-23,1,30,1,40.0
TXN011133,2026-08-23,1,33,1,85.0
TXN011134,2026-08-23,1,59,1,35.0
TXN011134,2026-08-23,1,1,3,192.0
TXN011134,2026-08-23,1,18,1,20.0
TXN011134,2026-08-23,1,54,2,70.0
TXN011135,2026-08-23,1,19,1,110.0
TXN011135,2026-08-23,1,9,3,120.0
TXN011135,2026-08-23,1,32,2,240.0
TXN011135,2026-08-23,1,56,1,120.0
TXN011135,2026-08-23,1,24,2,100.0
TXN011136,2026-08-23,1,56,1,120.0
TXN011136,2026-08-23,1,23,2,50.0
TXN011136,2026-08-23,1,13,2,120.0
TXN011136,2026-08-23,1,29,2,190.0
TXN011136,2026-08-23,1,10,2,90.0
TXN011137,2026-08-23,1,59,2,70.0
TXN011137,2026-08-23,1,21,2,620.0
TXN011137,2026-08-23,1,60,1,40.0
TXN011138,2026-08-23,1,27,2,80.0
TXN011138,2026-08-23,1,39,2,280.0
TXN011140,2026-08-23,1,50,2,520.0
TXN011141,2026-08-23,1,24,1,50.0
TXN011141,2026-08-23,1,16,2,240.0
TXN011141,2026-08-23,1,56,1,120.0
TXN011141,2026-08-23,1,48,3,72.0
TXN011142,2026-08-23,1,16,2,240.0
TXN011142,2026-08-23,1,33,1,85.0
TXN011142,2026-08-23,1,51,1,180.0
TXN011143,2026-08-23,1,43,2,480.0
TXN011143,2026-08-23,1,17,4,180.0
TXN011143,2026-08-23,1,3,1,115.0
TXN011143,2026-08-23,1,5,2,190.0
TXN011144,2026-08-23,1,36,3,315.0
TXN011144,2026-08-23,1,9,3,120.0
TXN011144,2026-08-23,1,28,1,75.0
TXN011145,2026-08-23,1,5,2,190.0
TXN011145,2026-08-23,1,1,2,128.0
TXN011145,2026-08-23,1,22,1,30.0
TXN011145,2026-08-23,1,47,1,165.0
TXN011147,2026-08-23,1,2,2,70.0
TXN011147,2026-08-23,1,3,1,115.0
TXN011147,2026-08-23,1,52,1,50.0
TXN011148,2026-08-23,1,39,1,140.0
TXN011148,2026-08-23,1,1,2,128.0
TXN011148,2026-08-23,1,27,1,40.0
TXN011149,2026-08-23,1,30,2,80.0
TXN011149,2026-08-23,1,1,3,192.0
TXN011150,2026-08-23,1,3,1,115.0
TXN011150,2026-08-23,1,4,1,140.0
TXN011150,2026-08-23,1,50,1,260.0
TXN011151,2026-08-23,1,60,1,40.0
TXN011152,2026-08-23,1,10,1,45.0
TXN011152,2026-08-23,1,57,1,90.0
TXN011152,2026-08-23,1,7,2,260.0
TXN011153,2026-08-23,1,31,1,175.0
TXN011153,2026-08-23,1,29,3,285.0
TXN011154,2026-08-23,1,24,1,50.0
TXN011155,2026-08-23,1,27,1,40.0
TXN011156,2026-08-23,1,14,1,80.0
TXN011156,2026-08-23,1,48,1,24.0
TXN011156,2026-08-23,1,16,2,240.0
TXN011157,2026-08-23,1,55,2,60.0
TXN011157,2026-08-23,1,51,2,360.0
TXN011157,2026-08-23,1,54,1,35.0
TXN011157,2026-08-23,1,30,1,40.0
TXN011158,2026-08-23,1,36,2,210.0
TXN011158,2026-08-23,1,27,1,40.0
TXN011158,2026-08-23,1,51,1,180.0
TXN011158,2026-08-23,1,9,4,160.0
TXN011158,2026-08-23,1,50,1,260.0
TXN011159,2026-08-23,1,7,1,130.0
TXN011160,2026-08-23,1,4,1,140.0
TXN011161,2026-08-23,1,54,1,35.0
TXN011161,2026-08-23,1,31,1,175.0
TXN011161,2026-08-23,1,36,2,210.0
TXN011162,2026-08-23,1,17,3,135.0
TXN011162,2026-08-23,1,7,1,130.0
TXN011162,2026-08-23,1,48,2,48.0
TXN011162,2026-08-23,1,52,1,50.0
TXN011162,2026-08-23,1,13,1,60.0
TXN011163,2026-08-23,1,26,1,450.0
TXN011163,2026-08-23,1,12,1,90.0
TXN011163,2026-08-23,1,2,1,35.0
TXN011164,2026-08-23,1,16,2,240.0
TXN011164,2026-08-23,1,27,1,40.0
TXN011164,2026-08-23,1,50,1,260.0
TXN011164,2026-08-23,1,6,2,60.0
TXN011165,2026-08-23,1,45,2,270.0
TXN011165,2026-08-23,1,43,1,240.0
TXN011165,2026-08-23,1,60,2,80.0
TXN011165,2026-08-23,1,12,1,90.0
TXN011165,2026-08-23,1,39,1,140.0
TXN011166,2026-08-23,1,49,2,170.0
TXN011166,2026-08-23,1,39,2,280.0
TXN011167,2026-08-23,1,7,1,130.0
TXN011167,2026-08-23,1,41,1,90.0
TXN011167,2026-08-23,1,57,2,180.0
TXN011168,2026-08-23,1,42,3,1860.0
TXN011168,2026-08-23,1,51,2,360.0
TXN011169,2026-08-23,1,12,1,90.0
TXN011169,2026-08-23,1,42,2,1240.0
TXN011169,2026-08-23,1,23,2,50.0
TXN011170,2026-08-23,1,9,3,120.0
TXN011171,2026-08-23,1,2,1,35.0
TXN011171,2026-08-23,1,21,1,310.0
TXN011172,2026-08-23,1,9,4,160.0
TXN011172,2026-08-23,1,28,1,75.0
TXN011172,2026-08-23,1,4,1,140.0
TXN011173,2026-08-23,1,59,1,35.0
TXN011173,2026-08-23,1,58,1,25.0
TXN011174,2026-08-23,1,53,2,80.0
TXN011175,2026-08-23,1,43,1,240.0
TXN011175,2026-08-23,1,4,1,140.0
TXN011175,2026-08-23,1,60,2,80.0
TXN011175,2026-08-23,1,53,3,120.0
TXN011175,2026-08-23,1,5,1,95.0
TXN011176,2026-08-23,1,9,3,120.0
TXN011176,2026-08-23,1,53,2,80.0
TXN011176,2026-08-23,1,7,2,260.0
TXN011177,2026-08-23,1,56,1,120.0
TXN011178,2026-08-23,1,3,1,115.0
TXN011180,2026-08-23,2,2,1,35.0
TXN011180,2026-08-23,2,52,2,100.0
TXN011181,2026-08-23,2,54,2,70.0
TXN011182,2026-08-23,2,43,1,240.0
TXN011182,2026-08-23,2,45,2,270.0
TXN011183,2026-08-23,2,47,1,165.0
TXN011183,2026-08-23,2,55,2,60.0
TXN011184,2026-08-23,2,11,1,35.0
TXN011185,2026-08-23,2,4,1,140.0
TXN011186,2026-08-23,2,4,2,280.0
TXN011187,2026-08-23,2,36,1,105.0
TXN011187,2026-08-23,2,1,3,192.0
TXN011188,2026-08-23,2,39,2,280.0
TXN011188,2026-08-23,2,32,1,120.0
TXN011189,2026-08-23,2,8,2,168.0
TXN011189,2026-08-23,2,17,1,45.0
TXN011190,2026-08-23,2,51,1,180.0
TXN011191,2026-08-23,2,21,1,310.0
TXN011191,2026-08-23,2,49,1,85.0
TXN011191,2026-08-23,2,27,2,80.0
TXN011191,2026-08-23,2,5,2,190.0
TXN011192,2026-08-23,2,47,2,330.0
TXN011192,2026-08-23,2,16,1,120.0
TXN011192,2026-08-23,2,22,1,30.0
TXN011192,2026-08-23,2,60,1,40.0
TXN011192,2026-08-23,2,39,1,140.0
TXN011193,2026-08-23,2,40,1,65.0
TXN011193,2026-08-23,2,48,2,48.0
TXN011193,2026-08-23,2,4,1,140.0
TXN011193,2026-08-23,2,23,2,50.0
TXN011194,2026-08-23,2,22,2,60.0
TXN011194,2026-08-23,2,1,2,128.0
TXN011196,2026-08-23,2,13,1,60.0
TXN011196,2026-08-23,2,47,2,330.0
TXN011197,2026-08-23,2,41,2,180.0
TXN011198,2026-08-23,2,22,1,30.0
TXN011198,2026-08-23,2,36,2,210.0
TXN011198,2026-08-23,2,7,1,130.0
TXN011199,2026-08-23,2,29,2,190.0
TXN011200,2026-08-23,2,28,1,75.0
TXN011200,2026-08-23,2,59,1,35.0
TXN011200,2026-08-23,2,9,3,120.0
TXN011201,2026-08-23,2,7,2,260.0
TXN011201,2026-08-23,2,3,1,115.0
TXN011201,2026-08-23,2,12,1,90.0
TXN011202,2026-08-23,2,15,1,110.0
TXN011202,2026-08-23,2,36,1,105.0
TXN011202,2026-08-23,2,25,1,280.0
TXN011204,2026-08-23,2,1,3,192.0
TXN011204,2026-08-23,2,30,1,40.0
TXN011204,2026-08-23,2,60,1,40.0
TXN011205,2026-08-23,2,39,1,140.0
TXN011205,2026-08-23,2,1,2,128.0
TXN011205,2026-08-23,2,4,1,140.0
TXN011205,2026-08-23,2,53,1,40.0
TXN011207,2026-08-23,2,17,3,135.0
TXN011208,2026-08-23,2,60,1,40.0
TXN011208,2026-08-23,2,16,1,120.0
TXN011209,2026-08-23,2,11,1,35.0
TXN011209,2026-08-23,2,26,1,450.0
TXN011209,2026-08-23,2,12,2,180.0
TXN011209,2026-08-23,2,27,2,80.0
TXN011209,2026-08-23,2,50,1,260.0
TXN011210,2026-08-23,2,35,1,145.0
TXN011210,2026-08-23,2,57,1,90.0
TXN011211,2026-08-23,3,21,2,620.0
TXN011212,2026-08-23,3,48,1,24.0
TXN011212,2026-08-23,3,40,1,65.0
TXN011212,2026-08-23,3,30,1,40.0
TXN011213,2026-08-23,3,40,1,65.0
TXN011213,2026-08-23,3,39,2,280.0
TXN011213,2026-08-23,3,53,2,80.0
TXN011213,2026-08-23,3,42,1,620.0
TXN011213,2026-08-23,3,27,2,80.0
TXN011214,2026-08-23,3,33,1,85.0
TXN011214,2026-08-23,3,29,2,190.0
TXN011214,2026-08-23,3,52,1,50.0
TXN011215,2026-08-23,3,42,1,620.0
TXN011215,2026-08-23,3,55,1,30.0
TXN011215,2026-08-23,3,37,1,160.0
TXN011216,2026-08-23,3,10,2,90.0
TXN011216,2026-08-23,3,53,2,80.0
TXN011216,2026-08-23,3,21,1,310.0
TXN011217,2026-08-23,3,12,1,90.0
TXN011217,2026-08-23,3,22,1,30.0
TXN011217,2026-08-23,3,2,1,35.0
TXN011218,2026-08-23,3,1,2,128.0
TXN011218,2026-08-23,3,22,2,60.0
TXN011219,2026-08-23,3,53,1,40.0
TXN011219,2026-08-23,3,24,1,50.0
TXN011220,2026-08-23,3,49,1,85.0
TXN011220,2026-08-23,3,39,2,280.0
TXN011220,2026-08-23,3,30,1,40.0
TXN011221,2026-08-23,3,17,3,135.0
TXN011223,2026-08-23,3,12,2,180.0
TXN011224,2026-08-23,3,50,1,260.0
TXN011224,2026-08-23,3,7,2,260.0
TXN011224,2026-08-23,3,32,2,240.0
TXN011225,2026-08-23,3,29,1,95.0
TXN011225,2026-08-23,3,49,2,170.0
TXN011225,2026-08-23,3,3,1,115.0
TXN011226,2026-08-23,3,11,1,35.0
TXN011226,2026-08-23,3,22,2,60.0
TXN011226,2026-08-23,3,8,1,84.0
TXN011226,2026-08-23,3,55,2,60.0
TXN011227,2026-08-23,3,3,1,115.0
TXN011227,2026-08-23,3,11,1,35.0
TXN011227,2026-08-23,3,14,1,80.0
TXN011228,2026-08-23,3,18,1,20.0
TXN011228,2026-08-23,3,54,2,70.0
TXN011229,2026-08-23,3,53,1,40.0
TXN011229,2026-08-23,3,31,1,175.0
TXN011230,2026-08-23,3,1,1,64.0
TXN011231,2026-08-23,3,58,1,25.0
TXN011231,2026-08-23,3,33,1,85.0
TXN011232,2026-08-23,3,6,2,60.0
TXN011235,2026-08-23,3,4,1,140.0
TXN011236,2026-08-23,3,24,2,100.0
TXN011237,2026-08-23,3,57,1,90.0
TXN011237,2026-08-23,3,39,1,140.0
TXN011237,2026-08-23,3,51,1,180.0
TXN011237,2026-08-23,3,29,2,190.0
TXN011238,2026-08-23,3,16,1,120.0
TXN011238,2026-08-23,3,22,1,30.0
TXN011239,2026-08-23,3,17,2,90.0
TXN011239,2026-08-23,3,45,1,135.0
TXN011239,2026-08-23,3,10,1,45.0
TXN011239,2026-08-23,3,55,1,30.0
TXN011240,2026-08-23,3,57,1,90.0
TXN011241,2026-08-23,3,52,1,50.0
TXN011242,2026-08-23,3,33,1,85.0
TXN011242,2026-08-23,3,13,1,60.0
TXN011242,2026-08-23,3,6,1,30.0
TXN011242,2026-08-23,3,15,1,110.0
TXN011243,2026-08-23,3,50,2,520.0
TXN011244,2026-08-23,3,27,1,40.0
TXN011244,2026-08-23,3,24,1,50.0
TXN011244,2026-08-23,3,33,1,85.0
TXN011244,2026-08-23,3,6,1,30.0
TXN011245,2026-08-24,1,2,1,35.0
TXN011245,2026-08-24,1,27,1,40.0
TXN011245,2026-08-24,1,5,1,95.0
TXN011245,2026-08-24,1,42,1,620.0
TXN011247,2026-08-24,1,13,1,60.0
TXN011247,2026-08-24,1,8,2,168.0
TXN011247,2026-08-24,1,52,2,100.0
TXN011248,2026-08-24,1,4,1,140.0
TXN011248,2026-08-24,1,51,1,180.0
TXN011248,2026-08-24,1,36,1,105.0
TXN011249,2026-08-24,1,12,1,90.0
TXN011249,2026-08-24,1,57,1,90.0
TXN011250,2026-08-24,1,39,2,280.0
TXN011250,2026-08-24,1,6,2,60.0
TXN011251,2026-08-24,1,32,1,120.0
TXN011252,2026-08-24,1,21,1,310.0
TXN011253,2026-08-24,1,35,1,145.0
TXN011253,2026-08-24,1,28,1,75.0
TXN011254,2026-08-24,1,47,1,165.0
TXN011254,2026-08-24,1,22,2,60.0
TXN011254,2026-08-24,1,57,1,90.0
TXN011255,2026-08-24,1,52,1,50.0
TXN011255,2026-08-24,1,39,1,140.0
TXN011255,2026-08-24,1,12,1,90.0
TXN011256,2026-08-24,1,27,2,80.0
TXN011256,2026-08-24,1,6,1,30.0
TXN011256,2026-08-24,1,50,1,260.0
TXN011257,2026-08-24,1,7,1,130.0
TXN011257,2026-08-24,1,2,1,35.0
TXN011258,2026-08-24,1,6,2,60.0
TXN011258,2026-08-24,1,59,1,35.0
TXN011259,2026-08-24,1,7,2,260.0
TXN011259,2026-08-24,1,35,1,145.0
TXN011259,2026-08-24,1,9,3,120.0
TXN011259,2026-08-24,1,50,1,260.0
TXN011261,2026-08-24,1,56,1,120.0
TXN011261,2026-08-24,1,57,1,90.0
TXN011262,2026-08-24,1,12,1,90.0
TXN011262,2026-08-24,1,41,1,90.0
TXN011262,2026-08-24,1,46,1,48.0
TXN011263,2026-08-24,1,14,1,80.0
TXN011264,2026-08-24,1,24,2,100.0
TXN011265,2026-08-24,1,45,2,270.0
TXN011266,2026-08-24,1,28,1,75.0
TXN011266,2026-08-24,1,41,1,90.0
TXN011266,2026-08-24,1,58,1,25.0
TXN011267,2026-08-24,1,8,2,168.0
TXN011268,2026-08-24,1,6,3,90.0
TXN011268,2026-08-24,1,16,2,240.0
TXN011268,2026-08-24,1,25,1,280.0
TXN011269,2026-08-24,1,11,1,35.0
TXN011270,2026-08-24,1,29,1,95.0
TXN011270,2026-08-24,1,28,1,75.0
TXN011270,2026-08-24,1,32,1,120.0
TXN011270,2026-08-24,1,47,1,165.0
TXN011270,2026-08-24,1,12,1,90.0
TXN011271,2026-08-24,1,14,1,80.0
TXN011272,2026-08-24,1,13,1,60.0
TXN011272,2026-08-24,1,27,1,40.0
TXN011273,2026-08-24,1,19,1,110.0
TXN011273,2026-08-24,1,53,1,40.0
TXN011273,2026-08-24,1,39,1,140.0
TXN011273,2026-08-24,1,10,1,45.0
TXN011273,2026-08-24,1,32,1,120.0
TXN011274,2026-08-24,1,11,1,35.0
TXN011274,2026-08-24,1,19,1,110.0
TXN011275,2026-08-24,1,22,1,30.0
TXN011275,2026-08-24,1,55,1,30.0
TXN011275,2026-08-24,1,24,1,50.0
TXN011275,2026-08-24,1,18,2,40.0
TXN011276,2026-08-24,1,17,2,90.0
TXN011277,2026-08-24,1,59,1,35.0
TXN011279,2026-08-24,1,25,1,280.0
TXN011279,2026-08-24,1,54,1,35.0
TXN011280,2026-08-24,1,42,2,1240.0
TXN011280,2026-08-24,1,36,2,210.0
TXN011281,2026-08-24,1,18,1,20.0
TXN011281,2026-08-24,1,32,1,120.0
TXN011283,2026-08-24,1,21,1,310.0
TXN011283,2026-08-24,1,47,3,495.0
TXN011283,2026-08-24,1,46,2,96.0
TXN011284,2026-08-24,1,29,1,95.0
TXN011285,2026-08-24,1,6,1,30.0
TXN011285,2026-08-24,1,25,1,280.0
TXN011286,2026-08-24,1,51,2,360.0
TXN011286,2026-08-24,1,36,2,210.0
TXN011286,2026-08-24,1,18,1,20.0
TXN011287,2026-08-24,1,45,2,270.0
TXN011287,2026-08-24,1,21,1,310.0
TXN011287,2026-08-24,1,13,1,60.0
TXN011288,2026-08-24,1,45,2,270.0
TXN011288,2026-08-24,1,22,2,60.0
TXN011288,2026-08-24,1,39,1,140.0
TXN011288,2026-08-24,1,37,1,160.0
TXN011290,2026-08-24,1,33,1,85.0
TXN011290,2026-08-24,1,12,1,90.0
TXN011290,2026-08-24,1,18,2,40.0
TXN011291,2026-08-24,2,1,1,64.0
TXN011291,2026-08-24,2,54,1,35.0
TXN011291,2026-08-24,2,15,2,220.0
TXN011291,2026-08-24,2,47,1,165.0
TXN011292,2026-08-24,2,14,1,80.0
TXN011292,2026-08-24,2,35,1,145.0
TXN011292,2026-08-24,2,51,2,360.0
TXN011293,2026-08-24,2,16,2,240.0
TXN011293,2026-08-24,2,32,2,240.0
TXN011293,2026-08-24,2,55,1,30.0
TXN011293,2026-08-24,2,1,3,192.0
TXN011294,2026-08-24,2,9,2,80.0
TXN011294,2026-08-24,2,26,1,450.0
TXN011294,2026-08-24,2,5,1,95.0
TXN011294,2026-08-24,2,16,2,240.0
TXN011295,2026-08-24,2,40,1,65.0
TXN011295,2026-08-24,2,2,1,35.0
TXN011295,2026-08-24,2,49,1,85.0
TXN011296,2026-08-24,2,5,1,95.0
TXN011297,2026-08-24,2,2,1,35.0
TXN011298,2026-08-24,2,31,1,175.0
TXN011298,2026-08-24,2,32,1,120.0
TXN011299,2026-08-24,2,57,1,90.0
TXN011300,2026-08-24,2,11,1,35.0
TXN011300,2026-08-24,2,39,1,140.0
TXN011300,2026-08-24,2,8,1,84.0
TXN011300,2026-08-24,2,59,1,35.0
TXN011300,2026-08-24,2,10,2,90.0
TXN011301,2026-08-24,2,32,2,240.0
TXN011301,2026-08-24,2,18,1,20.0
TXN011301,2026-08-24,2,58,1,25.0
TXN011301,2026-08-24,2,42,2,1240.0
TXN011301,2026-08-24,2,51,1,180.0
TXN011302,2026-08-24,2,14,1,80.0
TXN011303,2026-08-24,2,25,1,280.0
TXN011304,2026-08-24,2,18,1,20.0
TXN011304,2026-08-24,2,58,1,25.0
TXN011304,2026-08-24,2,10,1,45.0
TXN011305,2026-08-24,2,31,1,175.0
TXN011305,2026-08-24,2,10,1,45.0
TXN011306,2026-08-24,2,48,1,24.0
TXN011306,2026-08-24,2,16,1,120.0
TXN011306,2026-08-24,2,11,1,35.0
TXN011307,2026-08-24,2,9,2,80.0
TXN011308,2026-08-24,2,7,2,260.0
TXN011308,2026-08-24,2,32,2,240.0
TXN011308,2026-08-24,2,42,1,620.0
TXN011309,2026-08-24,2,43,1,240.0
TXN011309,2026-08-24,2,59,1,35.0
TXN011310,2026-08-24,2,53,2,80.0
TXN011310,2026-08-24,2,52,2,100.0
TXN011310,2026-08-24,2,33,1,85.0
TXN011311,2026-08-24,2,47,2,330.0
TXN011312,2026-08-24,2,8,1,84.0
TXN011312,2026-08-24,2,52,1,50.0
TXN011312,2026-08-24,2,55,2,60.0
TXN011313,2026-08-24,2,23,1,25.0
TXN011313,2026-08-24,2,52,1,50.0
TXN011314,2026-08-24,2,45,1,135.0
TXN011315,2026-08-24,2,15,1,110.0
TXN011315,2026-08-24,2,32,1,120.0
TXN011315,2026-08-24,2,50,2,520.0
TXN011315,2026-08-24,2,17,2,90.0
TXN011316,2026-08-24,2,15,1,110.0
TXN011317,2026-08-24,2,54,2,70.0
TXN011317,2026-08-24,2,6,1,30.0
TXN011317,2026-08-24,2,18,1,20.0
TXN011320,2026-08-24,3,14,1,80.0
TXN011320,2026-08-24,3,52,1,50.0
TXN011321,2026-08-24,3,23,1,25.0
TXN011322,2026-08-24,3,32,1,120.0
TXN011322,2026-08-24,3,35,1,145.0
TXN011323,2026-08-24,3,5,1,95.0
TXN011323,2026-08-24,3,7,2,260.0
TXN011323,2026-08-24,3,56,1,120.0
TXN011324,2026-08-24,3,45,2,270.0
TXN011324,2026-08-24,3,48,1,24.0
TXN011324,2026-08-24,3,40,1,65.0
TXN011324,2026-08-24,3,25,1,280.0
TXN011325,2026-08-24,3,7,2,260.0
TXN011325,2026-08-24,3,53,2,80.0
TXN011328,2026-08-24,3,22,2,60.0
TXN011328,2026-08-24,3,2,1,35.0
TXN011328,2026-08-24,3,8,2,168.0
TXN011329,2026-08-24,3,8,2,168.0
TXN011329,2026-08-24,3,49,1,85.0
TXN011329,2026-08-24,3,50,1,260.0
TXN011330,2026-08-24,3,29,1,95.0
TXN011333,2026-08-24,3,12,1,90.0
TXN011333,2026-08-24,3,55,1,30.0
TXN011333,2026-08-24,3,9,2,80.0
TXN011334,2026-08-24,3,45,2,270.0
TXN011334,2026-08-24,3,48,1,24.0
TXN011334,2026-08-24,3,15,1,110.0
TXN011335,2026-08-24,3,52,1,50.0
TXN011335,2026-08-24,3,39,1,140.0
TXN011336,2026-08-24,3,37,1,160.0
TXN011336,2026-08-24,3,40,1,65.0
TXN011336,2026-08-24,3,49,2,170.0
TXN011337,2026-08-24,3,42,1,620.0
TXN011337,2026-08-24,3,14,2,160.0
TXN011338,2026-08-24,3,60,1,40.0
TXN011339,2026-08-24,3,25,1,280.0
TXN011339,2026-08-24,3,39,1,140.0
TXN011339,2026-08-24,3,19,1,110.0
TXN011340,2026-08-24,3,55,1,30.0
TXN011341,2026-08-24,3,55,2,60.0
TXN011342,2026-08-24,3,54,1,35.0
TXN011342,2026-08-24,3,21,1,310.0
TXN011342,2026-08-24,3,50,1,260.0
TXN011343,2026-08-24,3,53,1,40.0
TXN011343,2026-08-24,3,7,1,130.0
TXN011343,2026-08-24,3,43,1,240.0
TXN011343,2026-08-24,3,36,1,105.0
TXN011344,2026-08-24,3,22,2,60.0
TXN011345,2026-08-24,3,54,1,35.0
TXN011345,2026-08-24,3,45,1,135.0
TXN011346,2026-08-25,1,39,1,140.0
TXN011346,2026-08-25,1,56,1,120.0
TXN011347,2026-08-25,1,36,3,315.0
TXN011347,2026-08-25,1,10,2,90.0
TXN011347,2026-08-25,1,28,1,75.0
TXN011349,2026-08-25,1,27,2,80.0
TXN011349,2026-08-25,1,3,1,115.0
TXN011350,2026-08-25,1,56,1,120.0
TXN011350,2026-08-25,1,35,1,145.0
TXN011350,2026-08-25,1,55,2,60.0
TXN011351,2026-08-25,1,30,3,120.0
TXN011351,2026-08-25,1,16,2,240.0
TXN011351,2026-08-25,1,8,2,168.0
TXN011351,2026-08-25,1,53,1,40.0
TXN011352,2026-08-25,1,15,1,110.0
TXN011352,2026-08-25,1,7,1,130.0
TXN011352,2026-08-25,1,49,1,85.0
TXN011353,2026-08-25,1,16,1,120.0
TXN011353,2026-08-25,1,48,1,24.0
TXN011354,2026-08-25,1,2,2,70.0
TXN011355,2026-08-25,1,32,1,120.0
TXN011355,2026-08-25,1,10,1,45.0
TXN011355,2026-08-25,1,48,2,48.0
TXN011355,2026-08-25,1,54,2,70.0
TXN011356,2026-08-25,1,3,1,115.0
TXN011357,2026-08-25,1,24,1,50.0
TXN011358,2026-08-25,1,4,1,140.0
TXN011358,2026-08-25,1,55,1,30.0
TXN011358,2026-08-25,1,48,2,48.0
TXN011360,2026-08-25,1,54,1,35.0
TXN011360,2026-08-25,1,55,1,30.0
TXN011361,2026-08-25,1,39,3,420.0
TXN011362,2026-08-25,1,5,2,190.0
TXN011363,2026-08-25,1,9,2,80.0
TXN011363,2026-08-25,1,59,1,35.0
TXN011364,2026-08-25,1,11,1,35.0
TXN011364,2026-08-25,1,31,1,175.0
TXN011365,2026-08-25,1,50,1,260.0
TXN011365,2026-08-25,1,45,1,135.0
TXN011365,2026-08-25,1,12,2,180.0
TXN011365,2026-08-25,1,42,1,620.0
TXN011366,2026-08-25,1,15,2,220.0
TXN011366,2026-08-25,1,53,2,80.0
TXN011367,2026-08-25,1,3,1,115.0
TXN011367,2026-08-25,1,43,2,480.0
TXN011368,2026-08-25,1,15,1,110.0
TXN011368,2026-08-25,1,6,2,60.0
TXN011369,2026-08-25,1,48,1,24.0
TXN011369,2026-08-25,1,57,2,180.0
TXN011371,2026-08-25,1,26,1,450.0
TXN011372,2026-08-25,1,31,1,175.0
TXN011372,2026-08-25,1,48,2,48.0
TXN011372,2026-08-25,1,53,2,80.0
TXN011372,2026-08-25,1,46,2,96.0
TXN011373,2026-08-25,1,31,1,175.0
TXN011373,2026-08-25,1,24,1,50.0
TXN011373,2026-08-25,1,35,1,145.0
TXN011374,2026-08-25,1,29,2,190.0
TXN011375,2026-08-25,1,51,1,180.0
TXN011376,2026-08-25,1,10,1,45.0
TXN011377,2026-08-25,1,21,2,620.0
TXN011377,2026-08-25,1,53,3,120.0
TXN011377,2026-08-25,1,29,2,190.0
TXN011377,2026-08-25,1,36,3,315.0
TXN011378,2026-08-25,1,28,1,75.0
TXN011378,2026-08-25,1,9,4,160.0
TXN011379,2026-08-25,1,43,1,240.0
TXN011379,2026-08-25,1,9,3,120.0
TXN011380,2026-08-25,1,10,1,45.0
TXN011380,2026-08-25,1,27,2,80.0
TXN011381,2026-08-25,1,41,1,90.0
TXN011381,2026-08-25,1,18,2,40.0
TXN011381,2026-08-25,1,52,1,50.0
TXN011382,2026-08-25,1,49,2,170.0
TXN011382,2026-08-25,1,29,3,285.0
TXN011382,2026-08-25,1,27,2,80.0
TXN011384,2026-08-25,1,32,1,120.0
TXN011385,2026-08-25,1,16,2,240.0
TXN011385,2026-08-25,1,12,2,180.0
TXN011386,2026-08-25,1,35,1,145.0
TXN011386,2026-08-25,1,54,1,35.0
TXN011386,2026-08-25,1,33,1,85.0
TXN011386,2026-08-25,1,60,1,40.0
TXN011386,2026-08-25,1,37,1,160.0
TXN011387,2026-08-25,1,27,3,120.0
TXN011387,2026-08-25,1,17,2,90.0
TXN011387,2026-08-25,1,25,2,560.0
TXN011388,2026-08-25,1,31,1,175.0
TXN011388,2026-08-25,1,48,1,24.0
TXN011388,2026-08-25,1,36,2,210.0
TXN011388,2026-08-25,1,23,1,25.0
TXN011389,2026-08-25,1,8,3,252.0
TXN011389,2026-08-25,1,10,1,45.0
TXN011389,2026-08-25,1,18,1,20.0
TXN011389,2026-08-25,1,32,2,240.0
TXN011390,2026-08-25,1,51,2,360.0
TXN011390,2026-08-25,1,45,1,135.0
TXN011390,2026-08-25,1,30,2,80.0
TXN011391,2026-08-25,2,39,1,140.0
TXN011391,2026-08-25,2,58,1,25.0
TXN011392,2026-08-25,2,54,1,35.0
TXN011393,2026-08-25,2,46,1,48.0
TXN011393,2026-08-25,2,12,1,90.0
TXN011394,2026-08-25,2,30,1,40.0
TXN011394,2026-08-25,2,25,2,560.0
TXN011397,2026-08-25,2,24,1,50.0
TXN011397,2026-08-25,2,60,1,40.0
TXN011398,2026-08-25,2,16,1,120.0
TXN011398,2026-08-25,2,32,2,240.0
TXN011398,2026-08-25,2,9,2,80.0
TXN011399,2026-08-25,2,57,1,90.0
TXN011399,2026-08-25,2,21,1,310.0
TXN011400,2026-08-25,2,22,2,60.0
TXN011401,2026-08-25,2,9,1,40.0
TXN011401,2026-08-25,2,25,1,280.0
TXN011401,2026-08-25,2,51,2,360.0
TXN011402,2026-08-25,2,10,1,45.0
TXN011403,2026-08-25,2,18,1,20.0
TXN011404,2026-08-25,2,13,1,60.0
TXN011405,2026-08-25,2,54,1,35.0
TXN011405,2026-08-25,2,2,1,35.0
TXN011405,2026-08-25,2,47,1,165.0
TXN011405,2026-08-25,2,41,1,90.0
TXN011405,2026-08-25,2,6,1,30.0
TXN011406,2026-08-25,2,55,2,60.0
TXN011407,2026-08-25,2,40,1,65.0
TXN011407,2026-08-25,2,1,2,128.0
TXN011407,2026-08-25,2,60,1,40.0
TXN011408,2026-08-25,2,35,1,145.0
TXN011408,2026-08-25,2,48,2,48.0
TXN011409,2026-08-25,2,9,1,40.0
TXN011410,2026-08-25,2,21,2,620.0
TXN011410,2026-08-25,2,5,2,190.0
TXN011410,2026-08-25,2,26,1,450.0
TXN011410,2026-08-25,2,23,2,50.0
TXN011411,2026-08-25,2,31,1,175.0
TXN011412,2026-08-25,2,51,1,180.0
TXN011413,2026-08-25,2,36,2,210.0
TXN011414,2026-08-25,2,32,2,240.0
TXN011414,2026-08-25,2,52,2,100.0
TXN011414,2026-08-25,2,4,1,140.0
TXN011414,2026-08-25,2,50,1,260.0
TXN011414,2026-08-25,2,2,2,70.0
TXN011415,2026-08-25,2,39,1,140.0
TXN011415,2026-08-25,2,14,1,80.0
TXN011415,2026-08-25,2,52,1,50.0
TXN011416,2026-08-25,2,12,1,90.0
TXN011417,2026-08-25,2,42,2,1240.0
TXN011417,2026-08-25,2,14,1,80.0
TXN011418,2026-08-25,2,1,1,64.0
TXN011418,2026-08-25,2,14,1,80.0
TXN011419,2026-08-25,2,41,1,90.0
TXN011419,2026-08-25,2,52,1,50.0
TXN011420,2026-08-25,2,31,1,175.0
TXN011420,2026-08-25,2,58,1,25.0
TXN011421,2026-08-25,2,42,1,620.0
TXN011421,2026-08-25,2,29,1,95.0
TXN011421,2026-08-25,2,28,1,75.0
TXN011421,2026-08-25,2,2,1,35.0
TXN011421,2026-08-25,2,46,1,48.0
TXN011422,2026-08-25,2,49,1,85.0
TXN011423,2026-08-25,2,37,1,160.0
TXN011423,2026-08-25,2,18,1,20.0
TXN011424,2026-08-25,2,6,1,30.0
TXN011424,2026-08-25,2,24,1,50.0
TXN011425,2026-08-25,2,27,2,80.0
TXN011425,2026-08-25,2,42,3,1860.0
TXN011426,2026-08-25,2,59,2,70.0
TXN011426,2026-08-25,2,29,2,190.0
TXN011427,2026-08-25,2,41,1,90.0
TXN011428,2026-08-25,2,28,1,75.0
TXN011430,2026-08-25,3,14,2,160.0
TXN011430,2026-08-25,3,8,1,84.0
TXN011430,2026-08-25,3,16,1,120.0
TXN011431,2026-08-25,3,21,1,310.0
TXN011432,2026-08-25,3,12,1,90.0
TXN011433,2026-08-25,3,17,2,90.0
TXN011433,2026-08-25,3,18,1,20.0
TXN011433,2026-08-25,3,53,1,40.0
TXN011433,2026-08-25,3,24,2,100.0
TXN011434,2026-08-25,3,7,1,130.0
TXN011434,2026-08-25,3,51,1,180.0
TXN011434,2026-08-25,3,22,2,60.0
TXN011435,2026-08-25,3,7,2,260.0
TXN011435,2026-08-25,3,24,1,50.0
TXN011435,2026-08-25,3,27,1,40.0
TXN011436,2026-08-25,3,29,1,95.0
TXN011437,2026-08-25,3,45,3,405.0
TXN011437,2026-08-25,3,2,1,35.0
TXN011437,2026-08-25,3,28,1,75.0
TXN011437,2026-08-25,3,47,2,330.0
TXN011438,2026-08-25,3,2,1,35.0
TXN011438,2026-08-25,3,10,1,45.0
TXN011438,2026-08-25,3,45,2,270.0
TXN011439,2026-08-25,3,5,2,190.0
TXN011441,2026-08-25,3,50,1,260.0
TXN011443,2026-08-25,3,29,1,95.0
TXN011443,2026-08-25,3,59,1,35.0
TXN011443,2026-08-25,3,50,1,260.0
TXN011444,2026-08-25,3,36,1,105.0
TXN011444,2026-08-25,3,27,1,40.0
TXN011445,2026-08-25,3,10,1,45.0
TXN011446,2026-08-25,3,23,2,50.0
TXN011446,2026-08-25,3,5,1,95.0
TXN011446,2026-08-25,3,10,1,45.0
TXN011447,2026-08-25,3,51,1,180.0
TXN011448,2026-08-25,3,12,1,90.0
TXN011449,2026-08-25,3,25,1,280.0
TXN011449,2026-08-25,3,32,1,120.0
TXN011450,2026-08-25,3,18,1,20.0
TXN011450,2026-08-25,3,58,1,25.0
TXN011450,2026-08-25,3,50,2,520.0
TXN011451,2026-08-25,3,53,1,40.0
TXN011452,2026-08-25,3,48,1,24.0
TXN011453,2026-08-25,3,53,1,40.0
TXN011453,2026-08-25,3,9,1,40.0
TXN011453,2026-08-25,3,40,1,65.0
TXN011453,2026-08-25,3,6,1,30.0
TXN011455,2026-08-25,3,60,1,40.0
TXN011456,2026-08-26,1,60,2,80.0
TXN011456,2026-08-26,1,11,1,35.0
TXN011457,2026-08-26,1,45,1,135.0
TXN011458,2026-08-26,1,2,1,35.0
TXN011458,2026-08-26,1,30,1,40.0
TXN011458,2026-08-26,1,5,2,190.0
TXN011459,2026-08-26,1,7,1,130.0
TXN011460,2026-08-26,1,9,2,80.0
TXN011460,2026-08-26,1,60,1,40.0
TXN011462,2026-08-26,1,6,2,60.0
TXN011463,2026-08-26,1,45,2,270.0
TXN011463,2026-08-26,1,29,1,95.0
TXN011463,2026-08-26,1,47,1,165.0
TXN011464,2026-08-26,1,43,1,240.0
TXN011464,2026-08-26,1,15,1,110.0
TXN011464,2026-08-26,1,6,1,30.0
TXN011464,2026-08-26,1,51,1,180.0
TXN011464,2026-08-26,1,56,1,120.0
TXN011465,2026-08-26,1,22,2,60.0
TXN011466,2026-08-26,1,58,1,25.0
TXN011466,2026-08-26,1,33,1,85.0
TXN011467,2026-08-26,1,60,2,80.0
TXN011468,2026-08-26,1,54,1,35.0
TXN011469,2026-08-26,1,30,1,40.0
TXN011469,2026-08-26,1,45,2,270.0
TXN011469,2026-08-26,1,33,1,85.0
TXN011470,2026-08-26,1,17,3,135.0
TXN011471,2026-08-26,1,54,1,35.0
TXN011471,2026-08-26,1,18,1,20.0
TXN011471,2026-08-26,1,12,2,180.0
TXN011471,2026-08-26,1,29,1,95.0
TXN011472,2026-08-26,1,35,1,145.0
TXN011473,2026-08-26,1,32,1,120.0
TXN011473,2026-08-26,1,4,1,140.0
TXN011473,2026-08-26,1,50,1,260.0
TXN011473,2026-08-26,1,27,2,80.0
TXN011474,2026-08-26,1,4,1,140.0
TXN011474,2026-08-26,1,6,1,30.0
TXN011474,2026-08-26,1,8,2,168.0
TXN011475,2026-08-26,1,6,2,60.0
TXN011477,2026-08-26,1,16,2,240.0
TXN011477,2026-08-26,1,11,1,35.0
TXN011477,2026-08-26,1,59,1,35.0
TXN011478,2026-08-26,1,30,1,40.0
TXN011479,2026-08-26,1,10,2,90.0
TXN011479,2026-08-26,1,33,2,170.0
TXN011479,2026-08-26,1,60,1,40.0
TXN011480,2026-08-26,1,42,1,620.0
TXN011480,2026-08-26,1,4,1,140.0
TXN011480,2026-08-26,1,43,1,240.0
TXN011481,2026-08-26,1,4,1,140.0
TXN011482,2026-08-26,1,28,1,75.0
TXN011483,2026-08-26,1,52,1,50.0
TXN011483,2026-08-26,1,30,1,40.0
TXN011484,2026-08-26,1,55,2,60.0
TXN011484,2026-08-26,1,17,2,90.0
TXN011486,2026-08-26,1,8,1,84.0
TXN011486,2026-08-26,1,57,2,180.0
TXN011487,2026-08-26,1,42,2,1240.0
TXN011487,2026-08-26,1,56,1,120.0
TXN011488,2026-08-26,1,37,1,160.0
TXN011488,2026-08-26,1,60,2,80.0
TXN011489,2026-08-26,1,10,2,90.0
TXN011490,2026-08-26,1,30,2,80.0
TXN011490,2026-08-26,1,26,1,450.0
TXN011490,2026-08-26,1,7,1,130.0
TXN011491,2026-08-26,1,6,2,60.0
TXN011492,2026-08-26,1,60,1,40.0
TXN011493,2026-08-26,2,28,1,75.0
TXN011493,2026-08-26,2,26,1,450.0
TXN011493,2026-08-26,2,21,2,620.0
TXN011494,2026-08-26,2,22,1,30.0
TXN011494,2026-08-26,2,31,1,175.0
TXN011495,2026-08-26,2,35,1,145.0
TXN011495,2026-08-26,2,27,1,40.0
TXN011496,2026-08-26,2,32,1,120.0
TXN011497,2026-08-26,2,32,2,240.0
TXN011499,2026-08-26,2,40,2,130.0
TXN011499,2026-08-26,2,45,2,270.0
TXN011499,2026-08-26,2,15,2,220.0
TXN011500,2026-08-26,2,5,1,95.0
TXN011500,2026-08-26,2,43,1,240.0
TXN011500,2026-08-26,2,60,1,40.0
TXN011501,2026-08-26,2,12,1,90.0
TXN011502,2026-08-26,2,7,1,130.0
TXN011502,2026-08-26,2,14,1,80.0
TXN011502,2026-08-26,2,6,1,30.0
TXN011503,2026-08-26,2,4,1,140.0
TXN011504,2026-08-26,2,6,1,30.0
TXN011504,2026-08-26,2,11,1,35.0
TXN011504,2026-08-26,2,4,1,140.0
TXN011505,2026-08-26,2,39,1,140.0
TXN011505,2026-08-26,2,59,1,35.0
TXN011505,2026-08-26,2,25,1,280.0
TXN011506,2026-08-26,2,56,1,120.0
TXN011507,2026-08-26,2,53,1,40.0
TXN011508,2026-08-26,2,29,1,95.0
TXN011509,2026-08-26,2,60,1,40.0
TXN011510,2026-08-26,2,54,1,35.0
TXN011510,2026-08-26,2,1,2,128.0
TXN011510,2026-08-26,2,47,1,165.0
TXN011510,2026-08-26,2,51,1,180.0
TXN011511,2026-08-26,2,12,1,90.0
TXN011511,2026-08-26,2,27,2,80.0
TXN011511,2026-08-26,2,5,1,95.0
TXN011512,2026-08-26,2,24,1,50.0
TXN011512,2026-08-26,2,29,1,95.0
TXN011512,2026-08-26,2,23,1,25.0
TXN011513,2026-08-26,2,60,1,40.0
TXN011514,2026-08-26,2,36,2,210.0
TXN011514,2026-08-26,2,46,2,96.0
TXN011514,2026-08-26,2,29,1,95.0
TXN011515,2026-08-26,2,18,1,20.0
TXN011516,2026-08-26,2,39,1,140.0
TXN011516,2026-08-26,2,5,1,95.0
TXN011516,2026-08-26,2,12,1,90.0
TXN011516,2026-08-26,2,24,1,50.0
TXN011517,2026-08-26,2,18,1,20.0
TXN011517,2026-08-26,2,29,2,190.0
TXN011517,2026-08-26,2,17,2,90.0
TXN011518,2026-08-26,2,36,2,210.0
TXN011518,2026-08-26,2,42,1,620.0
TXN011518,2026-08-26,2,27,2,80.0
TXN011519,2026-08-26,2,53,1,40.0
TXN011519,2026-08-26,2,11,1,35.0
TXN011519,2026-08-26,2,29,2,190.0
TXN011519,2026-08-26,2,52,1,50.0
TXN011519,2026-08-26,2,24,1,50.0
TXN011520,2026-08-26,2,18,1,20.0
TXN011520,2026-08-26,2,2,1,35.0
TXN011522,2026-08-26,2,58,1,25.0
TXN011522,2026-08-26,2,5,1,95.0
TXN011522,2026-08-26,2,9,3,120.0
TXN011522,2026-08-26,2,11,1,35.0
TXN011523,2026-08-26,2,3,1,115.0
TXN011523,2026-08-26,2,7,2,260.0
TXN011523,2026-08-26,2,4,2,280.0
TXN011524,2026-08-26,2,37,1,160.0
TXN011525,2026-08-26,2,4,2,280.0
TXN011525,2026-08-26,2,57,1,90.0
TXN011526,2026-08-26,2,60,1,40.0
TXN011526,2026-08-26,2,33,1,85.0
TXN011527,2026-08-26,2,53,2,80.0
TXN011527,2026-08-26,2,7,2,260.0
TXN011527,2026-08-26,2,8,1,84.0
TXN011528,2026-08-26,2,2,2,70.0
TXN011528,2026-08-26,2,52,1,50.0
TXN011529,2026-08-26,2,51,2,360.0
TXN011530,2026-08-26,2,29,1,95.0
TXN011530,2026-08-26,2,30,1,40.0
TXN011530,2026-08-26,2,27,1,40.0
TXN011531,2026-08-26,2,8,1,84.0
TXN011531,2026-08-26,2,50,1,260.0
TXN011532,2026-08-26,3,39,1,140.0
TXN011532,2026-08-26,3,51,1,180.0
TXN011532,2026-08-26,3,46,1,48.0
TXN011533,2026-08-26,3,12,1,90.0
TXN011533,2026-08-26,3,32,2,240.0
TXN011534,2026-08-26,3,24,1,50.0
TXN011534,2026-08-26,3,33,1,85.0
TXN011535,2026-08-26,3,24,1,50.0
TXN011536,2026-08-26,3,21,1,310.0
TXN011536,2026-08-26,3,27,1,40.0
TXN011536,2026-08-26,3,51,1,180.0
TXN011537,2026-08-26,3,59,1,35.0
TXN011537,2026-08-26,3,35,1,145.0
TXN011538,2026-08-26,3,60,1,40.0
TXN011538,2026-08-26,3,25,2,560.0
TXN011538,2026-08-26,3,5,1,95.0
TXN011539,2026-08-26,3,40,1,65.0
TXN011539,2026-08-26,3,46,1,48.0
TXN011540,2026-08-26,3,1,1,64.0
TXN011540,2026-08-26,3,55,2,60.0
TXN011541,2026-08-26,3,9,2,80.0
TXN011543,2026-08-26,3,31,1,175.0
TXN011543,2026-08-26,3,7,1,130.0
TXN011544,2026-08-26,3,36,3,315.0
TXN011545,2026-08-26,3,23,1,25.0
TXN011546,2026-08-26,3,32,1,120.0
TXN011547,2026-08-26,3,49,3,255.0
TXN011547,2026-08-26,3,28,1,75.0
TXN011549,2026-08-26,3,54,2,70.0
TXN011549,2026-08-26,3,16,1,120.0
TXN011549,2026-08-26,3,50,1,260.0
TXN011549,2026-08-26,3,11,1,35.0
TXN011550,2026-08-26,3,7,2,260.0
TXN011550,2026-08-26,3,42,1,620.0
TXN011550,2026-08-26,3,46,1,48.0
TXN011550,2026-08-26,3,48,2,48.0
TXN011552,2026-08-26,3,31,1,175.0
TXN011553,2026-08-26,3,25,1,280.0
TXN011553,2026-08-26,3,52,1,50.0
TXN011553,2026-08-26,3,49,1,85.0
TXN011554,2026-08-26,3,51,1,180.0
TXN011554,2026-08-26,3,39,1,140.0
TXN011555,2026-08-26,3,32,2,240.0
TXN011555,2026-08-26,3,7,1,130.0
TXN011555,2026-08-26,3,49,1,85.0
TXN011555,2026-08-26,3,18,2,40.0
TXN011556,2026-08-27,1,32,3,360.0
TXN011556,2026-08-27,1,4,3,420.0
TXN011556,2026-08-27,1,14,1,80.0
TXN011557,2026-08-27,1,6,2,60.0
TXN011557,2026-08-27,1,52,1,50.0
TXN011558,2026-08-27,1,57,2,180.0
TXN011558,2026-08-27,1,42,2,1240.0
TXN011558,2026-08-27,1,39,1,140.0
TXN011559,2026-08-27,1,14,1,80.0
TXN011559,2026-08-27,1,54,1,35.0
TXN011559,2026-08-27,1,17,2,90.0
TXN011560,2026-08-27,1,32,2,240.0
TXN011561,2026-08-27,1,1,2,128.0
TXN011562,2026-08-27,1,2,1,35.0
TXN011562,2026-08-27,1,27,2,80.0
TXN011563,2026-08-27,1,53,2,80.0
TXN011563,2026-08-27,1,31,1,175.0
TXN011563,2026-08-27,1,57,1,90.0
TXN011563,2026-08-27,1,16,2,240.0
TXN011563,2026-08-27,1,1,3,192.0
TXN011564,2026-08-27,1,7,1,130.0
TXN011564,2026-08-27,1,45,1,135.0
TXN011565,2026-08-27,1,36,1,105.0
TXN011565,2026-08-27,1,52,2,100.0
TXN011565,2026-08-27,1,7,2,260.0
TXN011565,2026-08-27,1,47,1,165.0
TXN011566,2026-08-27,1,5,1,95.0
TXN011566,2026-08-27,1,32,2,240.0
TXN011567,2026-08-27,1,11,1,35.0
TXN011567,2026-08-27,1,8,3,252.0
TXN011567,2026-08-27,1,21,1,310.0
TXN011568,2026-08-27,1,52,3,150.0
TXN011569,2026-08-27,1,47,2,330.0
TXN011569,2026-08-27,1,5,1,95.0
TXN011569,2026-08-27,1,9,1,40.0
TXN011569,2026-08-27,1,46,2,96.0
TXN011570,2026-08-27,1,39,1,140.0
TXN011571,2026-08-27,1,46,1,48.0
TXN011571,2026-08-27,1,41,1,90.0
TXN011571,2026-08-27,1,30,1,40.0
TXN011571,2026-08-27,1,15,1,110.0
TXN011572,2026-08-27,1,43,1,240.0
TXN011573,2026-08-27,1,2,2,70.0
TXN011573,2026-08-27,1,6,1,30.0
TXN011574,2026-08-27,1,22,2,60.0
TXN011574,2026-08-27,1,43,2,480.0
TXN011575,2026-08-27,1,16,2,240.0
TXN011575,2026-08-27,1,19,1,110.0
TXN011575,2026-08-27,1,3,1,115.0
TXN011576,2026-08-27,1,10,1,45.0
TXN011576,2026-08-27,1,50,1,260.0
TXN011576,2026-08-27,1,32,1,120.0
TXN011577,2026-08-27,1,2,1,35.0
TXN011578,2026-08-27,1,15,1,110.0
TXN011579,2026-08-27,1,59,1,35.0
TXN011581,2026-08-27,1,1,3,192.0
TXN011581,2026-08-27,1,39,1,140.0
TXN011581,2026-08-27,1,4,1,140.0
TXN011582,2026-08-27,1,1,3,192.0
TXN011582,2026-08-27,1,36,1,105.0
TXN011582,2026-08-27,1,5,1,95.0
TXN011584,2026-08-27,1,11,1,35.0
TXN011585,2026-08-27,1,22,1,30.0
TXN011586,2026-08-27,1,14,1,80.0
TXN011586,2026-08-27,1,10,1,45.0
TXN011586,2026-08-27,1,12,1,90.0
TXN011587,2026-08-27,1,45,2,270.0
TXN011587,2026-08-27,1,59,1,35.0
TXN011587,2026-08-27,1,12,1,90.0
TXN011588,2026-08-27,1,53,1,40.0
TXN011588,2026-08-27,1,22,2,60.0
TXN011588,2026-08-27,1,39,1,140.0
TXN011588,2026-08-27,1,48,1,24.0
TXN011589,2026-08-27,1,52,1,50.0
TXN011590,2026-08-27,1,14,2,160.0
TXN011590,2026-08-27,1,49,1,85.0
TXN011591,2026-08-27,1,3,1,115.0
TXN011592,2026-08-27,1,48,1,24.0
TXN011593,2026-08-27,1,27,1,40.0
TXN011594,2026-08-27,1,25,1,280.0
TXN011594,2026-08-27,1,32,1,120.0
TXN011595,2026-08-27,1,47,1,165.0
TXN011596,2026-08-27,1,21,1,310.0
TXN011597,2026-08-27,1,2,1,35.0
TXN011597,2026-08-27,1,30,3,120.0
TXN011598,2026-08-27,1,25,1,280.0
TXN011599,2026-08-27,2,55,1,30.0
TXN011599,2026-08-27,2,18,1,20.0
TXN011600,2026-08-27,2,19,2,220.0
TXN011600,2026-08-27,2,48,2,48.0
TXN011602,2026-08-27,2,46,2,96.0
TXN011602,2026-08-27,2,9,3,120.0
TXN011603,2026-08-27,2,46,1,48.0
TXN011603,2026-08-27,2,28,1,75.0
TXN011604,2026-08-27,2,9,2,80.0
TXN011604,2026-08-27,2,15,2,220.0
TXN011604,2026-08-27,2,55,2,60.0
TXN011607,2026-08-27,2,42,1,620.0
TXN011607,2026-08-27,2,60,1,40.0
TXN011608,2026-08-27,2,40,1,65.0
TXN011608,2026-08-27,2,43,1,240.0
TXN011608,2026-08-27,2,53,1,40.0
TXN011609,2026-08-27,2,30,1,40.0
TXN011609,2026-08-27,2,49,1,85.0
TXN011609,2026-08-27,2,24,1,50.0
TXN011610,2026-08-27,2,31,1,175.0
TXN011610,2026-08-27,2,28,1,75.0
TXN011610,2026-08-27,2,32,1,120.0
TXN011610,2026-08-27,2,1,2,128.0
TXN011611,2026-08-27,2,43,1,240.0
TXN011611,2026-08-27,2,5,1,95.0
TXN011611,2026-08-27,2,15,1,110.0
TXN011612,2026-08-27,2,9,2,80.0
TXN011612,2026-08-27,2,46,1,48.0
TXN011613,2026-08-27,2,47,1,165.0
TXN011613,2026-08-27,2,45,1,135.0
TXN011613,2026-08-27,2,21,1,310.0
TXN011614,2026-08-27,2,60,1,40.0
TXN011616,2026-08-27,2,51,1,180.0
TXN011616,2026-08-27,2,42,1,620.0
TXN011617,2026-08-27,2,14,1,80.0
TXN011617,2026-08-27,2,9,2,80.0
TXN011618,2026-08-27,2,45,2,270.0
TXN011618,2026-08-27,2,43,2,480.0
TXN011619,2026-08-27,2,54,2,70.0
TXN011620,2026-08-27,2,1,2,128.0
TXN011620,2026-08-27,2,46,2,96.0
TXN011620,2026-08-27,2,10,1,45.0
TXN011620,2026-08-27,2,33,1,85.0
TXN011620,2026-08-27,2,36,2,210.0
TXN011621,2026-08-27,2,23,1,25.0
TXN011622,2026-08-27,2,10,1,45.0
TXN011623,2026-08-27,2,56,1,120.0
TXN011623,2026-08-27,2,51,2,360.0
TXN011624,2026-08-27,2,43,1,240.0
TXN011624,2026-08-27,2,57,2,180.0
TXN011624,2026-08-27,2,6,1,30.0
TXN011624,2026-08-27,2,42,2,1240.0
TXN011625,2026-08-27,2,31,1,175.0
TXN011625,2026-08-27,2,27,2,80.0
TXN011625,2026-08-27,2,19,1,110.0
TXN011625,2026-08-27,2,47,1,165.0
TXN011626,2026-08-27,2,40,1,65.0
TXN011626,2026-08-27,2,45,1,135.0
TXN011627,2026-08-27,3,47,2,330.0
TXN011627,2026-08-27,3,48,1,24.0
TXN011627,2026-08-27,3,25,1,280.0
TXN011628,2026-08-27,3,32,1,120.0
TXN011629,2026-08-27,3,9,2,80.0
TXN011630,2026-08-27,3,36,1,105.0
TXN011630,2026-08-27,3,35,1,145.0
TXN011632,2026-08-27,3,49,2,170.0
TXN011632,2026-08-27,3,46,2,96.0
TXN011633,2026-08-27,3,29,1,95.0
TXN011633,2026-08-27,3,22,1,30.0
TXN011633,2026-08-27,3,53,2,80.0
TXN011633,2026-08-27,3,52,2,100.0
TXN011634,2026-08-27,3,53,2,80.0
TXN011635,2026-08-27,3,45,1,135.0
TXN011635,2026-08-27,3,56,1,120.0
TXN011637,2026-08-27,3,28,1,75.0
TXN011638,2026-08-27,3,27,1,40.0
TXN011638,2026-08-27,3,12,1,90.0
TXN011638,2026-08-27,3,16,1,120.0
TXN011639,2026-08-27,3,21,1,310.0
TXN011640,2026-08-27,3,1,2,128.0
TXN011641,2026-08-27,3,17,2,90.0
TXN011641,2026-08-27,3,55,1,30.0
TXN011641,2026-08-27,3,37,1,160.0
TXN011642,2026-08-27,3,60,1,40.0
TXN011642,2026-08-27,3,40,1,65.0
TXN011642,2026-08-27,3,33,2,170.0
TXN011642,2026-08-27,3,50,1,260.0
TXN011643,2026-08-27,3,55,1,30.0
TXN011643,2026-08-27,3,29,1,95.0
TXN011645,2026-08-27,3,55,1,30.0
TXN011645,2026-08-27,3,46,1,48.0
TXN011645,2026-08-27,3,40,1,65.0
TXN011646,2026-08-27,3,54,1,35.0
TXN011646,2026-08-27,3,45,1,135.0
TXN011649,2026-08-27,3,2,2,70.0
TXN011649,2026-08-27,3,55,2,60.0
TXN011649,2026-08-27,3,14,1,80.0
TXN011650,2026-08-27,3,47,1,165.0
TXN011650,2026-08-27,3,45,1,135.0
TXN011651,2026-08-27,3,7,1,130.0
TXN011652,2026-08-27,3,52,2,100.0
TXN011652,2026-08-27,3,3,1,115.0
TXN011652,2026-08-27,3,16,1,120.0
TXN011653,2026-08-27,3,48,1,24.0
TXN011653,2026-08-27,3,27,2,80.0
TXN011653,2026-08-27,3,42,1,620.0
TXN011653,2026-08-27,3,59,1,35.0
TXN011655,2026-08-27,3,1,2,128.0
TXN011656,2026-08-27,3,42,1,620.0
TXN011656,2026-08-27,3,58,1,25.0
TXN011657,2026-08-28,1,8,2,168.0
TXN011657,2026-08-28,1,22,1,30.0
TXN011657,2026-08-28,1,55,1,30.0
TXN011658,2026-08-28,1,17,3,135.0
TXN011658,2026-08-28,1,13,1,60.0
TXN011659,2026-08-28,1,29,2,190.0
TXN011660,2026-08-28,1,4,1,140.0
TXN011661,2026-08-28,1,42,3,1860.0
TXN011662,2026-08-28,1,22,2,60.0
TXN011663,2026-08-28,1,60,1,40.0
TXN011663,2026-08-28,1,42,2,1240.0
TXN011664,2026-08-28,1,41,1,90.0
TXN011664,2026-08-28,1,32,2,240.0
TXN011665,2026-08-28,1,14,1,80.0
TXN011665,2026-08-28,1,58,1,25.0
TXN011665,2026-08-28,1,36,3,315.0
TXN011666,2026-08-28,1,60,1,40.0
TXN011667,2026-08-28,1,52,2,100.0
TXN011668,2026-08-28,1,9,2,80.0
TXN011668,2026-08-28,1,23,1,25.0
TXN011669,2026-08-28,1,54,2,70.0
TXN011669,2026-08-28,1,19,1,110.0
TXN011669,2026-08-28,1,14,2,160.0
TXN011669,2026-08-28,1,46,1,48.0
TXN011670,2026-08-28,1,37,1,160.0
TXN011670,2026-08-28,1,28,1,75.0
TXN011670,2026-08-28,1,24,2,100.0
TXN011670,2026-08-28,1,7,2,260.0
TXN011671,2026-08-28,1,12,1,90.0
TXN011671,2026-08-28,1,10,1,45.0
TXN011671,2026-08-28,1,22,2,60.0
TXN011671,2026-08-28,1,27,2,80.0
TXN011672,2026-08-28,1,58,1,25.0
TXN011673,2026-08-28,1,6,1,30.0
TXN011674,2026-08-28,1,46,1,48.0
TXN011674,2026-08-28,1,13,1,60.0
TXN011675,2026-08-28,1,51,2,360.0
TXN011675,2026-08-28,1,19,1,110.0
TXN011675,2026-08-28,1,11,1,35.0
TXN011676,2026-08-28,1,60,1,40.0
TXN011676,2026-08-28,1,53,2,80.0
TXN011677,2026-08-28,1,40,1,65.0
TXN011677,2026-08-28,1,24,1,50.0
TXN011677,2026-08-28,1,7,1,130.0
TXN011677,2026-08-28,1,15,2,220.0
TXN011677,2026-08-28,1,6,1,30.0
TXN011678,2026-08-28,1,50,1,260.0
TXN011678,2026-08-28,1,13,1,60.0
TXN011678,2026-08-28,1,22,2,60.0
TXN011679,2026-08-28,1,23,1,25.0
TXN011679,2026-08-28,1,49,1,85.0
TXN011681,2026-08-28,1,24,2,100.0
TXN011681,2026-08-28,1,27,2,80.0
TXN011682,2026-08-28,1,28,2,150.0
TXN011683,2026-08-28,1,13,1,60.0
TXN011684,2026-08-28,1,6,2,60.0
TXN011684,2026-08-28,1,17,3,135.0
TXN011684,2026-08-28,1,9,2,80.0
TXN011684,2026-08-28,1,48,2,48.0
TXN011685,2026-08-28,1,31,1,175.0
TXN011685,2026-08-28,1,46,1,48.0
TXN011686,2026-08-28,1,17,3,135.0
TXN011686,2026-08-28,1,28,1,75.0
TXN011686,2026-08-28,1,12,1,90.0
TXN011687,2026-08-28,1,58,1,25.0
TXN011688,2026-08-28,1,12,1,90.0
TXN011688,2026-08-28,1,41,2,180.0
TXN011688,2026-08-28,1,1,2,128.0
TXN011688,2026-08-28,1,31,1,175.0
TXN011689,2026-08-28,1,33,2,170.0
TXN011689,2026-08-28,1,9,2,80.0
TXN011690,2026-08-28,1,49,2,170.0
TXN011691,2026-08-28,1,28,1,75.0
TXN011691,2026-08-28,1,52,1,50.0
TXN011691,2026-08-28,1,4,1,140.0
TXN011692,2026-08-28,1,48,1,24.0
TXN011693,2026-08-28,1,48,1,24.0
TXN011694,2026-08-28,1,31,1,175.0
TXN011695,2026-08-28,1,45,1,135.0
TXN011695,2026-08-28,1,6,2,60.0
TXN011696,2026-08-28,1,49,1,85.0
TXN011696,2026-08-28,1,19,1,110.0
TXN011696,2026-08-28,1,17,2,90.0
TXN011696,2026-08-28,1,51,3,540.0
TXN011697,2026-08-28,1,43,1,240.0
TXN011698,2026-08-28,1,12,1,90.0
TXN011698,2026-08-28,1,15,2,220.0
TXN011699,2026-08-28,2,57,1,90.0
TXN011700,2026-08-28,2,33,1,85.0
TXN011701,2026-08-28,2,21,1,310.0
TXN011702,2026-08-28,2,55,2,60.0
TXN011702,2026-08-28,2,21,1,310.0
TXN011703,2026-08-28,2,50,2,520.0
TXN011704,2026-08-28,2,25,1,280.0
TXN011705,2026-08-28,2,8,2,168.0
TXN011705,2026-08-28,2,19,1,110.0
TXN011706,2026-08-28,2,9,2,80.0
TXN011706,2026-08-28,2,25,2,560.0
TXN011706,2026-08-28,2,21,1,310.0
TXN011707,2026-08-28,2,33,1,85.0
TXN011707,2026-08-28,2,7,1,130.0
TXN011708,2026-08-28,2,30,1,40.0
TXN011709,2026-08-28,2,23,1,25.0
TXN011709,2026-08-28,2,56,1,120.0
TXN011709,2026-08-28,2,36,1,105.0
TXN011710,2026-08-28,2,15,2,220.0
TXN011711,2026-08-28,2,48,2,48.0
TXN011712,2026-08-28,2,7,1,130.0
TXN011712,2026-08-28,2,55,1,30.0
TXN011713,2026-08-28,2,27,1,40.0
TXN011713,2026-08-28,2,9,2,80.0
TXN011713,2026-08-28,2,6,1,30.0
TXN011714,2026-08-28,2,10,2,90.0
TXN011715,2026-08-28,2,41,1,90.0
TXN011715,2026-08-28,2,53,1,40.0
TXN011715,2026-08-28,2,16,1,120.0
TXN011715,2026-08-28,2,14,2,160.0
TXN011716,2026-08-28,2,7,1,130.0
TXN011716,2026-08-28,2,1,3,192.0
TXN011716,2026-08-28,2,4,1,140.0
TXN011716,2026-08-28,2,29,1,95.0
TXN011718,2026-08-28,2,23,1,25.0
TXN011719,2026-08-28,2,51,2,360.0
TXN011719,2026-08-28,2,16,2,240.0
TXN011721,2026-08-28,2,22,1,30.0
TXN011721,2026-08-28,2,42,1,620.0
TXN011721,2026-08-28,2,5,1,95.0
TXN011722,2026-08-28,2,25,2,560.0
TXN011722,2026-08-28,2,10,2,90.0
TXN011723,2026-08-28,2,60,1,40.0
TXN011724,2026-08-28,2,37,1,160.0
TXN011724,2026-08-28,2,23,2,50.0
TXN011724,2026-08-28,2,18,1,20.0
TXN011725,2026-08-28,2,1,2,128.0
TXN011725,2026-08-28,2,24,1,50.0
TXN011726,2026-08-28,2,4,1,140.0
TXN011726,2026-08-28,2,30,2,80.0
TXN011727,2026-08-28,2,31,1,175.0
TXN011727,2026-08-28,2,58,1,25.0
TXN011729,2026-08-28,2,29,2,190.0
TXN011730,2026-08-28,2,32,1,120.0
TXN011731,2026-08-28,2,1,2,128.0
TXN011732,2026-08-28,2,19,1,110.0
TXN011732,2026-08-28,2,31,1,175.0
TXN011732,2026-08-28,2,60,1,40.0
TXN011733,2026-08-28,2,21,1,310.0
TXN011733,2026-08-28,2,40,1,65.0
TXN011733,2026-08-28,2,15,1,110.0
TXN011733,2026-08-28,2,57,1,90.0
TXN011734,2026-08-28,2,14,1,80.0
TXN011734,2026-08-28,2,18,2,40.0
TXN011734,2026-08-28,2,23,1,25.0
TXN011735,2026-08-28,3,1,3,192.0
TXN011736,2026-08-28,3,10,1,45.0
TXN011736,2026-08-28,3,36,1,105.0
TXN011736,2026-08-28,3,54,2,70.0
TXN011737,2026-08-28,3,17,2,90.0
TXN011738,2026-08-28,3,10,1,45.0
TXN011738,2026-08-28,3,12,1,90.0
TXN011739,2026-08-28,3,4,2,280.0
TXN011740,2026-08-28,3,10,1,45.0
TXN011740,2026-08-28,3,40,1,65.0
TXN011740,2026-08-28,3,24,1,50.0
TXN011741,2026-08-28,3,51,1,180.0
TXN011741,2026-08-28,3,32,1,120.0
TXN011741,2026-08-28,3,29,1,95.0
TXN011742,2026-08-28,3,25,1,280.0
TXN011744,2026-08-28,3,11,1,35.0
TXN011744,2026-08-28,3,2,1,35.0
TXN011745,2026-08-28,3,49,1,85.0
TXN011746,2026-08-28,3,9,2,80.0
TXN011746,2026-08-28,3,53,1,40.0
TXN011746,2026-08-28,3,22,2,60.0
TXN011747,2026-08-28,3,9,1,40.0
TXN011748,2026-08-28,3,4,2,280.0
TXN011750,2026-08-28,3,43,2,480.0
TXN011751,2026-08-28,3,4,2,280.0
TXN011751,2026-08-28,3,13,1,60.0
TXN011751,2026-08-28,3,16,1,120.0
TXN011752,2026-08-28,3,14,1,80.0
TXN011752,2026-08-28,3,41,1,90.0
TXN011753,2026-08-28,3,30,2,80.0
TXN011753,2026-08-28,3,15,1,110.0
TXN011754,2026-08-28,3,9,1,40.0
TXN011756,2026-08-28,3,45,2,270.0
TXN011757,2026-08-28,3,30,1,40.0
TXN011757,2026-08-28,3,35,1,145.0
TXN011758,2026-08-28,3,5,1,95.0
TXN011758,2026-08-28,3,55,1,30.0
TXN011758,2026-08-28,3,15,1,110.0
TXN011759,2026-08-28,3,29,1,95.0
TXN011759,2026-08-28,3,1,2,128.0
TXN011760,2026-08-28,3,48,1,24.0
TXN011760,2026-08-28,3,14,2,160.0
TXN011760,2026-08-28,3,35,2,290.0
TXN011760,2026-08-28,3,25,1,280.0
TXN011761,2026-08-28,3,36,2,210.0
TXN011761,2026-08-28,3,45,2,270.0
TXN011762,2026-08-28,3,28,1,75.0
TXN011762,2026-08-28,3,55,1,30.0
TXN011763,2026-08-28,3,58,2,50.0
TXN011763,2026-08-28,3,39,1,140.0
TXN011764,2026-08-28,3,3,1,115.0
TXN011764,2026-08-28,3,7,1,130.0
TXN011765,2026-08-28,3,58,1,25.0
TXN011766,2026-08-28,3,8,2,168.0
TXN011767,2026-08-28,3,4,1,140.0
TXN011767,2026-08-28,3,16,1,120.0
TXN011767,2026-08-28,3,29,2,190.0
TXN011767,2026-08-28,3,9,1,40.0
TXN011768,2026-08-29,1,47,1,165.0
TXN011770,2026-08-29,1,32,1,120.0
TXN011771,2026-08-29,1,10,3,135.0
TXN011771,2026-08-29,1,39,1,140.0
TXN011772,2026-08-29,1,24,1,50.0
TXN011773,2026-08-29,1,42,1,620.0
TXN011773,2026-08-29,1,3,1,115.0
TXN011773,2026-08-29,1,55,2,60.0
TXN011774,2026-08-29,1,52,2,100.0
TXN011774,2026-08-29,1,47,2,330.0
TXN011774,2026-08-29,1,1,3,192.0
TXN011775,2026-08-29,1,5,1,95.0
TXN011775,2026-08-29,1,54,2,70.0
TXN011775,2026-08-29,1,42,2,1240.0
TXN011775,2026-08-29,1,27,1,40.0
TXN011776,2026-08-29,1,7,1,130.0
TXN011776,2026-08-29,1,10,3,135.0
TXN011776,2026-08-29,1,41,2,180.0
TXN011777,2026-08-29,1,55,1,30.0
TXN011778,2026-08-29,1,13,1,60.0
TXN011778,2026-08-29,1,51,1,180.0
TXN011779,2026-08-29,1,53,2,80.0
TXN011780,2026-08-29,1,39,2,280.0
TXN011780,2026-08-29,1,49,2,170.0
TXN011780,2026-08-29,1,24,2,100.0
TXN011781,2026-08-29,1,47,2,330.0
TXN011781,2026-08-29,1,7,1,130.0
TXN011782,2026-08-29,1,52,3,150.0
TXN011782,2026-08-29,1,1,2,128.0
TXN011782,2026-08-29,1,19,1,110.0
TXN011782,2026-08-29,1,11,1,35.0
TXN011783,2026-08-29,1,11,1,35.0
TXN011784,2026-08-29,1,9,2,80.0
TXN011784,2026-08-29,1,15,4,440.0
TXN011784,2026-08-29,1,18,2,40.0
TXN011784,2026-08-29,1,60,1,40.0
TXN011785,2026-08-29,1,48,1,24.0
TXN011786,2026-08-29,1,32,1,120.0
TXN011786,2026-08-29,1,8,2,168.0
TXN011787,2026-08-29,1,31,1,175.0
TXN011787,2026-08-29,1,27,2,80.0
TXN011788,2026-08-29,1,22,1,30.0
TXN011788,2026-08-29,1,29,2,190.0
TXN011788,2026-08-29,1,54,1,35.0
TXN011789,2026-08-29,1,14,1,80.0
TXN011789,2026-08-29,1,56,1,120.0
TXN011789,2026-08-29,1,21,1,310.0
TXN011789,2026-08-29,1,4,2,280.0
TXN011790,2026-08-29,1,42,3,1860.0
TXN011790,2026-08-29,1,8,1,84.0
TXN011790,2026-08-29,1,55,2,60.0
TXN011790,2026-08-29,1,17,2,90.0
TXN011791,2026-08-29,1,21,1,310.0
TXN011791,2026-08-29,1,22,2,60.0
TXN011792,2026-08-29,1,51,1,180.0
TXN011792,2026-08-29,1,18,1,20.0
TXN011793,2026-08-29,1,39,1,140.0
TXN011794,2026-08-29,1,53,2,80.0
TXN011794,2026-08-29,1,27,2,80.0
TXN011794,2026-08-29,1,22,1,30.0
TXN011795,2026-08-29,1,43,1,240.0
TXN011795,2026-08-29,1,39,1,140.0
TXN011795,2026-08-29,1,52,1,50.0
TXN011796,2026-08-29,1,11,1,35.0
TXN011796,2026-08-29,1,49,1,85.0
TXN011797,2026-08-29,1,29,1,95.0
TXN011797,2026-08-29,1,54,1,35.0
TXN011797,2026-08-29,1,2,2,70.0
TXN011797,2026-08-29,1,39,2,280.0
TXN011798,2026-08-29,1,23,2,50.0
TXN011798,2026-08-29,1,45,1,135.0
TXN011799,2026-08-29,1,13,1,60.0
TXN011800,2026-08-29,1,55,1,30.0
TXN011800,2026-08-29,1,6,1,30.0
TXN011800,2026-08-29,1,11,2,70.0
TXN011800,2026-08-29,1,8,2,168.0
TXN011801,2026-08-29,1,40,1,65.0
TXN011801,2026-08-29,1,1,3,192.0
TXN011801,2026-08-29,1,57,1,90.0
TXN011802,2026-08-29,1,2,1,35.0
TXN011802,2026-08-29,1,50,3,780.0
TXN011802,2026-08-29,1,49,3,255.0
TXN011803,2026-08-29,1,43,2,480.0
TXN011804,2026-08-29,1,43,2,480.0
TXN011804,2026-08-29,1,45,2,270.0
TXN011804,2026-08-29,1,41,1,90.0
TXN011804,2026-08-29,1,1,3,192.0
TXN011805,2026-08-29,1,18,1,20.0
TXN011805,2026-08-29,1,27,2,80.0
TXN011805,2026-08-29,1,56,1,120.0
TXN011806,2026-08-29,1,7,2,260.0
TXN011806,2026-08-29,1,28,1,75.0
TXN011807,2026-08-29,1,45,1,135.0
TXN011807,2026-08-29,1,54,1,35.0
TXN011808,2026-08-29,1,29,2,190.0
TXN011808,2026-08-29,1,37,1,160.0
TXN011809,2026-08-29,1,57,1,90.0
TXN011809,2026-08-29,1,6,2,60.0
TXN011810,2026-08-29,1,37,1,160.0
TXN011810,2026-08-29,1,45,2,270.0
TXN011811,2026-08-29,1,50,2,520.0
TXN011811,2026-08-29,1,26,1,450.0
TXN011812,2026-08-29,1,52,1,50.0
TXN011813,2026-08-29,1,59,1,35.0
TXN011813,2026-08-29,1,35,1,145.0
TXN011813,2026-08-29,1,39,1,140.0
TXN011814,2026-08-29,1,46,2,96.0
TXN011814,2026-08-29,1,42,2,1240.0
TXN011814,2026-08-29,1,41,1,90.0
TXN011814,2026-08-29,1,11,1,35.0
TXN011815,2026-08-29,2,2,2,70.0
TXN011815,2026-08-29,2,8,2,168.0
TXN011815,2026-08-29,2,52,1,50.0
TXN011816,2026-08-29,2,50,2,520.0
TXN011816,2026-08-29,2,14,1,80.0
TXN011816,2026-08-29,2,35,1,145.0
TXN011817,2026-08-29,2,48,2,48.0
TXN011818,2026-08-29,2,7,1,130.0
TXN011818,2026-08-29,2,22,3,90.0
TXN011818,2026-08-29,2,43,2,480.0
TXN011818,2026-08-29,2,11,1,35.0
TXN011819,2026-08-29,2,45,2,270.0
TXN011819,2026-08-29,2,46,1,48.0
TXN011819,2026-08-29,2,26,1,450.0
TXN011819,2026-08-29,2,50,2,520.0
TXN011820,2026-08-29,2,54,2,70.0
TXN011821,2026-08-29,2,35,1,145.0
TXN011822,2026-08-29,2,17,2,90.0
TXN011822,2026-08-29,2,3,1,115.0
TXN011822,2026-08-29,2,30,1,40.0
TXN011822,2026-08-29,2,51,2,360.0
TXN011823,2026-08-29,2,23,1,25.0
TXN011823,2026-08-29,2,41,1,90.0
TXN011823,2026-08-29,2,29,2,190.0
TXN011823,2026-08-29,2,45,3,405.0
TXN011824,2026-08-29,2,30,1,40.0
TXN011824,2026-08-29,2,22,1,30.0
TXN011825,2026-08-29,2,60,2,80.0
TXN011825,2026-08-29,2,10,2,90.0
TXN011826,2026-08-29,2,3,1,115.0
TXN011826,2026-08-29,2,47,1,165.0
TXN011827,2026-08-29,2,3,1,115.0
TXN011827,2026-08-29,2,57,1,90.0
TXN011828,2026-08-29,2,45,2,270.0
TXN011828,2026-08-29,2,15,2,220.0
TXN011828,2026-08-29,2,27,1,40.0
TXN011829,2026-08-29,2,18,1,20.0
TXN011829,2026-08-29,2,15,2,220.0
TXN011829,2026-08-29,2,21,1,310.0
TXN011830,2026-08-29,2,31,1,175.0
TXN011830,2026-08-29,2,27,1,40.0
TXN011830,2026-08-29,2,45,1,135.0
TXN011831,2026-08-29,2,47,2,330.0
TXN011831,2026-08-29,2,5,1,95.0
TXN011831,2026-08-29,2,58,2,50.0
TXN011832,2026-08-29,2,45,2,270.0
TXN011833,2026-08-29,2,13,1,60.0
TXN011833,2026-08-29,2,58,2,50.0
TXN011834,2026-08-29,2,9,3,120.0
TXN011834,2026-08-29,2,17,2,90.0
TXN011834,2026-08-29,2,57,1,90.0
TXN011835,2026-08-29,2,17,2,90.0
TXN011835,2026-08-29,2,1,3,192.0
TXN011836,2026-08-29,2,58,2,50.0
TXN011836,2026-08-29,2,23,2,50.0
TXN011837,2026-08-29,2,22,1,30.0
TXN011837,2026-08-29,2,45,2,270.0
TXN011838,2026-08-29,2,8,2,168.0
TXN011838,2026-08-29,2,11,1,35.0
TXN011838,2026-08-29,2,54,1,35.0
TXN011838,2026-08-29,2,55,2,60.0
TXN011838,2026-08-29,2,1,2,128.0
TXN011839,2026-08-29,2,60,1,40.0
TXN011840,2026-08-29,2,57,1,90.0
TXN011842,2026-08-29,2,39,2,280.0
TXN011842,2026-08-29,2,46,2,96.0
TXN011842,2026-08-29,2,14,2,160.0
TXN011843,2026-08-29,2,19,1,110.0
TXN011843,2026-08-29,2,11,1,35.0
TXN011844,2026-08-29,2,58,1,25.0
TXN011844,2026-08-29,2,9,2,80.0
TXN011844,2026-08-29,2,45,2,270.0
TXN011844,2026-08-29,2,10,3,135.0
TXN011845,2026-08-29,2,5,2,190.0
TXN011845,2026-08-29,2,45,1,135.0
TXN011846,2026-08-29,2,35,1,145.0
TXN011847,2026-08-29,2,50,1,260.0
TXN011847,2026-08-29,2,17,2,90.0
TXN011847,2026-08-29,2,13,1,60.0
TXN011848,2026-08-29,2,45,1,135.0
TXN011848,2026-08-29,2,5,1,95.0
TXN011848,2026-08-29,2,9,3,120.0
TXN011848,2026-08-29,2,54,2,70.0
TXN011849,2026-08-29,3,36,1,105.0
TXN011849,2026-08-29,3,57,1,90.0
TXN011850,2026-08-29,3,48,2,48.0
TXN011850,2026-08-29,3,6,1,30.0
TXN011850,2026-08-29,3,13,1,60.0
TXN011851,2026-08-29,3,7,1,130.0
TXN011851,2026-08-29,3,59,1,35.0
TXN011852,2026-08-29,3,54,1,35.0
TXN011853,2026-08-29,3,49,1,85.0
TXN011853,2026-08-29,3,48,2,48.0
TXN011853,2026-08-29,3,47,1,165.0
TXN011853,2026-08-29,3,43,1,240.0
TXN011854,2026-08-29,3,29,1,95.0
TXN011855,2026-08-29,3,43,1,240.0
TXN011855,2026-08-29,3,15,3,330.0
TXN011856,2026-08-29,3,54,1,35.0
TXN011856,2026-08-29,3,58,1,25.0
TXN011856,2026-08-29,3,36,2,210.0
TXN011857,2026-08-29,3,22,2,60.0
TXN011857,2026-08-29,3,48,2,48.0
TXN011858,2026-08-29,3,23,2,50.0
TXN011859,2026-08-29,3,27,1,40.0
TXN011859,2026-08-29,3,18,1,20.0
TXN011860,2026-08-29,3,30,2,80.0
TXN011860,2026-08-29,3,13,1,60.0
TXN011861,2026-08-29,3,19,1,110.0
TXN011861,2026-08-29,3,30,1,40.0
TXN011861,2026-08-29,3,18,1,20.0
TXN011862,2026-08-29,3,18,2,40.0
TXN011863,2026-08-29,3,7,1,130.0
TXN011863,2026-08-29,3,39,1,140.0
TXN011863,2026-08-29,3,10,2,90.0
TXN011863,2026-08-29,3,19,1,110.0
TXN011864,2026-08-29,3,39,1,140.0
TXN011865,2026-08-29,3,8,1,84.0
TXN011866,2026-08-29,3,28,1,75.0
TXN011866,2026-08-29,3,56,1,120.0
TXN011866,2026-08-29,3,1,3,192.0
TXN011866,2026-08-29,3,59,1,35.0
TXN011867,2026-08-29,3,39,1,140.0
TXN011867,2026-08-29,3,30,1,40.0
TXN011867,2026-08-29,3,2,1,35.0
TXN011869,2026-08-29,3,47,1,165.0
TXN011870,2026-08-29,3,11,1,35.0
TXN011871,2026-08-29,3,21,1,310.0
TXN011872,2026-08-29,3,37,1,160.0
TXN011873,2026-08-29,3,9,3,120.0
TXN011873,2026-08-29,3,5,1,95.0
TXN011874,2026-08-29,3,33,1,85.0
TXN011874,2026-08-29,3,28,1,75.0
TXN011874,2026-08-29,3,42,2,1240.0
TXN011874,2026-08-29,3,59,1,35.0
TXN011875,2026-08-30,1,45,2,270.0
TXN011876,2026-08-30,1,50,2,520.0
TXN011876,2026-08-30,1,17,3,135.0
TXN011876,2026-08-30,1,6,2,60.0
TXN011877,2026-08-30,1,45,2,270.0
TXN011877,2026-08-30,1,51,2,360.0
TXN011878,2026-08-30,1,43,2,480.0
TXN011878,2026-08-30,1,5,2,190.0
TXN011878,2026-08-30,1,41,1,90.0
TXN011878,2026-08-30,1,3,1,115.0
TXN011878,2026-08-30,1,23,1,25.0
TXN011879,2026-08-30,1,58,1,25.0
TXN011879,2026-08-30,1,53,1,40.0
TXN011882,2026-08-30,1,58,1,25.0
TXN011882,2026-08-30,1,51,2,360.0
TXN011882,2026-08-30,1,55,2,60.0
TXN011882,2026-08-30,1,15,3,330.0
TXN011882,2026-08-30,1,18,2,40.0
TXN011883,2026-08-30,1,25,2,560.0
TXN011883,2026-08-30,1,30,2,80.0
TXN011884,2026-08-30,1,55,1,30.0
TXN011884,2026-08-30,1,16,1,120.0
TXN011884,2026-08-30,1,47,1,165.0
TXN011885,2026-08-30,1,6,2,60.0
TXN011885,2026-08-30,1,29,3,285.0
TXN011885,2026-08-30,1,56,1,120.0
TXN011886,2026-08-30,1,31,1,175.0
TXN011886,2026-08-30,1,7,2,260.0
TXN011887,2026-08-30,1,55,1,30.0
TXN011887,2026-08-30,1,45,2,270.0
TXN011887,2026-08-30,1,11,1,35.0
TXN011887,2026-08-30,1,47,3,495.0
TXN011888,2026-08-30,1,8,1,84.0
TXN011888,2026-08-30,1,60,1,40.0
TXN011888,2026-08-30,1,30,2,80.0
TXN011888,2026-08-30,1,25,3,840.0
TXN011889,2026-08-30,1,7,2,260.0
TXN011889,2026-08-30,1,51,2,360.0
TXN011890,2026-08-30,1,10,3,135.0
TXN011890,2026-08-30,1,42,2,1240.0
TXN011891,2026-08-30,1,14,1,80.0
TXN011891,2026-08-30,1,24,1,50.0
TXN011891,2026-08-30,1,5,2,190.0
TXN011892,2026-08-30,1,31,1,175.0
TXN011892,2026-08-30,1,51,2,360.0
TXN011893,2026-08-30,1,4,2,280.0
TXN011894,2026-08-30,1,30,1,40.0
TXN011894,2026-08-30,1,37,1,160.0
TXN011895,2026-08-30,1,11,1,35.0
TXN011895,2026-08-30,1,46,2,96.0
TXN011896,2026-08-30,1,28,1,75.0
TXN011896,2026-08-30,1,23,1,25.0
TXN011896,2026-08-30,1,22,2,60.0
TXN011897,2026-08-30,1,1,2,128.0
TXN011899,2026-08-30,1,42,2,1240.0
TXN011899,2026-08-30,1,11,1,35.0
TXN011899,2026-08-30,1,13,1,60.0
TXN011900,2026-08-30,1,42,2,1240.0
TXN011901,2026-08-30,1,30,2,80.0
TXN011901,2026-08-30,1,58,1,25.0
TXN011901,2026-08-30,1,53,2,80.0
TXN011902,2026-08-30,1,33,2,170.0
TXN011902,2026-08-30,1,21,1,310.0
TXN011902,2026-08-30,1,4,1,140.0
TXN011903,2026-08-30,1,36,2,210.0
TXN011904,2026-08-30,1,16,1,120.0
TXN011904,2026-08-30,1,10,3,135.0
TXN011904,2026-08-30,1,47,2,330.0
TXN011904,2026-08-30,1,55,1,30.0
TXN011905,2026-08-30,1,21,1,310.0
TXN011905,2026-08-30,1,10,3,135.0
TXN011905,2026-08-30,1,5,1,95.0
TXN011905,2026-08-30,1,57,1,90.0
TXN011906,2026-08-30,1,15,4,440.0
TXN011906,2026-08-30,1,7,2,260.0
TXN011906,2026-08-30,1,2,2,70.0
TXN011907,2026-08-30,1,42,2,1240.0
TXN011907,2026-08-30,1,22,2,60.0
TXN011907,2026-08-30,1,59,1,35.0
TXN011908,2026-08-30,1,42,1,620.0
TXN011909,2026-08-30,1,49,2,170.0
TXN011909,2026-08-30,1,28,1,75.0
TXN011910,2026-08-30,1,12,1,90.0
TXN011910,2026-08-30,1,30,1,40.0
TXN011910,2026-08-30,1,37,1,160.0
TXN011911,2026-08-30,1,2,1,35.0
TXN011911,2026-08-30,1,17,3,135.0
TXN011911,2026-08-30,1,10,4,180.0
TXN011911,2026-08-30,1,26,1,450.0
TXN011912,2026-08-30,1,55,2,60.0
TXN011912,2026-08-30,1,15,4,440.0
TXN011913,2026-08-30,1,8,1,84.0
TXN011913,2026-08-30,1,23,1,25.0
TXN011913,2026-08-30,1,30,2,80.0
TXN011914,2026-08-30,1,36,2,210.0
TXN011914,2026-08-30,1,1,3,192.0
TXN011914,2026-08-30,1,8,3,252.0
TXN011914,2026-08-30,1,12,1,90.0
TXN011915,2026-08-30,1,45,1,135.0
TXN011916,2026-08-30,1,29,1,95.0
TXN011916,2026-08-30,1,22,1,30.0
TXN011917,2026-08-30,1,58,2,50.0
TXN011917,2026-08-30,1,36,2,210.0
TXN011918,2026-08-30,1,13,1,60.0
TXN011919,2026-08-30,1,14,1,80.0
TXN011919,2026-08-30,1,2,1,35.0
TXN011919,2026-08-30,1,56,1,120.0
TXN011919,2026-08-30,1,6,1,30.0
TXN011920,2026-08-30,1,2,1,35.0
TXN011920,2026-08-30,1,46,2,96.0
TXN011920,2026-08-30,1,19,2,220.0
TXN011920,2026-08-30,1,27,1,40.0
TXN011921,2026-08-30,1,15,3,330.0
TXN011921,2026-08-30,1,9,2,80.0
TXN011921,2026-08-30,1,11,1,35.0
TXN011921,2026-08-30,1,7,2,260.0
TXN011922,2026-08-30,1,57,1,90.0
TXN011922,2026-08-30,1,46,1,48.0
TXN011922,2026-08-30,1,32,1,120.0
TXN011922,2026-08-30,1,27,2,80.0
TXN011922,2026-08-30,1,55,2,60.0
TXN011923,2026-08-30,2,59,1,35.0
TXN011923,2026-08-30,2,46,1,48.0
TXN011924,2026-08-30,2,52,1,50.0
TXN011924,2026-08-30,2,29,2,190.0
TXN011924,2026-08-30,2,23,1,25.0
TXN011925,2026-08-30,2,59,1,35.0
TXN011925,2026-08-30,2,23,1,25.0
TXN011925,2026-08-30,2,45,2,270.0
TXN011925,2026-08-30,2,60,1,40.0
TXN011926,2026-08-30,2,41,1,90.0
TXN011926,2026-08-30,2,54,1,35.0
TXN011926,2026-08-30,2,18,1,20.0
TXN011927,2026-08-30,2,12,1,90.0
TXN011928,2026-08-30,2,60,1,40.0
TXN011928,2026-08-30,2,12,1,90.0
TXN011929,2026-08-30,2,58,2,50.0
TXN011929,2026-08-30,2,43,2,480.0
TXN011929,2026-08-30,2,1,2,128.0
TXN011929,2026-08-30,2,15,2,220.0
TXN011930,2026-08-30,2,51,2,360.0
TXN011930,2026-08-30,2,4,1,140.0
TXN011931,2026-08-30,2,4,1,140.0
TXN011932,2026-08-30,2,19,1,110.0
TXN011932,2026-08-30,2,57,2,180.0
TXN011932,2026-08-30,2,2,1,35.0
TXN011933,2026-08-30,2,13,1,60.0
TXN011933,2026-08-30,2,58,1,25.0
TXN011933,2026-08-30,2,9,3,120.0
TXN011934,2026-08-30,2,14,1,80.0
TXN011934,2026-08-30,2,60,1,40.0
TXN011934,2026-08-30,2,26,1,450.0
TXN011935,2026-08-30,2,11,1,35.0
TXN011935,2026-08-30,2,55,1,30.0
TXN011935,2026-08-30,2,33,1,85.0
TXN011936,2026-08-30,2,26,1,450.0
TXN011936,2026-08-30,2,39,1,140.0
TXN011937,2026-08-30,2,48,2,48.0
TXN011937,2026-08-30,2,14,1,80.0
TXN011938,2026-08-30,2,28,1,75.0
TXN011938,2026-08-30,2,39,2,280.0
TXN011938,2026-08-30,2,57,1,90.0
TXN011938,2026-08-30,2,6,1,30.0
TXN011939,2026-08-30,2,22,1,30.0
TXN011939,2026-08-30,2,45,2,270.0
TXN011940,2026-08-30,2,32,1,120.0
TXN011940,2026-08-30,2,56,2,240.0
TXN011941,2026-08-30,2,12,1,90.0
TXN011942,2026-08-30,2,15,3,330.0
TXN011942,2026-08-30,2,55,2,60.0
TXN011943,2026-08-30,2,19,1,110.0
TXN011943,2026-08-30,2,6,1,30.0
TXN011943,2026-08-30,2,5,1,95.0
TXN011944,2026-08-30,2,15,3,330.0
TXN011944,2026-08-30,2,47,1,165.0
TXN011944,2026-08-30,2,43,1,240.0
TXN011945,2026-08-30,2,52,1,50.0
TXN011946,2026-08-30,2,46,2,96.0
TXN011947,2026-08-30,2,39,1,140.0
TXN011947,2026-08-30,2,32,1,120.0
TXN011947,2026-08-30,2,10,3,135.0
TXN011948,2026-08-30,2,59,1,35.0
TXN011949,2026-08-30,2,18,1,20.0
TXN011949,2026-08-30,2,1,2,128.0
TXN011950,2026-08-30,2,32,1,120.0
TXN011950,2026-08-30,2,56,1,120.0
TXN011951,2026-08-30,2,7,2,260.0
TXN011951,2026-08-30,2,53,1,40.0
TXN011952,2026-08-30,2,12,1,90.0
TXN011952,2026-08-30,2,10,3,135.0
TXN011953,2026-08-30,2,45,2,270.0
TXN011954,2026-08-30,2,49,2,170.0
TXN011954,2026-08-30,2,29,3,285.0
TXN011955,2026-08-30,2,11,1,35.0
TXN011955,2026-08-30,2,25,1,280.0
TXN011955,2026-08-30,2,59,1,35.0
TXN011955,2026-08-30,2,27,2,80.0
TXN011956,2026-08-30,2,33,2,170.0
TXN011957,2026-08-30,2,10,2,90.0
TXN011957,2026-08-30,2,15,3,330.0
TXN011958,2026-08-30,2,32,1,120.0
TXN011958,2026-08-30,2,12,1,90.0
TXN011958,2026-08-30,2,9,3,120.0
TXN011958,2026-08-30,2,17,3,135.0
TXN011959,2026-08-30,2,10,2,90.0
TXN011959,2026-08-30,2,25,1,280.0
TXN011960,2026-08-30,2,15,3,330.0
TXN011960,2026-08-30,2,57,2,180.0
TXN011960,2026-08-30,2,59,1,35.0
TXN011961,2026-08-30,2,22,1,30.0
TXN011961,2026-08-30,2,42,2,1240.0
TXN011963,2026-08-30,3,51,2,360.0
TXN011963,2026-08-30,3,57,1,90.0
TXN011963,2026-08-30,3,11,1,35.0
TXN011964,2026-08-30,3,2,1,35.0
TXN011964,2026-08-30,3,51,1,180.0
TXN011964,2026-08-30,3,13,1,60.0
TXN011965,2026-08-30,3,30,2,80.0
TXN011966,2026-08-30,3,23,1,25.0
TXN011966,2026-08-30,3,21,1,310.0
TXN011966,2026-08-30,3,55,2,60.0
TXN011966,2026-08-30,3,3,1,115.0
TXN011967,2026-08-30,3,57,1,90.0
TXN011967,2026-08-30,3,27,1,40.0
TXN011968,2026-08-30,3,23,1,25.0
TXN011969,2026-08-30,3,6,1,30.0
TXN011969,2026-08-30,3,15,3,330.0
TXN011970,2026-08-30,3,48,1,24.0
TXN011970,2026-08-30,3,15,2,220.0
TXN011971,2026-08-30,3,8,2,168.0
TXN011971,2026-08-30,3,12,1,90.0
TXN011971,2026-08-30,3,1,3,192.0
TXN011971,2026-08-30,3,54,1,35.0
TXN011972,2026-08-30,3,55,1,30.0
TXN011972,2026-08-30,3,47,1,165.0
TXN011972,2026-08-30,3,42,2,1240.0
TXN011973,2026-08-30,3,52,2,100.0
TXN011973,2026-08-30,3,2,1,35.0
TXN011974,2026-08-30,3,48,1,24.0
TXN011975,2026-08-30,3,43,1,240.0
TXN011975,2026-08-30,3,8,2,168.0
TXN011975,2026-08-30,3,6,1,30.0
TXN011975,2026-08-30,3,23,2,50.0
TXN011976,2026-08-30,3,43,2,480.0
TXN011976,2026-08-30,3,36,2,210.0
TXN011976,2026-08-30,3,8,2,168.0
TXN011976,2026-08-30,3,41,1,90.0
TXN011978,2026-08-30,3,16,1,120.0
TXN011978,2026-08-30,3,22,1,30.0
TXN011978,2026-08-30,3,51,1,180.0
TXN011979,2026-08-30,3,58,1,25.0
TXN011980,2026-08-30,3,17,2,90.0
TXN011982,2026-08-30,3,29,1,95.0
TXN011982,2026-08-30,3,55,1,30.0
TXN011982,2026-08-30,3,21,2,620.0
TXN011982,2026-08-30,3,6,1,30.0
TXN011983,2026-08-30,3,50,1,260.0
TXN011984,2026-08-30,3,15,2,220.0
TXN011984,2026-08-30,3,27,2,80.0
TXN011985,2026-08-30,3,60,1,40.0
TXN011985,2026-08-30,3,30,2,80.0
TXN011985,2026-08-30,3,27,2,80.0
TXN011986,2026-08-30,3,47,1,165.0
TXN011986,2026-08-30,3,19,1,110.0
TXN011986,2026-08-30,3,43,1,240.0
TXN011986,2026-08-30,3,49,1,85.0
TXN011987,2026-08-30,3,8,2,168.0
TXN011987,2026-08-30,3,54,1,35.0
TXN011987,2026-08-30,3,4,2,280.0
TXN011988,2026-08-30,3,25,1,280.0
TXN011988,2026-08-30,3,45,2,270.0
TXN011988,2026-08-30,3,51,2,360.0
TXN011989,2026-08-30,3,23,1,25.0
TXN011989,2026-08-30,3,13,1,60.0
TXN011990,2026-08-30,3,29,1,95.0
TXN011990,2026-08-30,3,2,2,70.0
TXN011991,2026-08-30,3,13,1,60.0
TXN011991,2026-08-30,3,42,1,620.0
TXN011991,2026-08-30,3,24,1,50.0
TXN011991,2026-08-30,3,16,1,120.0
TXN011992,2026-08-30,3,6,1,30.0
TXN011993,2026-08-30,3,35,1,145.0
TXN011993,2026-08-30,3,36,1,105.0
TXN011993,2026-08-30,3,1,1,64.0
TXN011993,2026-08-30,3,30,1,40.0
TXN011994,2026-08-30,3,10,4,180.0
TXN011995,2026-08-31,1,30,1,40.0
TXN011995,2026-08-31,1,54,2,70.0
TXN011995,2026-08-31,1,22,1,30.0
TXN011997,2026-08-31,1,3,1,115.0
TXN011997,2026-08-31,1,53,2,80.0
TXN011997,2026-08-31,1,7,1,130.0
TXN011997,2026-08-31,1,9,3,120.0
TXN011998,2026-08-31,1,18,1,20.0
TXN011998,2026-08-31,1,7,2,260.0
TXN011999,2026-08-31,1,35,1,145.0
TXN011999,2026-08-31,1,27,2,80.0
TXN011999,2026-08-31,1,5,1,95.0
TXN012000,2026-08-31,1,22,2,60.0
TXN012000,2026-08-31,1,49,2,170.0
TXN012001,2026-08-31,1,36,1,105.0
TXN012001,2026-08-31,1,2,1,35.0
TXN012001,2026-08-31,1,52,2,100.0
TXN012002,2026-08-31,1,51,2,360.0
TXN012002,2026-08-31,1,36,3,315.0
TXN012003,2026-08-31,1,39,1,140.0
TXN012004,2026-08-31,1,9,3,120.0
TXN012004,2026-08-31,1,35,1,145.0
TXN012005,2026-08-31,1,47,2,330.0
TXN012006,2026-08-31,1,32,1,120.0
TXN012006,2026-08-31,1,11,1,35.0
TXN012007,2026-08-31,1,21,1,310.0
TXN012007,2026-08-31,1,27,1,40.0
TXN012008,2026-08-31,1,21,1,310.0
TXN012009,2026-08-31,1,39,1,140.0
TXN012010,2026-08-31,1,16,1,120.0
TXN012010,2026-08-31,1,7,2,260.0
TXN012010,2026-08-31,1,42,1,620.0
TXN012011,2026-08-31,1,42,1,620.0
TXN012011,2026-08-31,1,27,2,80.0
TXN012011,2026-08-31,1,33,1,85.0
TXN012011,2026-08-31,1,31,1,175.0
TXN012012,2026-08-31,1,54,1,35.0
TXN012012,2026-08-31,1,40,1,65.0
TXN012012,2026-08-31,1,25,1,280.0
TXN012013,2026-08-31,1,23,2,50.0
TXN012013,2026-08-31,1,10,2,90.0
TXN012013,2026-08-31,1,8,2,168.0
TXN012014,2026-08-31,1,36,3,315.0
TXN012015,2026-08-31,1,48,2,48.0
TXN012015,2026-08-31,1,18,1,20.0
TXN012015,2026-08-31,1,56,2,240.0
TXN012015,2026-08-31,1,59,1,35.0
TXN012016,2026-08-31,1,33,1,85.0
TXN012017,2026-08-31,1,60,2,80.0
TXN012017,2026-08-31,1,20,1,220.0
TXN012017,2026-08-31,1,8,2,168.0
TXN012017,2026-08-31,1,48,1,24.0
TXN012018,2026-08-31,1,21,1,310.0
TXN012019,2026-08-31,1,50,1,260.0
TXN012019,2026-08-31,1,36,2,210.0
TXN012019,2026-08-31,1,2,1,35.0
TXN012020,2026-08-31,1,25,2,560.0
TXN012020,2026-08-31,1,55,3,90.0
TXN012021,2026-08-31,1,59,1,35.0
TXN012021,2026-08-31,1,43,1,240.0
TXN012022,2026-08-31,1,53,2,80.0
TXN012022,2026-08-31,1,2,1,35.0
TXN012022,2026-08-31,1,28,2,150.0
TXN012022,2026-08-31,1,46,3,144.0
TXN012023,2026-08-31,1,6,1,30.0
TXN012023,2026-08-31,1,43,1,240.0
TXN012023,2026-08-31,1,47,1,165.0
TXN012024,2026-08-31,1,46,2,96.0
TXN012024,2026-08-31,1,39,1,140.0
TXN012024,2026-08-31,1,51,1,180.0
TXN012025,2026-08-31,2,48,1,24.0
TXN012026,2026-08-31,2,45,2,270.0
TXN012027,2026-08-31,2,47,1,165.0
TXN012027,2026-08-31,2,6,1,30.0
TXN012028,2026-08-31,2,50,1,260.0
TXN012029,2026-08-31,2,2,1,35.0
TXN012030,2026-08-31,2,8,2,168.0
TXN012031,2026-08-31,2,19,1,110.0
TXN012031,2026-08-31,2,43,2,480.0
TXN012032,2026-08-31,2,15,2,220.0
TXN012032,2026-08-31,2,18,1,20.0
TXN012033,2026-08-31,2,21,1,310.0
TXN012033,2026-08-31,2,19,1,110.0
TXN012034,2026-08-31,2,9,2,80.0
TXN012034,2026-08-31,2,10,2,90.0
TXN012035,2026-08-31,2,15,3,330.0
TXN012035,2026-08-31,2,2,1,35.0
TXN012036,2026-08-31,2,43,1,240.0
TXN012036,2026-08-31,2,25,1,280.0
TXN012037,2026-08-31,2,6,1,30.0
TXN012037,2026-08-31,2,12,1,90.0
TXN012037,2026-08-31,2,10,3,135.0
TXN012038,2026-08-31,2,41,1,90.0
TXN012039,2026-08-31,2,40,1,65.0
TXN012039,2026-08-31,2,52,1,50.0
TXN012039,2026-08-31,2,57,1,90.0
TXN012040,2026-08-31,2,45,2,270.0
TXN012040,2026-08-31,2,56,1,120.0
TXN012041,2026-08-31,2,14,1,80.0
TXN012042,2026-08-31,2,36,1,105.0
TXN012042,2026-08-31,2,6,1,30.0
TXN012043,2026-08-31,2,42,1,620.0
TXN012043,2026-08-31,2,58,1,25.0
TXN012044,2026-08-31,2,50,1,260.0
TXN012045,2026-08-31,2,23,2,50.0
TXN012045,2026-08-31,2,2,2,70.0
TXN012046,2026-08-31,2,30,1,40.0
TXN012046,2026-08-31,2,46,2,96.0
TXN012046,2026-08-31,2,5,2,190.0
TXN012046,2026-08-31,2,15,2,220.0
TXN012049,2026-08-31,2,7,1,130.0
TXN012050,2026-08-31,2,39,1,140.0
TXN012050,2026-08-31,2,1,2,128.0
TXN012051,2026-08-31,2,15,2,220.0
TXN012052,2026-08-31,2,15,3,330.0
TXN012052,2026-08-31,2,54,2,70.0
TXN012052,2026-08-31,2,13,1,60.0
TXN012052,2026-08-31,2,45,2,270.0
TXN012053,2026-08-31,2,5,1,95.0
TXN012053,2026-08-31,2,42,1,620.0
TXN012053,2026-08-31,2,51,1,180.0
TXN012055,2026-08-31,2,49,2,170.0
TXN012057,2026-08-31,3,27,1,40.0
TXN012058,2026-08-31,3,25,1,280.0
TXN012059,2026-08-31,3,26,1,450.0
TXN012059,2026-08-31,3,10,3,135.0
TXN012060,2026-08-31,3,9,1,40.0
TXN012060,2026-08-31,3,27,1,40.0
TXN012060,2026-08-31,3,12,2,180.0
TXN012061,2026-08-31,3,35,1,145.0
TXN012061,2026-08-31,3,59,1,35.0
TXN012061,2026-08-31,3,46,2,96.0
TXN012061,2026-08-31,3,29,1,95.0
TXN012062,2026-08-31,3,39,1,140.0
TXN012062,2026-08-31,3,45,1,135.0
TXN012062,2026-08-31,3,46,1,48.0
TXN012063,2026-08-31,3,49,2,170.0
TXN012063,2026-08-31,3,33,2,170.0
TXN012064,2026-08-31,3,33,1,85.0
TXN012064,2026-08-31,3,9,2,80.0
TXN012064,2026-08-31,3,57,1,90.0
TXN012064,2026-08-31,3,55,1,30.0
TXN012065,2026-08-31,3,9,3,120.0
TXN012065,2026-08-31,3,41,1,90.0
TXN012066,2026-08-31,3,33,2,170.0
TXN012066,2026-08-31,3,30,1,40.0
TXN012066,2026-08-31,3,15,3,330.0
TXN012067,2026-08-31,3,23,2,50.0
TXN012067,2026-08-31,3,40,1,65.0
TXN012068,2026-08-31,3,60,1,40.0
TXN012069,2026-08-31,3,1,2,128.0
TXN012070,2026-08-31,3,58,1,25.0
TXN012071,2026-08-31,3,53,2,80.0
TXN012072,2026-08-31,3,7,2,260.0
TXN012072,2026-08-31,3,1,2,128.0
TXN012072,2026-08-31,3,2,1,35.0
TXN012073,2026-08-31,3,52,1,50.0
TXN012073,2026-08-31,3,51,1,180.0
TXN012073,2026-08-31,3,36,2,210.0
TXN012073,2026-08-31,3,48,1,24.0
TXN012074,2026-08-31,3,23,1,25.0
TXN012074,2026-08-31,3,52,2,100.0
TXN012074,2026-08-31,3,9,2,80.0
TXN012074,2026-08-31,3,55,3,90.0
TXN012075,2026-08-31,3,17,1,45.0
TXN012075,2026-08-31,3,6,2,60.0
TXN012077,2026-08-31,3,17,1,45.0
TXN012077,2026-08-31,3,51,1,180.0
TXN012079,2026-09-01,1,57,1,90.0
TXN012079,2026-09-01,1,49,1,85.0
TXN012079,2026-09-01,1,28,1,75.0
TXN012080,2026-09-01,1,51,1,180.0
TXN012081,2026-09-01,1,2,1,35.0
TXN012081,2026-09-01,1,51,1,180.0
TXN012081,2026-09-01,1,12,1,90.0
TXN012082,2026-09-01,1,37,1,160.0
TXN012082,2026-09-01,1,36,2,210.0
TXN012082,2026-09-01,1,54,1,35.0
TXN012082,2026-09-01,1,40,1,65.0
TXN012083,2026-09-01,1,9,1,40.0
TXN012083,2026-09-01,1,36,3,315.0
TXN012085,2026-09-01,1,56,2,240.0
TXN012085,2026-09-01,1,14,1,80.0
TXN012086,2026-09-01,1,43,1,240.0
TXN012087,2026-09-01,1,23,2,50.0
TXN012087,2026-09-01,1,10,3,135.0
TXN012088,2026-09-01,1,49,1,85.0
TXN012088,2026-09-01,1,45,2,270.0
TXN012088,2026-09-01,1,55,1,30.0
TXN012088,2026-09-01,1,40,1,65.0
TXN012090,2026-09-01,1,17,2,90.0
TXN012090,2026-09-01,1,25,2,560.0
TXN012091,2026-09-01,1,57,1,90.0
TXN012091,2026-09-01,1,43,1,240.0
TXN012091,2026-09-01,1,33,1,85.0
TXN012091,2026-09-01,1,48,1,24.0
TXN012092,2026-09-01,1,8,2,168.0
TXN012092,2026-09-01,1,42,2,1240.0
TXN012093,2026-09-01,1,35,1,145.0
TXN012093,2026-09-01,1,47,1,165.0
TXN012093,2026-09-01,1,53,2,80.0
TXN012093,2026-09-01,1,46,2,96.0
TXN012094,2026-09-01,1,60,1,40.0
TXN012094,2026-09-01,1,40,1,65.0
TXN012095,2026-09-01,1,59,1,35.0
TXN012096,2026-09-01,1,5,1,95.0
TXN012097,2026-09-01,1,47,1,165.0
TXN012097,2026-09-01,1,24,1,50.0
TXN012097,2026-09-01,1,48,2,48.0
TXN012097,2026-09-01,1,30,1,40.0
TXN012099,2026-09-01,1,42,1,620.0
TXN012099,2026-09-01,1,5,1,95.0
TXN012100,2026-09-01,1,17,2,90.0
TXN012101,2026-09-01,1,57,1,90.0
TXN012101,2026-09-01,1,49,1,85.0
TXN012101,2026-09-01,1,14,1,80.0
TXN012101,2026-09-01,1,5,1,95.0
TXN012102,2026-09-01,1,52,1,50.0
TXN012102,2026-09-01,1,31,1,175.0
TXN012103,2026-09-01,1,4,1,140.0
TXN012104,2026-09-01,1,30,1,40.0
TXN012105,2026-09-01,1,33,2,170.0
TXN012105,2026-09-01,1,57,1,90.0
TXN012105,2026-09-01,1,23,1,25.0
TXN012106,2026-09-01,1,57,2,180.0
TXN012106,2026-09-01,1,4,1,140.0
TXN012107,2026-09-01,1,7,2,260.0
TXN012107,2026-09-01,1,47,1,165.0
TXN012108,2026-09-01,1,51,1,180.0
TXN012109,2026-09-01,1,5,1,95.0
TXN012109,2026-09-01,1,8,2,168.0
TXN012109,2026-09-01,1,55,1,30.0
TXN012110,2026-09-01,1,11,1,35.0
TXN012110,2026-09-01,1,43,1,240.0
TXN012110,2026-09-01,1,18,1,20.0
TXN012111,2026-09-01,1,40,1,65.0
TXN012111,2026-09-01,1,7,2,260.0
TXN012111,2026-09-01,1,15,2,220.0
TXN012112,2026-09-01,1,17,2,90.0
TXN012113,2026-09-01,1,36,2,210.0
TXN012113,2026-09-01,1,35,1,145.0
TXN012114,2026-09-01,1,17,2,90.0
TXN012114,2026-09-01,1,25,1,280.0
TXN012114,2026-09-01,1,48,1,24.0
TXN012115,2026-09-01,1,49,1,85.0
TXN012115,2026-09-01,1,39,1,140.0
TXN012116,2026-09-01,1,27,1,40.0
TXN012116,2026-09-01,1,3,1,115.0
TXN012117,2026-09-01,1,54,2,70.0
TXN012117,2026-09-01,1,41,1,90.0
TXN012117,2026-09-01,1,5,1,95.0
TXN012118,2026-09-01,1,27,1,40.0
TXN012118,2026-09-01,1,13,1,60.0
TXN012118,2026-09-01,1,28,1,75.0
TXN012119,2026-09-01,1,53,2,80.0
TXN012119,2026-09-01,1,1,2,128.0
TXN012119,2026-09-01,1,10,2,90.0
TXN012120,2026-09-01,1,12,1,90.0
TXN012120,2026-09-01,1,51,2,360.0
TXN012121,2026-09-01,2,35,1,145.0
TXN012121,2026-09-01,2,50,1,260.0
TXN012122,2026-09-01,2,46,2,96.0
TXN012122,2026-09-01,2,15,1,110.0
TXN012123,2026-09-01,2,40,1,65.0
TXN012124,2026-09-01,2,2,1,35.0
TXN012124,2026-09-01,2,5,1,95.0
TXN012125,2026-09-01,2,43,1,240.0
TXN012125,2026-09-01,2,53,1,40.0
TXN012125,2026-09-01,2,5,2,190.0
TXN012126,2026-09-01,2,45,1,135.0
TXN012126,2026-09-01,2,40,1,65.0
TXN012127,2026-09-01,2,30,2,80.0
TXN012127,2026-09-01,2,53,1,40.0
TXN012127,2026-09-01,2,6,2,60.0
TXN012128,2026-09-01,2,21,1,310.0
TXN012129,2026-09-01,2,24,1,50.0
TXN012129,2026-09-01,2,9,2,80.0
TXN012130,2026-09-01,2,9,1,40.0
TXN012130,2026-09-01,2,30,2,80.0
TXN012131,2026-09-01,2,45,2,270.0
TXN012131,2026-09-01,2,43,1,240.0
TXN012132,2026-09-01,2,8,1,84.0
TXN012132,2026-09-01,2,33,1,85.0
TXN012133,2026-09-01,2,9,1,40.0
TXN012133,2026-09-01,2,43,1,240.0
TXN012134,2026-09-01,2,30,1,40.0
TXN012134,2026-09-01,2,52,1,50.0
TXN012134,2026-09-01,2,17,2,90.0
TXN012134,2026-09-01,2,37,1,160.0
TXN012135,2026-09-01,2,46,1,48.0
TXN012135,2026-09-01,2,51,1,180.0
TXN012135,2026-09-01,2,7,1,130.0
TXN012136,2026-09-01,2,4,1,140.0
TXN012136,2026-09-01,2,46,2,96.0
TXN012136,2026-09-01,2,27,1,40.0
TXN012137,2026-09-01,2,52,1,50.0
TXN012137,2026-09-01,2,46,2,96.0
TXN012138,2026-09-01,2,27,1,40.0
TXN012138,2026-09-01,2,42,1,620.0
TXN012138,2026-09-01,2,9,3,120.0
TXN012138,2026-09-01,2,2,1,35.0
TXN012138,2026-09-01,2,53,3,120.0
TXN012139,2026-09-01,2,50,1,260.0
TXN012140,2026-09-01,2,29,1,95.0
TXN012140,2026-09-01,2,6,1,30.0
TXN012140,2026-09-01,2,60,1,40.0
TXN012141,2026-09-01,2,2,1,35.0
TXN012142,2026-09-01,2,30,1,40.0
TXN012142,2026-09-01,2,59,1,35.0
TXN012142,2026-09-01,2,12,1,90.0
TXN012142,2026-09-01,2,24,1,50.0
TXN012143,2026-09-01,2,49,1,85.0
TXN012143,2026-09-01,2,55,1,30.0
TXN012143,2026-09-01,2,57,1,90.0
TXN012144,2026-09-01,2,11,1,35.0
TXN012144,2026-09-01,2,54,1,35.0
TXN012145,2026-09-01,2,49,1,85.0
TXN012145,2026-09-01,2,30,2,80.0
TXN012146,2026-09-01,2,35,1,145.0
TXN012146,2026-09-01,2,39,1,140.0
TXN012146,2026-09-01,2,42,1,620.0
TXN012147,2026-09-01,2,9,2,80.0
TXN012147,2026-09-01,2,30,1,40.0
TXN012147,2026-09-01,2,23,2,50.0
TXN012148,2026-09-01,2,47,1,165.0
TXN012149,2026-09-01,2,1,1,64.0
TXN012149,2026-09-01,2,53,1,40.0
TXN012150,2026-09-01,2,29,1,95.0
TXN012151,2026-09-01,2,51,1,180.0
TXN012151,2026-09-01,2,36,2,210.0
TXN012151,2026-09-01,2,56,1,120.0
TXN012151,2026-09-01,2,59,1,35.0
TXN012151,2026-09-01,2,30,1,40.0
TXN012152,2026-09-01,2,23,1,25.0
TXN012152,2026-09-01,2,25,1,280.0
TXN012152,2026-09-01,2,53,2,80.0
TXN012153,2026-09-01,2,5,1,95.0
TXN012153,2026-09-01,2,6,1,30.0
TXN012154,2026-09-01,2,8,2,168.0
TXN012154,2026-09-01,2,18,2,40.0
TXN012154,2026-09-01,2,14,1,80.0
TXN012155,2026-09-01,2,51,1,180.0
TXN012155,2026-09-01,2,57,1,90.0
TXN012155,2026-09-01,2,25,1,280.0
TXN012158,2026-09-01,3,45,2,270.0
TXN012159,2026-09-01,3,27,1,40.0
TXN012159,2026-09-01,3,50,1,260.0
TXN012161,2026-09-01,3,58,1,25.0
TXN012161,2026-09-01,3,33,1,85.0
TXN012162,2026-09-01,3,60,1,40.0
TXN012162,2026-09-01,3,41,1,90.0
TXN012163,2026-09-01,3,53,1,40.0
TXN012163,2026-09-01,3,12,1,90.0
TXN012163,2026-09-01,3,51,1,180.0
TXN012164,2026-09-01,3,41,1,90.0
TXN012164,2026-09-01,3,9,3,120.0
TXN012164,2026-09-01,3,14,1,80.0
TXN012165,2026-09-01,3,51,1,180.0
TXN012165,2026-09-01,3,15,3,330.0
TXN012165,2026-09-01,3,25,2,560.0
TXN012165,2026-09-01,3,43,2,480.0
TXN012166,2026-09-01,3,25,2,560.0
TXN012166,2026-09-01,3,5,1,95.0
TXN012166,2026-09-01,3,9,2,80.0
TXN012168,2026-09-01,3,29,1,95.0
TXN012168,2026-09-01,3,7,1,130.0
TXN012169,2026-09-01,3,17,2,90.0
TXN012169,2026-09-01,3,53,1,40.0
TXN012169,2026-09-01,3,10,2,90.0
TXN012170,2026-09-01,3,4,1,140.0
TXN012170,2026-09-01,3,54,1,35.0
TXN012170,2026-09-01,3,12,1,90.0
TXN012170,2026-09-01,3,1,2,128.0
TXN012170,2026-09-01,3,42,1,620.0
TXN012171,2026-09-01,3,1,2,128.0
TXN012171,2026-09-01,3,37,1,160.0
TXN012171,2026-09-01,3,60,2,80.0
TXN012171,2026-09-01,3,27,2,80.0
TXN012172,2026-09-01,3,48,1,24.0
TXN012172,2026-09-01,3,15,1,110.0
TXN012172,2026-09-01,3,21,1,310.0
TXN012173,2026-09-01,3,4,1,140.0
TXN012173,2026-09-01,3,27,2,80.0
TXN012173,2026-09-01,3,21,2,620.0
TXN012174,2026-09-01,3,27,1,40.0
TXN012175,2026-09-01,3,12,1,90.0
TXN012176,2026-09-01,3,48,1,24.0
TXN012177,2026-09-01,3,15,2,220.0
TXN012177,2026-09-01,3,28,1,75.0
TXN012177,2026-09-01,3,1,2,128.0
TXN012178,2026-09-01,3,17,2,90.0
TXN012178,2026-09-01,3,1,1,64.0
TXN012179,2026-09-01,3,7,1,130.0
TXN012179,2026-09-01,3,29,1,95.0
TXN012180,2026-09-01,3,28,1,75.0
TXN012180,2026-09-01,3,9,2,80.0
TXN012180,2026-09-01,3,10,2,90.0
TXN012181,2026-09-01,3,27,1,40.0
TXN012181,2026-09-01,3,5,1,95.0
TXN012181,2026-09-01,3,43,2,480.0
TXN012182,2026-09-02,1,55,1,30.0
TXN012182,2026-09-02,1,42,2,1240.0
TXN012182,2026-09-02,1,17,2,90.0
TXN012183,2026-09-02,1,30,1,40.0
TXN012183,2026-09-02,1,52,2,100.0
TXN012183,2026-09-02,1,43,1,240.0
TXN012184,2026-09-02,1,39,1,140.0
TXN012184,2026-09-02,1,53,2,80.0
TXN012184,2026-09-02,1,48,1,24.0
TXN012185,2026-09-02,1,10,3,135.0
TXN012186,2026-09-02,1,58,1,25.0
TXN012186,2026-09-02,1,59,1,35.0
TXN012187,2026-09-02,1,45,2,270.0
TXN012187,2026-09-02,1,10,4,180.0
TXN012187,2026-09-02,1,57,1,90.0
TXN012188,2026-09-02,1,49,1,85.0
TXN012189,2026-09-02,1,53,2,80.0
TXN012189,2026-09-02,1,52,1,50.0
TXN012189,2026-09-02,1,41,1,90.0
TXN012190,2026-09-02,1,46,1,48.0
TXN012190,2026-09-02,1,57,1,90.0
TXN012190,2026-09-02,1,21,1,310.0
TXN012191,2026-09-02,1,57,1,90.0
TXN012192,2026-09-02,1,47,1,165.0
TXN012193,2026-09-02,1,30,1,40.0
TXN012193,2026-09-02,1,22,1,30.0
TXN012193,2026-09-02,1,50,1,260.0
TXN012193,2026-09-02,1,10,3,135.0
TXN012194,2026-09-02,1,29,1,95.0
TXN012194,2026-09-02,1,53,2,80.0
TXN012194,2026-09-02,1,55,2,60.0
TXN012195,2026-09-02,1,13,1,60.0
TXN012195,2026-09-02,1,45,2,270.0
TXN012195,2026-09-02,1,43,1,240.0
TXN012195,2026-09-02,1,51,2,360.0
TXN012196,2026-09-02,1,57,1,90.0
TXN012196,2026-09-02,1,59,1,35.0
TXN012196,2026-09-02,1,60,1,40.0
TXN012198,2026-09-02,1,49,1,85.0
TXN012198,2026-09-02,1,24,2,100.0
TXN012199,2026-09-02,1,8,2,168.0
TXN012199,2026-09-02,1,47,1,165.0
TXN012200,2026-09-02,1,33,1,85.0
TXN012200,2026-09-02,1,3,1,115.0
TXN012201,2026-09-02,1,4,2,280.0
TXN012201,2026-09-02,1,51,1,180.0
TXN012201,2026-09-02,1,55,2,60.0
TXN012202,2026-09-02,1,57,1,90.0
TXN012203,2026-09-02,1,49,1,85.0
TXN012203,2026-09-02,1,18,1,20.0
TXN012203,2026-09-02,1,5,1,95.0
TXN012204,2026-09-02,1,6,2,60.0
TXN012204,2026-09-02,1,10,4,180.0
TXN012204,2026-09-02,1,43,1,240.0
TXN012205,2026-09-02,1,58,1,25.0
TXN012206,2026-09-02,1,39,1,140.0
TXN012206,2026-09-02,1,52,2,100.0
TXN012206,2026-09-02,1,1,3,192.0
TXN012207,2026-09-02,1,48,2,48.0
TXN012207,2026-09-02,1,53,2,80.0
TXN012208,2026-09-02,1,59,1,35.0
TXN012208,2026-09-02,1,47,2,330.0
TXN012209,2026-09-02,1,24,1,50.0
TXN012209,2026-09-02,1,14,2,160.0
TXN012209,2026-09-02,1,29,2,190.0
TXN012209,2026-09-02,1,53,2,80.0
TXN012210,2026-09-02,1,39,1,140.0
TXN012210,2026-09-02,1,6,1,30.0
TXN012211,2026-09-02,1,21,1,310.0
TXN012211,2026-09-02,1,53,2,80.0
TXN012211,2026-09-02,1,1,2,128.0
TXN012212,2026-09-02,1,49,1,85.0
TXN012212,2026-09-02,1,56,1,120.0
TXN012212,2026-09-02,1,3,1,115.0
TXN012212,2026-09-02,1,58,1,25.0
TXN012213,2026-09-02,1,23,1,25.0
TXN012214,2026-09-02,1,6,2,60.0
TXN012215,2026-09-02,1,36,1,105.0
TXN012215,2026-09-02,1,58,1,25.0
TXN012215,2026-09-02,1,46,1,48.0
TXN012215,2026-09-02,1,12,2,180.0
TXN012216,2026-09-02,1,47,2,330.0
TXN012216,2026-09-02,1,33,2,170.0
TXN012216,2026-09-02,1,40,1,65.0
TXN012217,2026-09-02,1,57,1,90.0
TXN012217,2026-09-02,1,13,1,60.0
TXN012217,2026-09-02,1,29,1,95.0
TXN012218,2026-09-02,1,37,1,160.0
TXN012219,2026-09-02,1,6,2,60.0
TXN012219,2026-09-02,1,37,1,160.0
TXN012219,2026-09-02,1,9,2,80.0
TXN012219,2026-09-02,1,22,2,60.0
TXN012220,2026-09-02,1,58,1,25.0
TXN012220,2026-09-02,1,54,2,70.0
TXN012220,2026-09-02,1,29,2,190.0
TXN012220,2026-09-02,1,39,1,140.0
TXN012221,2026-09-02,1,10,3,135.0
TXN012221,2026-09-02,1,17,2,90.0
TXN012221,2026-09-02,1,42,2,1240.0
TXN012221,2026-09-02,1,25,2,560.0
TXN012221,2026-09-02,1,30,1,40.0
TXN012222,2026-09-02,1,16,1,120.0
TXN012223,2026-09-02,1,39,1,140.0
TXN012224,2026-09-02,1,2,2,70.0
TXN012224,2026-09-02,1,36,2,210.0
TXN012224,2026-09-02,1,30,2,80.0
TXN012225,2026-09-02,1,4,1,140.0
TXN012225,2026-09-02,1,14,1,80.0
TXN012225,2026-09-02,1,52,1,50.0
TXN012226,2026-09-02,2,10,1,45.0
TXN012226,2026-09-02,2,36,2,210.0
TXN012226,2026-09-02,2,7,1,130.0
TXN012227,2026-09-02,2,17,3,135.0
TXN012228,2026-09-02,2,23,2,50.0
TXN012229,2026-09-02,2,43,1,240.0
TXN012229,2026-09-02,2,3,2,230.0
TXN012230,2026-09-02,2,10,3,135.0
TXN012230,2026-09-02,2,58,2,50.0
TXN012230,2026-09-02,2,11,1,35.0
TXN012231,2026-09-02,2,39,1,140.0
TXN012231,2026-09-02,2,25,1,280.0
TXN012233,2026-09-02,2,26,1,450.0
TXN012233,2026-09-02,2,23,2,50.0
TXN012233,2026-09-02,2,7,1,130.0
TXN012233,2026-09-02,2,6,2,60.0
TXN012234,2026-09-02,2,49,2,170.0
TXN012234,2026-09-02,2,27,2,80.0
TXN012235,2026-09-02,2,41,1,90.0
TXN012235,2026-09-02,2,7,1,130.0
TXN012236,2026-09-02,2,35,1,145.0
TXN012237,2026-09-02,2,55,1,30.0
TXN012237,2026-09-02,2,14,1,80.0
TXN012238,2026-09-02,2,47,1,165.0
TXN012239,2026-09-02,2,9,2,80.0
TXN012239,2026-09-02,2,16,1,120.0
TXN012240,2026-09-02,2,43,1,240.0
TXN012240,2026-09-02,2,29,1,95.0
TXN012240,2026-09-02,2,11,1,35.0
TXN012241,2026-09-02,2,45,2,270.0
TXN012242,2026-09-02,2,57,1,90.0
TXN012242,2026-09-02,2,8,1,84.0
TXN012242,2026-09-02,2,28,1,75.0
TXN012242,2026-09-02,2,22,1,30.0
TXN012242,2026-09-02,2,6,1,30.0
TXN012243,2026-09-02,2,22,1,30.0
TXN012244,2026-09-02,2,33,1,85.0
TXN012244,2026-09-02,2,29,2,190.0
TXN012244,2026-09-02,2,57,1,90.0
TXN012245,2026-09-02,2,1,2,128.0
TXN012246,2026-09-02,2,43,1,240.0
TXN012246,2026-09-02,2,1,1,64.0
TXN012247,2026-09-02,2,1,2,128.0
TXN012247,2026-09-02,2,59,1,35.0
TXN012247,2026-09-02,2,42,1,620.0
TXN012248,2026-09-02,2,23,1,25.0
TXN012248,2026-09-02,2,43,2,480.0
TXN012249,2026-09-02,2,17,2,90.0
TXN012249,2026-09-02,2,39,2,280.0
TXN012250,2026-09-02,2,42,2,1240.0
TXN012250,2026-09-02,2,51,1,180.0
TXN012251,2026-09-02,2,13,1,60.0
TXN012251,2026-09-02,2,51,2,360.0
TXN012251,2026-09-02,2,1,2,128.0
TXN012253,2026-09-02,2,41,1,90.0
TXN012253,2026-09-02,2,5,1,95.0
TXN012253,2026-09-02,2,9,1,40.0
TXN012254,2026-09-02,2,42,1,620.0
TXN012254,2026-09-02,2,17,3,135.0
TXN012256,2026-09-02,3,59,1,35.0
TXN012256,2026-09-02,3,36,1,105.0
TXN012257,2026-09-02,3,31,1,175.0
TXN012257,2026-09-02,3,22,1,30.0
TXN012258,2026-09-02,3,23,2,50.0
TXN012259,2026-09-02,3,15,3,330.0
TXN012259,2026-09-02,3,30,1,40.0
TXN012259,2026-09-02,3,50,1,260.0
TXN012260,2026-09-02,3,56,1,120.0
TXN012260,2026-09-02,3,6,2,60.0
TXN012261,2026-09-02,3,15,3,330.0
TXN012261,2026-09-02,3,16,1,120.0
TXN012262,2026-09-02,3,26,1,450.0
TXN012263,2026-09-02,3,36,1,105.0
TXN012263,2026-09-02,3,58,2,50.0
TXN012263,2026-09-02,3,54,1,35.0
TXN012264,2026-09-02,3,52,1,50.0
TXN012265,2026-09-02,3,1,1,64.0
TXN012266,2026-09-02,3,52,1,50.0
TXN012267,2026-09-02,3,12,1,90.0
TXN012267,2026-09-02,3,60,1,40.0
TXN012268,2026-09-02,3,9,3,120.0
TXN012268,2026-09-02,3,29,1,95.0
TXN012270,2026-09-02,3,55,1,30.0
TXN012271,2026-09-02,3,1,2,128.0
TXN012272,2026-09-02,3,45,1,135.0
TXN012272,2026-09-02,3,17,1,45.0
TXN012272,2026-09-02,3,1,1,64.0
TXN012273,2026-09-02,3,23,1,25.0
TXN012273,2026-09-02,3,25,1,280.0
TXN012275,2026-09-02,3,5,1,95.0
TXN012275,2026-09-02,3,14,2,160.0
TXN012275,2026-09-02,3,57,1,90.0
TXN012275,2026-09-02,3,3,1,115.0
TXN012276,2026-09-02,3,7,2,260.0
TXN012277,2026-09-03,1,6,1,30.0
TXN012277,2026-09-03,1,50,1,260.0
TXN012278,2026-09-03,1,57,2,180.0
TXN012279,2026-09-03,1,42,2,1240.0
TXN012280,2026-09-03,1,40,1,65.0
TXN012280,2026-09-03,1,22,1,30.0
TXN012281,2026-09-03,1,39,1,140.0
TXN012282,2026-09-03,1,32,1,120.0
TXN012282,2026-09-03,1,42,1,620.0
TXN012282,2026-09-03,1,12,1,90.0
TXN012282,2026-09-03,1,2,1,35.0
TXN012282,2026-09-03,1,11,2,70.0
TXN012283,2026-09-03,1,23,1,25.0
TXN012283,2026-09-03,1,26,1,450.0
TXN012284,2026-09-03,1,46,1,48.0
TXN012284,2026-09-03,1,15,3,330.0
TXN012284,2026-09-03,1,53,2,80.0
TXN012285,2026-09-03,1,15,4,440.0
TXN012285,2026-09-03,1,32,1,120.0
TXN012286,2026-09-03,1,27,3,120.0
TXN012286,2026-09-03,1,9,3,120.0
TXN012286,2026-09-03,1,1,3,192.0
TXN012287,2026-09-03,1,50,1,260.0
TXN012288,2026-09-03,1,43,2,480.0
TXN012288,2026-09-03,1,39,1,140.0
TXN012288,2026-09-03,1,29,1,95.0
TXN012289,2026-09-03,1,7,1,130.0
TXN012289,2026-09-03,1,18,1,20.0
TXN012289,2026-09-03,1,10,4,180.0
TXN012289,2026-09-03,1,56,1,120.0
TXN012289,2026-09-03,1,1,2,128.0
TXN012290,2026-09-03,1,5,1,95.0
TXN012290,2026-09-03,1,51,3,540.0
TXN012292,2026-09-03,1,45,1,135.0
TXN012292,2026-09-03,1,36,2,210.0
TXN012292,2026-09-03,1,11,1,35.0
TXN012293,2026-09-03,1,17,2,90.0
TXN012293,2026-09-03,1,57,1,90.0
TXN012293,2026-09-03,1,49,1,85.0
TXN012293,2026-09-03,1,35,1,145.0
TXN012294,2026-09-03,1,24,2,100.0
TXN012294,2026-09-03,1,27,2,80.0
TXN012294,2026-09-03,1,15,3,330.0
TXN012294,2026-09-03,1,33,1,85.0
TXN012295,2026-09-03,1,4,1,140.0
TXN012296,2026-09-03,1,60,1,40.0
TXN012296,2026-09-03,1,36,1,105.0
TXN012296,2026-09-03,1,57,2,180.0
TXN012297,2026-09-03,1,37,1,160.0
TXN012297,2026-09-03,1,55,2,60.0
TXN012298,2026-09-03,1,13,1,60.0
TXN012300,2026-09-03,1,1,2,128.0
TXN012300,2026-09-03,1,40,1,65.0
TXN012301,2026-09-03,1,36,2,210.0
TXN012301,2026-09-03,1,18,2,40.0
TXN012301,2026-09-03,1,11,1,35.0
TXN012301,2026-09-03,1,51,1,180.0
TXN012302,2026-09-03,1,27,1,40.0
TXN012303,2026-09-03,1,36,1,105.0
TXN012303,2026-09-03,1,5,1,95.0
TXN012303,2026-09-03,1,15,3,330.0
TXN012303,2026-09-03,1,22,1,30.0
TXN012304,2026-09-03,1,10,2,90.0
TXN012304,2026-09-03,1,18,1,20.0
TXN012305,2026-09-03,1,22,1,30.0
TXN012306,2026-09-03,1,43,1,240.0
TXN012306,2026-09-03,1,29,2,190.0
TXN012306,2026-09-03,1,9,2,80.0
TXN012306,2026-09-03,1,53,1,40.0
TXN012307,2026-09-03,1,9,1,40.0
TXN012307,2026-09-03,1,30,1,40.0
TXN012307,2026-09-03,1,18,1,20.0
TXN012307,2026-09-03,1,45,1,135.0
TXN012308,2026-09-03,1,57,1,90.0
TXN012309,2026-09-03,1,39,2,280.0
TXN012309,2026-09-03,1,17,2,90.0
TXN012310,2026-09-03,1,7,1,130.0
TXN012310,2026-09-03,1,29,2,190.0
TXN012310,2026-09-03,1,15,3,330.0
TXN012311,2026-09-03,1,32,1,120.0
TXN012311,2026-09-03,1,47,1,165.0
TXN012312,2026-09-03,1,25,1,280.0
TXN012312,2026-09-03,1,2,2,70.0
TXN012313,2026-09-03,1,2,2,70.0
TXN012314,2026-09-03,2,7,3,390.0
TXN012315,2026-09-03,2,4,1,140.0
TXN012315,2026-09-03,2,58,1,25.0
TXN012315,2026-09-03,2,49,2,170.0
TXN012315,2026-09-03,2,10,2,90.0
TXN012316,2026-09-03,2,40,1,65.0
TXN012316,2026-09-03,2,52,1,50.0
TXN012316,2026-09-03,2,33,1,85.0
TXN012317,2026-09-03,2,35,1,145.0
TXN012317,2026-09-03,2,39,2,280.0
TXN012318,2026-09-03,2,17,2,90.0
TXN012318,2026-09-03,2,5,1,95.0
TXN012318,2026-09-03,2,45,1,135.0
TXN012319,2026-09-03,2,4,2,280.0
TXN012319,2026-09-03,2,28,1,75.0
TXN012319,2026-09-03,2,50,2,520.0
TXN012320,2026-09-03,2,48,1,24.0
TXN012321,2026-09-03,2,36,1,105.0
TXN012322,2026-09-03,2,28,1,75.0
TXN012322,2026-09-03,2,29,2,190.0
TXN012324,2026-09-03,2,15,2,220.0
TXN012324,2026-09-03,2,29,1,95.0
TXN012324,2026-09-03,2,36,1,105.0
TXN012324,2026-09-03,2,31,1,175.0
TXN012325,2026-09-03,2,50,1,260.0
TXN012326,2026-09-03,2,58,1,25.0
TXN012326,2026-09-03,2,31,1,175.0
TXN012326,2026-09-03,2,45,1,135.0
TXN012326,2026-09-03,2,9,2,80.0
TXN012327,2026-09-03,2,14,1,80.0
TXN012327,2026-09-03,2,41,1,90.0
TXN012328,2026-09-03,2,47,1,165.0
TXN012328,2026-09-03,2,11,1,35.0
TXN012328,2026-09-03,2,54,1,35.0
TXN012329,2026-09-03,2,15,3,330.0
TXN012329,2026-09-03,2,31,1,175.0
TXN012330,2026-09-03,2,10,2,90.0
TXN012330,2026-09-03,2,53,1,40.0
TXN012330,2026-09-03,2,46,3,144.0
TXN012330,2026-09-03,2,2,2,70.0
TXN012331,2026-09-03,2,48,1,24.0
TXN012331,2026-09-03,2,55,1,30.0
TXN012332,2026-09-03,2,18,2,40.0
TXN012335,2026-09-03,2,6,1,30.0
TXN012335,2026-09-03,2,52,1,50.0
TXN012336,2026-09-03,2,50,1,260.0
TXN012336,2026-09-03,2,48,1,24.0
TXN012337,2026-09-03,2,60,1,40.0
TXN012337,2026-09-03,2,10,3,135.0
TXN012337,2026-09-03,2,23,1,25.0
TXN012338,2026-09-03,2,9,1,40.0
TXN012338,2026-09-03,2,3,1,115.0
TXN012338,2026-09-03,2,23,2,50.0
TXN012338,2026-09-03,2,5,1,95.0
TXN012338,2026-09-03,2,4,1,140.0
TXN012339,2026-09-03,2,50,1,260.0
TXN012339,2026-09-03,2,51,1,180.0
TXN012339,2026-09-03,2,43,1,240.0
TXN012339,2026-09-03,2,49,1,85.0
TXN012339,2026-09-03,2,9,1,40.0
TXN012340,2026-09-03,2,29,1,95.0
TXN012341,2026-09-03,2,18,1,20.0
TXN012342,2026-09-03,2,54,1,35.0
TXN012342,2026-09-03,2,31,1,175.0
TXN012342,2026-09-03,2,19,3,330.0
TXN012342,2026-09-03,2,10,2,90.0
TXN012343,2026-09-03,2,12,1,90.0
TXN012344,2026-09-03,2,30,2,80.0
TXN012344,2026-09-03,2,42,2,1240.0
TXN012347,2026-09-03,2,11,1,35.0
TXN012348,2026-09-03,2,55,1,30.0
TXN012348,2026-09-03,2,8,2,168.0
TXN012350,2026-09-03,2,18,1,20.0
TXN012350,2026-09-03,2,13,1,60.0
TXN012350,2026-09-03,2,6,2,60.0
TXN012351,2026-09-03,2,8,1,84.0
TXN012351,2026-09-03,2,53,1,40.0
TXN012352,2026-09-03,2,45,1,135.0
TXN012352,2026-09-03,2,55,2,60.0
TXN012352,2026-09-03,2,6,1,30.0
TXN012352,2026-09-03,2,24,1,50.0
TXN012353,2026-09-03,3,42,1,620.0
TXN012353,2026-09-03,3,19,1,110.0
TXN012354,2026-09-03,3,60,1,40.0
TXN012354,2026-09-03,3,23,3,75.0
TXN012356,2026-09-03,3,53,1,40.0
TXN012357,2026-09-03,3,13,1,60.0
TXN012357,2026-09-03,3,8,2,168.0
TXN012357,2026-09-03,3,15,3,330.0
TXN012358,2026-09-03,3,48,1,24.0
TXN012358,2026-09-03,3,47,2,330.0
TXN012361,2026-09-03,3,31,1,175.0
TXN012361,2026-09-03,3,39,1,140.0
TXN012361,2026-09-03,3,46,1,48.0
TXN012361,2026-09-03,3,2,1,35.0
TXN012362,2026-09-03,3,5,1,95.0
TXN012362,2026-09-03,3,33,1,85.0
TXN012362,2026-09-03,3,22,1,30.0
TXN012362,2026-09-03,3,46,1,48.0
TXN012363,2026-09-03,3,17,1,45.0
TXN012363,2026-09-03,3,1,1,64.0
TXN012365,2026-09-03,3,48,2,48.0
TXN012365,2026-09-03,3,10,3,135.0
TXN012365,2026-09-03,3,26,1,450.0
TXN012366,2026-09-03,3,14,1,80.0
TXN012366,2026-09-03,3,23,2,50.0
TXN012366,2026-09-03,3,18,1,20.0
TXN012367,2026-09-03,3,7,1,130.0
TXN012367,2026-09-03,3,29,2,190.0
TXN012368,2026-09-03,3,54,1,35.0
TXN012368,2026-09-03,3,9,3,120.0
TXN012369,2026-09-03,3,14,1,80.0
TXN012369,2026-09-03,3,16,1,120.0
TXN012369,2026-09-03,3,35,1,145.0
TXN012370,2026-09-03,3,40,1,65.0
TXN012370,2026-09-03,3,39,1,140.0
TXN012371,2026-09-03,3,59,1,35.0
TXN012372,2026-09-03,3,14,1,80.0
TXN012372,2026-09-03,3,7,1,130.0
TXN012372,2026-09-03,3,1,2,128.0
TXN012373,2026-09-03,3,51,2,360.0
TXN012373,2026-09-03,3,8,1,84.0
TXN012373,2026-09-03,3,17,1,45.0
TXN012374,2026-09-03,3,39,1,140.0
TXN012374,2026-09-03,3,4,1,140.0
TXN012374,2026-09-03,3,51,2,360.0
TXN012376,2026-09-03,3,7,1,130.0
TXN012376,2026-09-03,3,8,1,84.0
TXN012376,2026-09-03,3,18,1,20.0
TXN012378,2026-09-03,3,54,1,35.0
TXN012378,2026-09-03,3,39,1,140.0
TXN012379,2026-09-03,3,58,3,75.0
TXN012379,2026-09-03,3,39,1,140.0
TXN012380,2026-09-03,3,40,1,65.0
TXN012381,2026-09-03,3,15,2,220.0
TXN012382,2026-09-03,3,55,1,30.0
TXN012384,2026-09-04,1,30,2,80.0
TXN012384,2026-09-04,1,45,2,270.0
TXN012385,2026-09-04,1,2,2,70.0
TXN012385,2026-09-04,1,42,3,1860.0
TXN012386,2026-09-04,1,29,1,95.0
TXN012386,2026-09-04,1,10,4,180.0
TXN012386,2026-09-04,1,3,1,115.0
TXN012386,2026-09-04,1,27,1,40.0
TXN012387,2026-09-04,1,35,2,290.0
TXN012387,2026-09-04,1,51,2,360.0
TXN012387,2026-09-04,1,33,2,170.0
TXN012388,2026-09-04,1,14,1,80.0
TXN012388,2026-09-04,1,39,1,140.0
TXN012388,2026-09-04,1,9,2,80.0
TXN012388,2026-09-04,1,1,3,192.0
TXN012389,2026-09-04,1,37,1,160.0
TXN012389,2026-09-04,1,35,1,145.0
TXN012389,2026-09-04,1,25,2,560.0
TXN012389,2026-09-04,1,23,1,25.0
TXN012389,2026-09-04,1,29,2,190.0
TXN012390,2026-09-04,1,55,1,30.0
TXN012390,2026-09-04,1,53,1,40.0
TXN012390,2026-09-04,1,41,1,90.0
TXN012390,2026-09-04,1,2,1,35.0
TXN012391,2026-09-04,1,1,1,64.0
TXN012391,2026-09-04,1,14,2,160.0
TXN012392,2026-09-04,1,42,2,1240.0
TXN012392,2026-09-04,1,4,1,140.0
TXN012392,2026-09-04,1,17,3,135.0
TXN012393,2026-09-04,1,6,1,30.0
TXN012394,2026-09-04,1,59,1,35.0
TXN012394,2026-09-04,1,1,2,128.0
TXN012394,2026-09-04,1,49,2,170.0
TXN012395,2026-09-04,1,43,1,240.0
TXN012396,2026-09-04,1,51,1,180.0
TXN012396,2026-09-04,1,12,1,90.0
TXN012396,2026-09-04,1,22,2,60.0
TXN012397,2026-09-04,1,57,1,90.0
TXN012398,2026-09-04,1,50,1,260.0
TXN012399,2026-09-04,1,48,1,24.0
TXN012399,2026-09-04,1,13,1,60.0
TXN012399,2026-09-04,1,12,3,270.0
TXN012399,2026-09-04,1,50,1,260.0
TXN012399,2026-09-04,1,23,1,25.0
TXN012400,2026-09-04,1,42,2,1240.0
TXN012400,2026-09-04,1,53,1,40.0
TXN012401,2026-09-04,1,49,1,85.0
TXN012401,2026-09-04,1,53,2,80.0
TXN012402,2026-09-04,1,46,3,144.0
TXN012402,2026-09-04,1,12,2,180.0
TXN012403,2026-09-04,1,5,1,95.0
TXN012404,2026-09-04,1,59,2,70.0
TXN012404,2026-09-04,1,37,1,160.0
TXN012404,2026-09-04,1,51,2,360.0
TXN012405,2026-09-04,1,12,1,90.0
TXN012406,2026-09-04,1,46,3,144.0
TXN012407,2026-09-04,1,21,1,310.0
TXN012408,2026-09-04,1,36,2,210.0
TXN012409,2026-09-04,1,10,3,135.0
TXN012410,2026-09-04,1,7,1,130.0
TXN012410,2026-09-04,1,4,1,140.0
TXN012410,2026-09-04,1,28,1,75.0
TXN012410,2026-09-04,1,10,4,180.0
TXN012411,2026-09-04,1,22,2,60.0
TXN012411,2026-09-04,1,39,1,140.0
TXN012412,2026-09-04,1,55,1,30.0
TXN012412,2026-09-04,1,58,2,50.0
TXN012412,2026-09-04,1,30,2,80.0
TXN012413,2026-09-04,1,52,1,50.0
TXN012413,2026-09-04,1,55,1,30.0
TXN012413,2026-09-04,1,6,2,60.0
TXN012414,2026-09-04,1,12,2,180.0
TXN012415,2026-09-04,1,21,1,310.0
TXN012415,2026-09-04,1,33,1,85.0
TXN012416,2026-09-04,1,14,1,80.0
TXN012416,2026-09-04,1,39,1,140.0
TXN012416,2026-09-04,1,55,1,30.0
TXN012416,2026-09-04,1,15,2,220.0
TXN012417,2026-09-04,1,23,1,25.0
TXN012417,2026-09-04,1,3,1,115.0
TXN012417,2026-09-04,1,9,3,120.0
TXN012417,2026-09-04,1,43,1,240.0
TXN012417,2026-09-04,1,26,1,450.0
TXN012418,2026-09-04,1,50,1,260.0
TXN012419,2026-09-04,1,39,2,280.0
TXN012419,2026-09-04,1,21,1,310.0
TXN012420,2026-09-04,1,11,1,35.0
TXN012420,2026-09-04,1,1,3,192.0
TXN012420,2026-09-04,1,4,1,140.0
TXN012422,2026-09-04,1,7,1,130.0
TXN012423,2026-09-04,1,59,1,35.0
TXN012423,2026-09-04,1,31,1,175.0
TXN012423,2026-09-04,1,30,1,40.0
TXN012424,2026-09-04,1,35,1,145.0
TXN012425,2026-09-04,1,55,2,60.0
TXN012425,2026-09-04,1,2,1,35.0
TXN012425,2026-09-04,1,23,1,25.0
TXN012425,2026-09-04,1,10,3,135.0
TXN012426,2026-09-04,1,4,1,140.0
TXN012427,2026-09-04,1,22,1,30.0
TXN012427,2026-09-04,1,52,2,100.0
TXN012428,2026-09-04,1,10,5,225.0
TXN012428,2026-09-04,1,21,1,310.0
TXN012428,2026-09-04,1,56,1,120.0
TXN012428,2026-09-04,1,30,1,40.0
TXN012428,2026-09-04,1,13,1,60.0
TXN012429,2026-09-04,1,54,1,35.0
TXN012430,2026-09-04,1,41,1,90.0
TXN012430,2026-09-04,1,15,2,220.0
TXN012430,2026-09-04,1,13,1,60.0
TXN012432,2026-09-04,2,35,2,290.0
TXN012432,2026-09-04,2,47,1,165.0
TXN012432,2026-09-04,2,24,1,50.0
TXN012432,2026-09-04,2,43,1,240.0
TXN012433,2026-09-04,2,13,1,60.0
TXN012434,2026-09-04,2,5,1,95.0
TXN012434,2026-09-04,2,2,1,35.0
TXN012434,2026-09-04,2,9,1,40.0
TXN012435,2026-09-04,2,53,1,40.0
TXN012436,2026-09-04,2,7,1,130.0
TXN012437,2026-09-04,2,12,2,180.0
TXN012437,2026-09-04,2,52,2,100.0
TXN012438,2026-09-04,2,23,2,50.0
TXN012438,2026-09-04,2,11,1,35.0
TXN012439,2026-09-04,2,39,1,140.0
TXN012439,2026-09-04,2,60,1,40.0
TXN012439,2026-09-04,2,33,1,85.0
TXN012440,2026-09-04,2,1,2,128.0
TXN012441,2026-09-04,2,12,1,90.0
TXN012441,2026-09-04,2,9,2,80.0
TXN012441,2026-09-04,2,21,2,620.0
TXN012441,2026-09-04,2,53,1,40.0
TXN012442,2026-09-04,2,30,1,40.0
TXN012443,2026-09-04,2,60,1,40.0
TXN012443,2026-09-04,2,12,1,90.0
TXN012443,2026-09-04,2,55,2,60.0
TXN012444,2026-09-04,2,30,1,40.0
TXN012444,2026-09-04,2,47,1,165.0
TXN012444,2026-09-04,2,49,1,85.0
TXN012445,2026-09-04,2,25,1,280.0
TXN012445,2026-09-04,2,58,1,25.0
TXN012445,2026-09-04,2,21,2,620.0
TXN012445,2026-09-04,2,9,2,80.0
TXN012445,2026-09-04,2,31,1,175.0
TXN012448,2026-09-04,2,11,1,35.0
TXN012448,2026-09-04,2,9,2,80.0
TXN012448,2026-09-04,2,53,1,40.0
TXN012450,2026-09-04,2,17,1,45.0
TXN012450,2026-09-04,2,18,2,40.0
TXN012452,2026-09-04,2,53,1,40.0
TXN012453,2026-09-04,2,43,1,240.0
TXN012453,2026-09-04,2,19,1,110.0
TXN012453,2026-09-04,2,39,1,140.0
TXN012453,2026-09-04,2,31,1,175.0
TXN012454,2026-09-04,2,19,1,110.0
TXN012456,2026-09-04,2,18,2,40.0
TXN012456,2026-09-04,2,21,1,310.0
TXN012457,2026-09-04,2,9,3,120.0
TXN012457,2026-09-04,2,4,1,140.0
TXN012457,2026-09-04,2,43,1,240.0
TXN012458,2026-09-04,2,22,1,30.0
TXN012458,2026-09-04,2,33,1,85.0
TXN012458,2026-09-04,2,41,2,180.0
TXN012458,2026-09-04,2,53,2,80.0
TXN012460,2026-09-04,2,10,3,135.0
TXN012461,2026-09-04,2,12,1,90.0
TXN012461,2026-09-04,2,52,1,50.0
TXN012461,2026-09-04,2,10,3,135.0
TXN012461,2026-09-04,2,1,1,64.0
TXN012461,2026-09-04,2,21,1,310.0
TXN012462,2026-09-04,2,36,2,210.0
TXN012462,2026-09-04,2,8,2,168.0
TXN012463,2026-09-04,2,21,1,310.0
TXN012463,2026-09-04,2,53,2,80.0
TXN012463,2026-09-04,2,29,1,95.0
TXN012463,2026-09-04,2,60,1,40.0
TXN012463,2026-09-04,2,56,1,120.0
TXN012464,2026-09-04,2,10,2,90.0
TXN012464,2026-09-04,2,8,2,168.0
TXN012464,2026-09-04,2,27,1,40.0
TXN012464,2026-09-04,2,12,1,90.0
TXN012465,2026-09-04,3,4,1,140.0
TXN012466,2026-09-04,3,12,1,90.0
TXN012466,2026-09-04,3,39,2,280.0
TXN012467,2026-09-04,3,42,1,620.0
TXN012467,2026-09-04,3,40,1,65.0
TXN012468,2026-09-04,3,12,1,90.0
TXN012468,2026-09-04,3,5,1,95.0
TXN012468,2026-09-04,3,23,2,50.0
TXN012468,2026-09-04,3,22,2,60.0
TXN012469,2026-09-04,3,60,2,80.0
TXN012469,2026-09-04,3,7,1,130.0
TXN012470,2026-09-04,3,51,1,180.0
TXN012470,2026-09-04,3,8,1,84.0
TXN012470,2026-09-04,3,43,2,480.0
TXN012471,2026-09-04,3,28,1,75.0
TXN012472,2026-09-04,3,48,1,24.0
TXN012472,2026-09-04,3,54,1,35.0
TXN012472,2026-09-04,3,10,2,90.0
TXN012473,2026-09-04,3,5,1,95.0
TXN012474,2026-09-04,3,56,1,120.0
TXN012474,2026-09-04,3,1,1,64.0
TXN012475,2026-09-04,3,52,2,100.0
TXN012475,2026-09-04,3,1,2,128.0
TXN012475,2026-09-04,3,27,1,40.0
TXN012475,2026-09-04,3,6,1,30.0
TXN012476,2026-09-04,3,56,1,120.0
TXN012476,2026-09-04,3,52,2,100.0
TXN012476,2026-09-04,3,21,1,310.0
TXN012477,2026-09-04,3,52,1,50.0
TXN012477,2026-09-04,3,17,2,90.0
TXN012478,2026-09-04,3,30,1,40.0
TXN012479,2026-09-04,3,7,1,130.0
TXN012479,2026-09-04,3,52,2,100.0
TXN012479,2026-09-04,3,51,1,180.0
TXN012480,2026-09-04,3,56,1,120.0
TXN012481,2026-09-04,3,60,2,80.0
TXN012481,2026-09-04,3,46,1,48.0
TXN012481,2026-09-04,3,33,1,85.0
TXN012482,2026-09-04,3,50,1,260.0
TXN012483,2026-09-04,3,50,1,260.0
TXN012483,2026-09-04,3,31,1,175.0
TXN012485,2026-09-04,3,16,1,120.0
TXN012486,2026-09-04,3,7,1,130.0
TXN012486,2026-09-04,3,19,1,110.0
TXN012486,2026-09-04,3,9,1,40.0
TXN012486,2026-09-04,3,41,1,90.0
TXN012487,2026-09-04,3,19,1,110.0
TXN012487,2026-09-04,3,1,1,64.0
TXN012487,2026-09-04,3,57,1,90.0
TXN012487,2026-09-04,3,31,1,175.0
TXN012488,2026-09-04,3,8,1,84.0
TXN012489,2026-09-04,3,60,1,40.0
TXN012489,2026-09-04,3,15,2,220.0
TXN012490,2026-09-04,3,57,1,90.0
TXN012491,2026-09-04,3,45,1,135.0
TXN012491,2026-09-04,3,10,2,90.0
TXN012493,2026-09-04,3,32,1,120.0
TXN012493,2026-09-04,3,56,1,120.0
TXN012493,2026-09-04,3,27,2,80.0
TXN012494,2026-09-04,3,35,1,145.0
TXN012494,2026-09-04,3,9,2,80.0
TXN012494,2026-09-04,3,26,1,450.0
